Customer_ID,Customer_Name,Customer_Type,Country,City,Signup_Date
CUST00001,Customer_00001,Small Business,USA,Seattle,2025-01-27
CUST00002,Customer_00002,Small Business,Singapore,Singapore,2025-02-01
CUST00003,Customer_00003,Small Business,Canada,Montreal,2026-01-09
CUST00004,Customer_00004,Small Business,UK,Birmingham,2024-02-28
CUST00005,Customer_00005,Individual,India,Delhi,2024-03-04
CUST00006,Customer_00006,Individual,India,Bangalore,2023-07-23
CUST00007,Customer_00007,Individual,India,Bangalore,2023-07-15
CUST00008,Customer_00008,Enterprise,Germany,Berlin,2024-12-28
CUST00009,Customer_00009,Individual,UK,London,2023-10-12
CUST00010,Customer_00010,Small Business,Canada,Vancouver,2023-07-15
CUST00011,Customer_00011,Small Business,India,Delhi,2023-11-03
CUST00012,Customer_00012,Small Business,Singapore,Singapore,2023-01-14
CUST00013,Customer_00013,Small Business,Australia,Sydney,2026-03-15
CUST00014,Customer_00014,Individual,India,Hyderabad,2025-12-16
CUST00015,Customer_00015,Small Business,India,Delhi,2024-12-23
CUST00016,Customer_00016,Small Business,India,Mumbai,2025-02-18
CUST00017,Customer_00017,Individual,India,Delhi,2026-05-18
CUST00018,Customer_00018,Individual,USA,Chicago,2024-06-12
CUST00019,Customer_00019,Small Business,USA,Chicago,2025-03-08
CUST00020,Customer_00020,Small Business,India,Mumbai,2023-12-10
CUST00021,Customer_00021,Individual,UK,London,2023-07-28
CUST00022,Customer_00022,Small Business,India,Hyderabad,2024-10-02
CUST00023,Customer_00023,Small Business,India,Delhi,2023-09-09
CUST00024,Customer_00024,Individual,USA,Chicago,2023-09-28
CUST00025,Customer_00025,Enterprise,USA,New York,2025-07-08
CUST00026,Customer_00026,Small Business,Australia,Brisbane,2024-02-23
CUST00027,Customer_00027,Small Business,India,Bangalore,2025-03-05
CUST00028,Customer_00028,Small Business,USA,Austin,2026-05-19
CUST00029,Customer_00029,Individual,UK,Birmingham,2026-01-04
CUST00030,Customer_00030,Individual,India,Hyderabad,2024-12-25
CUST00031,Customer_00031,Individual,UK,Manchester,2024-03-08
CUST00032,Customer_00032,Individual,India,Bangalore,2023-04-19
CUST00033,Customer_00033,Individual,India,Delhi,2024-10-02
CUST00034,Customer_00034,Enterprise,Singapore,Singapore,2025-12-06
CUST00035,Customer_00035,Small Business,Singapore,Singapore,2024-01-14
CUST00036,Customer_00036,Small Business,Australia,Melbourne,2026-01-24
CUST00037,Customer_00037,Enterprise,India,Chennai,2025-08-15
CUST00038,Customer_00038,Small Business,India,Hyderabad,2023-04-13
CUST00039,Customer_00039,Individual,Canada,Vancouver,2025-06-10
CUST00040,Customer_00040,Individual,USA,Boston,2025-05-03
CUST00041,Customer_00041,Small Business,India,Bangalore,2026-03-15
CUST00042,Customer_00042,Small Business,USA,Boston,2025-11-16
CUST00043,Customer_00043,Individual,India,Mumbai,2024-06-13
CUST00044,Customer_00044,Small Business,Germany,Hamburg,2024-11-09
CUST00045,Customer_00045,Individual,India,Bangalore,2025-09-15
CUST00046,Customer_00046,Small Business,UK,London,2026-01-10
CUST00047,Customer_00047,Small Business,India,Chennai,2024-03-03
CUST00048,Customer_00048,Small Business,USA,Austin,2025-04-01
CUST00049,Customer_00049,Enterprise,USA,Austin,2026-03-31
CUST00050,Customer_00050,Small Business,India,Chennai,2025-07-20
CUST00051,Customer_00051,Enterprise,Singapore,Singapore,2025-11-27
CUST00052,Customer_00052,Enterprise,Australia,Sydney,2024-05-25
CUST00053,Customer_00053,Small Business,Singapore,Singapore,2024-01-28
CUST00054,Customer_00054,Small Business,Germany,Berlin,2024-12-13
CUST00055,Customer_00055,Individual,UK,London,2024-05-08
CUST00056,Customer_00056,Individual,Germany,Berlin,2026-05-08
CUST00057,Customer_00057,Small Business,India,Chennai,2026-04-17
CUST00058,Customer_00058,Individual,India,Bangalore,2024-06-30
CUST00059,Customer_00059,Individual,India,Hyderabad,2024-08-16
CUST00060,Customer_00060,Enterprise,India,Delhi,2024-01-24
CUST00061,Customer_00061,Enterprise,USA,Chicago,2023-06-07
CUST00062,Customer_00062,Small Business,India,Chennai,2025-10-24
CUST00063,Customer_00063,Individual,Australia,Brisbane,2023-06-16
CUST00064,Customer_00064,Individual,USA,New York,2025-08-17
CUST00065,Customer_00065,Individual,India,Chennai,2024-02-13
CUST00066,Customer_00066,Individual,USA,Boston,2026-05-12
CUST00067,Customer_00067,Individual,India,Hyderabad,2023-07-13
CUST00068,Customer_00068,Individual,Australia,Melbourne,2023-08-23
CUST00069,Customer_00069,Enterprise,India,Delhi,2024-12-18
CUST00070,Customer_00070,Small Business,Singapore,Singapore,2026-03-19
CUST00071,Customer_00071,Individual,Australia,Melbourne,2026-03-28
CUST00072,Customer_00072,Individual,India,Mumbai,2025-03-26
CUST00073,Customer_00073,Small Business,India,Chennai,2024-02-08
CUST00074,Customer_00074,Individual,Australia,Brisbane,2025-06-11
CUST00075,Customer_00075,Enterprise,Canada,Vancouver,2024-11-08
CUST00076,Customer_00076,Individual,Canada,Toronto,2023-03-09
CUST00077,Customer_00077,Individual,Australia,Sydney,2023-03-29
CUST00078,Customer_00078,Individual,India,Bangalore,2023-08-05
CUST00079,Customer_00079,Individual,USA,Chicago,2023-01-01
CUST00080,Customer_00080,Small Business,India,Chennai,2026-03-04
CUST00081,Customer_00081,Small Business,Germany,Munich,2023-05-20
CUST00082,Customer_00082,Small Business,UK,London,2024-09-09
CUST00083,Customer_00083,Individual,India,Hyderabad,2023-05-13
CUST00084,Customer_00084,Small Business,India,Bangalore,2023-06-27
CUST00085,Customer_00085,Small Business,India,Chennai,2025-03-20
CUST00086,Customer_00086,Enterprise,India,Bangalore,2024-01-15
CUST00087,Customer_00087,Individual,Canada,Vancouver,2025-06-26
CUST00088,Customer_00088,Individual,UK,Manchester,2024-10-19
CUST00089,Customer_00089,Small Business,Germany,Hamburg,2024-03-25
CUST00090,Customer_00090,Small Business,USA,Boston,2024-08-08
CUST00091,Customer_00091,Individual,India,Delhi,2024-04-07
CUST00092,Customer_00092,Individual,Canada,Montreal,2025-09-16
CUST00093,Customer_00093,Individual,Canada,Vancouver,2026-02-05
CUST00094,Customer_00094,Enterprise,UK,Birmingham,2023-05-02
CUST00095,Customer_00095,Individual,Australia,Melbourne,2023-01-17
CUST00096,Customer_00096,Enterprise,USA,Austin,2026-05-04
CUST00097,Customer_00097,Small Business,USA,Austin,2023-11-23
CUST00098,Customer_00098,Enterprise,USA,New York,2023-11-14
CUST00099,Customer_00099,Small Business,India,Hyderabad,2025-03-19
CUST00100,Customer_00100,Individual,India,Delhi,2026-06-29
CUST00101,Customer_00101,Enterprise,India,Bangalore,2024-05-17
CUST00102,Customer_00102,Individual,UK,Birmingham,2023-04-29
CUST00103,Customer_00103,Enterprise,India,Delhi,2024-12-10
CUST00104,Customer_00104,Small Business,USA,Seattle,2023-02-14
CUST00105,Customer_00105,Individual,Germany,Munich,2023-11-10
CUST00106,Customer_00106,Small Business,India,Hyderabad,2026-04-17
CUST00107,Customer_00107,Enterprise,USA,Seattle,2024-02-22
CUST00108,Customer_00108,Individual,Canada,Vancouver,2024-07-09
CUST00109,Customer_00109,Small Business,India,Mumbai,2026-01-06
CUST00110,Customer_00110,Small Business,India,Hyderabad,2023-11-22
CUST00111,Customer_00111,Small Business,India,Chennai,2024-05-29
CUST00112,Customer_00112,Individual,India,Bangalore,2023-08-02
CUST00113,Customer_00113,Individual,Germany,Munich,2023-03-15
CUST00114,Customer_00114,Individual,Australia,Sydney,2024-05-23
CUST00115,Customer_00115,Small Business,UK,Birmingham,2023-11-28
CUST00116,Customer_00116,Individual,Germany,Munich,2026-01-21
CUST00117,Customer_00117,Enterprise,Australia,Sydney,2024-11-18
CUST00118,Customer_00118,Individual,India,Mumbai,2024-10-18
CUST00119,Customer_00119,Small Business,Germany,Berlin,2025-10-24
CUST00120,Customer_00120,Individual,USA,Chicago,2026-03-07
CUST00121,Customer_00121,Individual,Australia,Brisbane,2026-06-08
CUST00122,Customer_00122,Individual,Germany,Munich,2024-08-22
CUST00123,Customer_00123,Individual,India,Delhi,2025-12-11
CUST00124,Customer_00124,Small Business,India,Chennai,2023-11-21
CUST00125,Customer_00125,Enterprise,India,Mumbai,2025-09-18
CUST00126,Customer_00126,Small Business,USA,Chicago,2024-12-17
CUST00127,Customer_00127,Enterprise,Australia,Brisbane,2024-12-23
CUST00128,Customer_00128,Enterprise,Germany,Hamburg,2023-10-04
CUST00129,Customer_00129,Small Business,India,Hyderabad,2024-06-19
CUST00130,Customer_00130,Small Business,USA,Austin,2023-06-01
CUST00131,Customer_00131,Small Business,USA,Austin,2025-08-12
CUST00132,Customer_00132,Individual,India,Delhi,2023-09-16
CUST00133,Customer_00133,Small Business,India,Bangalore,2023-11-20
CUST00134,Customer_00134,Individual,India,Delhi,2025-10-13
CUST00135,Customer_00135,Small Business,Singapore,Singapore,2025-05-18
CUST00136,Customer_00136,Small Business,India,Delhi,2026-04-06
CUST00137,Customer_00137,Individual,USA,New York,2024-11-18
CUST00138,Customer_00138,Individual,Canada,Toronto,2023-11-06
CUST00139,Customer_00139,Enterprise,USA,Boston,2025-03-13
CUST00140,Customer_00140,Small Business,Singapore,Singapore,2025-12-15
CUST00141,Customer_00141,Individual,Singapore,Singapore,2024-09-11
CUST00142,Customer_00142,Small Business,India,Chennai,2024-04-17
CUST00143,Customer_00143,Small Business,USA,Chicago,2024-04-05
CUST00144,Customer_00144,Small Business,India,Bangalore,2025-03-24
CUST00145,Customer_00145,Enterprise,India,Delhi,2025-04-25
CUST00146,Customer_00146,Small Business,India,Delhi,2026-03-10
CUST00147,Customer_00147,Individual,UK,Manchester,2024-10-28
CUST00148,Customer_00148,Small Business,USA,Seattle,2023-09-19
CUST00149,Customer_00149,Enterprise,India,Bangalore,2026-06-18
CUST00150,Customer_00150,Individual,India,Mumbai,2023-12-21
CUST00151,Customer_00151,Individual,Germany,Berlin,2025-02-08
CUST00152,Customer_00152,Individual,India,Mumbai,2023-06-29
CUST00153,Customer_00153,Small Business,India,Mumbai,2023-03-07
CUST00154,Customer_00154,Small Business,USA,Chicago,2025-03-30
CUST00155,Customer_00155,Small Business,Singapore,Singapore,2023-06-20
CUST00156,Customer_00156,Enterprise,India,Mumbai,2024-04-18
CUST00157,Customer_00157,Small Business,Canada,Vancouver,2024-06-17
CUST00158,Customer_00158,Individual,Canada,Toronto,2026-02-04
CUST00159,Customer_00159,Individual,India,Delhi,2024-03-14
CUST00160,Customer_00160,Individual,Canada,Toronto,2025-04-14
CUST00161,Customer_00161,Individual,USA,Boston,2023-08-15
CUST00162,Customer_00162,Small Business,UK,Birmingham,2024-03-17
CUST00163,Customer_00163,Enterprise,UK,London,2024-01-31
CUST00164,Customer_00164,Individual,USA,Seattle,2024-12-28
CUST00165,Customer_00165,Small Business,India,Mumbai,2023-03-25
CUST00166,Customer_00166,Small Business,Australia,Sydney,2025-11-02
CUST00167,Customer_00167,Individual,India,Delhi,2024-11-23
CUST00168,Customer_00168,Individual,India,Mumbai,2024-05-07
CUST00169,Customer_00169,Individual,India,Chennai,2026-02-17
CUST00170,Customer_00170,Individual,UK,Birmingham,2025-08-27
CUST00171,Customer_00171,Enterprise,Canada,Toronto,2023-12-19
CUST00172,Customer_00172,Individual,India,Hyderabad,2025-12-16
CUST00173,Customer_00173,Individual,USA,Boston,2023-02-09
CUST00174,Customer_00174,Small Business,India,Hyderabad,2024-10-01
CUST00175,Customer_00175,Enterprise,UK,Manchester,2023-06-22
CUST00176,Customer_00176,Individual,India,Delhi,2023-09-16
CUST00177,Customer_00177,Individual,Canada,Vancouver,2024-05-31
CUST00178,Customer_00178,Individual,USA,Chicago,2024-12-30
CUST00179,Customer_00179,Individual,Singapore,Singapore,2024-06-06
CUST00180,Customer_00180,Individual,India,Mumbai,2025-04-18
CUST00181,Customer_00181,Small Business,India,Mumbai,2023-04-27
CUST00182,Customer_00182,Individual,India,Hyderabad,2023-07-03
CUST00183,Customer_00183,Individual,Germany,Berlin,2026-02-13
CUST00184,Customer_00184,Small Business,Germany,Hamburg,2023-06-11
CUST00185,Customer_00185,Individual,India,Chennai,2024-06-26
CUST00186,Customer_00186,Individual,UK,London,2026-06-14
CUST00187,Customer_00187,Individual,Australia,Melbourne,2025-04-18
CUST00188,Customer_00188,Enterprise,UK,Manchester,2025-12-25
CUST00189,Customer_00189,Individual,USA,Boston,2025-12-29
CUST00190,Customer_00190,Enterprise,India,Mumbai,2024-03-22
CUST00191,Customer_00191,Small Business,India,Hyderabad,2024-02-20
CUST00192,Customer_00192,Individual,Germany,Berlin,2024-06-15
CUST00193,Customer_00193,Enterprise,Germany,Berlin,2024-03-16
CUST00194,Customer_00194,Individual,UK,Manchester,2025-01-07
CUST00195,Customer_00195,Individual,India,Bangalore,2024-04-08
CUST00196,Customer_00196,Small Business,India,Mumbai,2024-01-31
CUST00197,Customer_00197,Small Business,Canada,Toronto,2024-12-11
CUST00198,Customer_00198,Small Business,Germany,Hamburg,2024-01-30
CUST00199,Customer_00199,Individual,Germany,Munich,2023-11-22
CUST00200,Customer_00200,Individual,Australia,Brisbane,2026-01-19
CUST00201,Customer_00201,Small Business,UK,London,2025-01-19
CUST00202,Customer_00202,Individual,India,Hyderabad,2025-12-29
CUST00203,Customer_00203,Individual,India,Bangalore,2026-04-04
CUST00204,Customer_00204,Individual,Germany,Munich,2024-10-03
CUST00205,Customer_00205,Individual,UK,Birmingham,2023-08-02
CUST00206,Customer_00206,Enterprise,India,Delhi,2024-01-04
CUST00207,Customer_00207,Individual,India,Delhi,2023-02-18
CUST00208,Customer_00208,Enterprise,UK,Manchester,2025-12-11
CUST00209,Customer_00209,Individual,India,Bangalore,2026-06-16
CUST00210,Customer_00210,Small Business,India,Hyderabad,2023-05-13
CUST00211,Customer_00211,Individual,USA,Seattle,2025-09-25
CUST00212,Customer_00212,Individual,Canada,Vancouver,2025-02-24
CUST00213,Customer_00213,Individual,UK,Manchester,2026-04-04
CUST00214,Customer_00214,Individual,India,Chennai,2024-01-08
CUST00215,Customer_00215,Small Business,Canada,Toronto,2024-04-23
CUST00216,Customer_00216,Enterprise,India,Mumbai,2025-04-11
CUST00217,Customer_00217,Small Business,India,Delhi,2024-10-11
CUST00218,Customer_00218,Individual,Canada,Vancouver,2024-11-12
CUST00219,Customer_00219,Individual,UK,London,2024-11-18
CUST00220,Customer_00220,Individual,Australia,Brisbane,2023-03-23
CUST00221,Customer_00221,Small Business,UK,Birmingham,2023-03-28
CUST00222,Customer_00222,Small Business,UK,Manchester,2023-08-13
CUST00223,Customer_00223,Enterprise,India,Bangalore,2023-01-16
CUST00224,Customer_00224,Individual,USA,Austin,2025-04-01
CUST00225,Customer_00225,Small Business,India,Chennai,2023-06-12
CUST00226,Customer_00226,Individual,India,Chennai,2024-05-28
CUST00227,Customer_00227,Small Business,Singapore,Singapore,2023-12-16
CUST00228,Customer_00228,Small Business,USA,Boston,2024-11-11
CUST00229,Customer_00229,Small Business,Germany,Hamburg,2026-01-20
CUST00230,Customer_00230,Small Business,UK,Manchester,2023-06-30
CUST00231,Customer_00231,Individual,Australia,Brisbane,2025-01-12
CUST00232,Customer_00232,Small Business,USA,Austin,2024-10-21
CUST00233,Customer_00233,Individual,UK,Birmingham,2026-04-27
CUST00234,Customer_00234,Small Business,USA,New York,2024-05-07
CUST00235,Customer_00235,Individual,India,Delhi,2025-07-11
CUST00236,Customer_00236,Small Business,Canada,Toronto,2023-05-08
CUST00237,Customer_00237,Enterprise,India,Bangalore,2024-07-18
CUST00238,Customer_00238,Enterprise,India,Bangalore,2026-04-25
CUST00239,Customer_00239,Small Business,UK,Birmingham,2024-07-03
CUST00240,Customer_00240,Small Business,India,Delhi,2024-03-28
CUST00241,Customer_00241,Small Business,Singapore,Singapore,2024-04-15
CUST00242,Customer_00242,Small Business,Singapore,Singapore,2025-09-14
CUST00243,Customer_00243,Enterprise,Germany,Hamburg,2025-01-07
CUST00244,Customer_00244,Individual,USA,New York,2023-08-12
CUST00245,Customer_00245,Enterprise,India,Delhi,2023-06-03
CUST00246,Customer_00246,Enterprise,Germany,Berlin,2024-07-13
CUST00247,Customer_00247,Small Business,USA,Austin,2023-12-17
CUST00248,Customer_00248,Individual,Singapore,Singapore,2026-03-16
CUST00249,Customer_00249,Individual,Singapore,Singapore,2023-12-15
CUST00250,Customer_00250,Enterprise,Germany,Munich,2023-07-01
CUST00251,Customer_00251,Individual,India,Chennai,2024-09-28
CUST00252,Customer_00252,Enterprise,USA,Boston,2025-10-14
CUST00253,Customer_00253,Individual,Germany,Hamburg,2023-06-28
CUST00254,Customer_00254,Individual,India,Chennai,2025-11-28
CUST00255,Customer_00255,Enterprise,India,Hyderabad,2025-02-10
CUST00256,Customer_00256,Small Business,UK,London,2025-06-12
CUST00257,Customer_00257,Small Business,Singapore,Singapore,2025-10-23
CUST00258,Customer_00258,Small Business,Canada,Vancouver,2025-10-12
CUST00259,Customer_00259,Individual,UK,Manchester,2023-03-05
CUST00260,Customer_00260,Small Business,India,Delhi,2023-01-29
CUST00261,Customer_00261,Individual,UK,London,2024-01-07
CUST00262,Customer_00262,Enterprise,Singapore,Singapore,2023-04-07
CUST00263,Customer_00263,Enterprise,India,Chennai,2026-05-11
CUST00264,Customer_00264,Individual,USA,Austin,2025-09-19
CUST00265,Customer_00265,Small Business,Germany,Berlin,2023-01-21
CUST00266,Customer_00266,Small Business,Canada,Montreal,2025-01-04
CUST00267,Customer_00267,Individual,Canada,Vancouver,2026-01-30
CUST00268,Customer_00268,Enterprise,Canada,Montreal,2025-12-05
CUST00269,Customer_00269,Individual,USA,New York,2023-03-07
CUST00270,Customer_00270,Individual,India,Mumbai,2024-08-25
CUST00271,Customer_00271,Small Business,Australia,Brisbane,2026-04-02
CUST00272,Customer_00272,Small Business,Australia,Brisbane,2026-02-08
CUST00273,Customer_00273,Small Business,Germany,Hamburg,2023-12-04
CUST00274,Customer_00274,Small Business,Germany,Hamburg,2023-05-03
CUST00275,Customer_00275,Small Business,USA,Chicago,2024-03-22
CUST00276,Customer_00276,Small Business,USA,Seattle,2024-09-02
CUST00277,Customer_00277,Individual,Australia,Sydney,2024-11-01
CUST00278,Customer_00278,Individual,UK,Manchester,2024-09-06
CUST00279,Customer_00279,Individual,Canada,Montreal,2025-06-15
CUST00280,Customer_00280,Individual,Australia,Brisbane,2023-10-08
CUST00281,Customer_00281,Small Business,Germany,Munich,2025-12-02
CUST00282,Customer_00282,Individual,India,Mumbai,2024-08-18
CUST00283,Customer_00283,Individual,USA,Seattle,2024-12-03
CUST00284,Customer_00284,Individual,India,Chennai,2025-12-10
CUST00285,Customer_00285,Enterprise,UK,London,2023-07-29
CUST00286,Customer_00286,Enterprise,India,Bangalore,2023-05-06
CUST00287,Customer_00287,Small Business,USA,New York,2024-05-06
CUST00288,Customer_00288,Enterprise,USA,Austin,2025-08-17
CUST00289,Customer_00289,Small Business,India,Mumbai,2025-08-27
CUST00290,Customer_00290,Small Business,UK,Birmingham,2024-08-03
CUST00291,Customer_00291,Individual,India,Bangalore,2025-02-15
CUST00292,Customer_00292,Small Business,India,Mumbai,2023-09-15
CUST00293,Customer_00293,Small Business,Australia,Sydney,2026-04-26
CUST00294,Customer_00294,Small Business,USA,Seattle,2023-08-18
CUST00295,Customer_00295,Small Business,India,Delhi,2023-07-08
CUST00296,Customer_00296,Small Business,USA,Boston,2023-01-10
CUST00297,Customer_00297,Small Business,Canada,Montreal,2026-02-11
CUST00298,Customer_00298,Enterprise,India,Chennai,2026-01-04
CUST00299,Customer_00299,Individual,UK,Birmingham,2024-11-06
CUST00300,Customer_00300,Small Business,India,Delhi,2024-05-16
CUST00301,Customer_00301,Individual,India,Chennai,2023-03-26
CUST00302,Customer_00302,Small Business,USA,Seattle,2023-02-18
CUST00303,Customer_00303,Small Business,USA,Austin,2025-04-17
CUST00304,Customer_00304,Individual,UK,Birmingham,2025-10-04
CUST00305,Customer_00305,Small Business,Canada,Vancouver,2024-11-19
CUST00306,Customer_00306,Individual,Singapore,Singapore,2024-01-22
CUST00307,Customer_00307,Small Business,USA,Boston,2025-08-27
CUST00308,Customer_00308,Individual,India,Hyderabad,2025-10-02
CUST00309,Customer_00309,Small Business,Australia,Sydney,2023-08-06
CUST00310,Customer_00310,Individual,India,Chennai,2025-10-01
CUST00311,Customer_00311,Small Business,USA,New York,2026-06-07
CUST00312,Customer_00312,Individual,India,Delhi,2023-09-12
CUST00313,Customer_00313,Enterprise,India,Chennai,2023-08-24
CUST00314,Customer_00314,Enterprise,Singapore,Singapore,2025-11-15
CUST00315,Customer_00315,Enterprise,Australia,Melbourne,2023-09-28
CUST00316,Customer_00316,Small Business,Canada,Montreal,2023-05-03
CUST00317,Customer_00317,Small Business,USA,Boston,2024-10-17
CUST00318,Customer_00318,Individual,India,Mumbai,2023-09-16
CUST00319,Customer_00319,Individual,India,Chennai,2025-08-05
CUST00320,Customer_00320,Individual,India,Mumbai,2023-02-16
CUST00321,Customer_00321,Small Business,USA,New York,2025-05-12
CUST00322,Customer_00322,Enterprise,Canada,Montreal,2024-06-08
CUST00323,Customer_00323,Individual,UK,Manchester,2025-06-06
CUST00324,Customer_00324,Enterprise,India,Chennai,2023-07-27
CUST00325,Customer_00325,Small Business,Singapore,Singapore,2025-01-16
CUST00326,Customer_00326,Small Business,Canada,Toronto,2023-05-29
CUST00327,Customer_00327,Individual,UK,Manchester,2024-03-13
CUST00328,Customer_00328,Individual,UK,Manchester,2023-06-04
CUST00329,Customer_00329,Small Business,USA,New York,2026-01-18
CUST00330,Customer_00330,Small Business,India,Hyderabad,2023-12-24
CUST00331,Customer_00331,Individual,USA,New York,2026-04-12
CUST00332,Customer_00332,Small Business,Canada,Vancouver,2026-05-25
CUST00333,Customer_00333,Enterprise,India,Delhi,2024-03-31
CUST00334,Customer_00334,Small Business,India,Mumbai,2025-02-14
CUST00335,Customer_00335,Enterprise,India,Mumbai,2024-09-20
CUST00336,Customer_00336,Individual,India,Bangalore,2026-05-07
CUST00337,Customer_00337,Individual,Germany,Berlin,2025-04-11
CUST00338,Customer_00338,Small Business,Canada,Montreal,2024-04-30
CUST00339,Customer_00339,Individual,USA,Boston,2024-06-16
CUST00340,Customer_00340,Individual,India,Hyderabad,2023-07-19
CUST00341,Customer_00341,Individual,USA,Seattle,2024-01-06
CUST00342,Customer_00342,Individual,USA,Boston,2025-10-10
CUST00343,Customer_00343,Individual,India,Mumbai,2025-05-02
CUST00344,Customer_00344,Individual,USA,Seattle,2023-09-05
CUST00345,Customer_00345,Individual,USA,New York,2025-02-26
CUST00346,Customer_00346,Individual,UK,London,2023-09-21
CUST00347,Customer_00347,Small Business,UK,London,2025-12-17
CUST00348,Customer_00348,Small Business,India,Chennai,2023-01-31
CUST00349,Customer_00349,Small Business,USA,Boston,2026-06-26
CUST00350,Customer_00350,Individual,UK,London,2024-08-27
CUST00351,Customer_00351,Individual,USA,Seattle,2024-05-16
CUST00352,Customer_00352,Small Business,Germany,Hamburg,2026-01-12
CUST00353,Customer_00353,Small Business,UK,London,2025-06-04
CUST00354,Customer_00354,Small Business,India,Bangalore,2024-07-02
CUST00355,Customer_00355,Individual,India,Chennai,2025-04-18
CUST00356,Customer_00356,Enterprise,UK,London,2026-01-21
CUST00357,Customer_00357,Individual,India,Delhi,2025-04-27
CUST00358,Customer_00358,Individual,UK,Manchester,2024-09-05
CUST00359,Customer_00359,Small Business,Singapore,Singapore,2024-02-16
CUST00360,Customer_00360,Small Business,UK,Manchester,2024-03-07
CUST00361,Customer_00361,Individual,USA,New York,2024-11-08
CUST00362,Customer_00362,Individual,UK,Birmingham,2023-06-08
CUST00363,Customer_00363,Small Business,USA,Chicago,2023-01-14
CUST00364,Customer_00364,Individual,USA,Seattle,2024-01-08
CUST00365,Customer_00365,Individual,Singapore,Singapore,2023-08-13
CUST00366,Customer_00366,Individual,USA,Boston,2026-01-01
CUST00367,Customer_00367,Small Business,Singapore,Singapore,2026-06-26
CUST00368,Customer_00368,Individual,Germany,Munich,2024-05-25
CUST00369,Customer_00369,Enterprise,India,Hyderabad,2024-08-25
CUST00370,Customer_00370,Small Business,India,Mumbai,2023-08-04
CUST00371,Customer_00371,Enterprise,India,Delhi,2025-09-14
CUST00372,Customer_00372,Enterprise,India,Chennai,2026-05-28
CUST00373,Customer_00373,Individual,India,Hyderabad,2025-04-19
CUST00374,Customer_00374,Individual,Canada,Montreal,2024-12-27
CUST00375,Customer_00375,Individual,India,Delhi,2026-05-29
CUST00376,Customer_00376,Individual,India,Delhi,2024-07-07
CUST00377,Customer_00377,Small Business,Australia,Melbourne,2025-12-01
CUST00378,Customer_00378,Individual,India,Delhi,2024-11-06
CUST00379,Customer_00379,Individual,Australia,Sydney,2025-05-22
CUST00380,Customer_00380,Individual,India,Mumbai,2023-10-10
CUST00381,Customer_00381,Enterprise,India,Delhi,2025-12-17
CUST00382,Customer_00382,Individual,Canada,Vancouver,2025-04-13
CUST00383,Customer_00383,Individual,UK,Manchester,2024-06-20
CUST00384,Customer_00384,Individual,Germany,Hamburg,2026-01-01
CUST00385,Customer_00385,Enterprise,Canada,Montreal,2025-07-11
CUST00386,Customer_00386,Small Business,Australia,Sydney,2026-02-26
CUST00387,Customer_00387,Individual,India,Chennai,2025-04-21
CUST00388,Customer_00388,Individual,India,Chennai,2025-08-05
CUST00389,Customer_00389,Individual,Canada,Vancouver,2024-10-26
CUST00390,Customer_00390,Individual,Australia,Sydney,2026-02-22
CUST00391,Customer_00391,Enterprise,Singapore,Singapore,2023-03-08
CUST00392,Customer_00392,Small Business,USA,Boston,2023-01-06
CUST00393,Customer_00393,Individual,USA,Seattle,2024-09-28
CUST00394,Customer_00394,Enterprise,Australia,Melbourne,2023-11-10
CUST00395,Customer_00395,Individual,India,Bangalore,2024-07-18
CUST00396,Customer_00396,Small Business,Singapore,Singapore,2025-04-05
CUST00397,Customer_00397,Enterprise,Germany,Hamburg,2024-05-20
CUST00398,Customer_00398,Individual,USA,Austin,2026-01-10
CUST00399,Customer_00399,Small Business,Canada,Vancouver,2025-10-22
CUST00400,Customer_00400,Individual,Canada,Toronto,2023-07-23
CUST00401,Customer_00401,Individual,India,Chennai,2024-10-23
CUST00402,Customer_00402,Individual,Germany,Berlin,2025-03-15
CUST00403,Customer_00403,Individual,USA,Boston,2024-02-08
CUST00404,Customer_00404,Small Business,Australia,Sydney,2026-01-31
CUST00405,Customer_00405,Enterprise,India,Mumbai,2024-06-19
CUST00406,Customer_00406,Small Business,Germany,Munich,2026-05-20
CUST00407,Customer_00407,Enterprise,USA,Austin,2024-07-30
CUST00408,Customer_00408,Small Business,India,Hyderabad,2026-05-17
CUST00409,Customer_00409,Individual,Germany,Berlin,2025-02-01
CUST00410,Customer_00410,Individual,India,Hyderabad,2023-04-27
CUST00411,Customer_00411,Individual,India,Hyderabad,2024-09-19
CUST00412,Customer_00412,Small Business,Singapore,Singapore,2025-01-18
CUST00413,Customer_00413,Enterprise,Singapore,Singapore,2023-04-15
CUST00414,Customer_00414,Individual,UK,Manchester,2024-05-09
CUST00415,Customer_00415,Small Business,UK,London,2023-02-15
CUST00416,Customer_00416,Small Business,USA,New York,2025-04-02
CUST00417,Customer_00417,Small Business,India,Mumbai,2026-05-24
CUST00418,Customer_00418,Individual,India,Delhi,2025-09-08
CUST00419,Customer_00419,Individual,Canada,Toronto,2025-08-17
CUST00420,Customer_00420,Individual,Canada,Vancouver,2025-04-24
CUST00421,Customer_00421,Individual,Australia,Brisbane,2024-03-24
CUST00422,Customer_00422,Individual,Australia,Sydney,2024-06-19
CUST00423,Customer_00423,Small Business,India,Hyderabad,2024-05-25
CUST00424,Customer_00424,Individual,USA,New York,2024-06-23
CUST00425,Customer_00425,Enterprise,India,Bangalore,2023-01-16
CUST00426,Customer_00426,Small Business,USA,Austin,2023-08-31
CUST00427,Customer_00427,Small Business,USA,New York,2026-05-15
CUST00428,Customer_00428,Individual,Germany,Berlin,2025-06-30
CUST00429,Customer_00429,Small Business,USA,Boston,2025-01-30
CUST00430,Customer_00430,Enterprise,India,Chennai,2024-12-05
CUST00431,Customer_00431,Individual,India,Chennai,2023-04-25
CUST00432,Customer_00432,Individual,Canada,Toronto,2024-02-01
CUST00433,Customer_00433,Small Business,UK,London,2024-01-29
CUST00434,Customer_00434,Individual,India,Mumbai,2026-01-03
CUST00435,Customer_00435,Individual,India,Mumbai,2025-09-04
CUST00436,Customer_00436,Individual,Canada,Montreal,2026-01-31
CUST00437,Customer_00437,Individual,India,Chennai,2023-10-24
CUST00438,Customer_00438,Small Business,Australia,Brisbane,2025-09-28
CUST00439,Customer_00439,Individual,Canada,Toronto,2023-06-27
CUST00440,Customer_00440,Enterprise,India,Mumbai,2026-05-23
CUST00441,Customer_00441,Small Business,India,Mumbai,2025-08-24
CUST00442,Customer_00442,Small Business,Singapore,Singapore,2023-11-11
CUST00443,Customer_00443,Small Business,USA,Austin,2025-11-28
CUST00444,Customer_00444,Enterprise,USA,Boston,2023-09-16
CUST00445,Customer_00445,Individual,Australia,Brisbane,2023-01-07
CUST00446,Customer_00446,Enterprise,Singapore,Singapore,2023-02-18
CUST00447,Customer_00447,Small Business,Singapore,Singapore,2023-06-10
CUST00448,Customer_00448,Small Business,Canada,Vancouver,2023-06-25
CUST00449,Customer_00449,Small Business,USA,Boston,2025-10-22
CUST00450,Customer_00450,Individual,India,Chennai,2025-09-27
CUST00451,Customer_00451,Individual,Australia,Brisbane,2024-03-30
CUST00452,Customer_00452,Small Business,UK,London,2023-10-03
CUST00453,Customer_00453,Individual,USA,Boston,2024-05-12
CUST00454,Customer_00454,Small Business,Germany,Berlin,2024-11-06
CUST00455,Customer_00455,Individual,India,Delhi,2025-11-17
CUST00456,Customer_00456,Individual,USA,Boston,2025-10-21
CUST00457,Customer_00457,Individual,India,Chennai,2026-04-26
CUST00458,Customer_00458,Individual,USA,Boston,2023-02-25
CUST00459,Customer_00459,Small Business,India,Bangalore,2024-06-30
CUST00460,Customer_00460,Individual,India,Delhi,2026-02-09
CUST00461,Customer_00461,Enterprise,India,Bangalore,2023-02-05
CUST00462,Customer_00462,Small Business,UK,London,2024-03-14
CUST00463,Customer_00463,Individual,Canada,Toronto,2024-08-17
CUST00464,Customer_00464,Small Business,UK,Birmingham,2023-11-03
CUST00465,Customer_00465,Enterprise,Singapore,Singapore,2024-09-10
CUST00466,Customer_00466,Small Business,USA,Boston,2026-02-06
CUST00467,Customer_00467,Individual,India,Chennai,2023-12-23
CUST00468,Customer_00468,Enterprise,Germany,Hamburg,2023-06-30
CUST00469,Customer_00469,Small Business,India,Delhi,2023-03-09
CUST00470,Customer_00470,Individual,Singapore,Singapore,2023-10-19
CUST00471,Customer_00471,Individual,India,Bangalore,2024-11-22
CUST00472,Customer_00472,Small Business,Singapore,Singapore,2023-06-30
CUST00473,Customer_00473,Individual,India,Bangalore,2024-03-09
CUST00474,Customer_00474,Small Business,Germany,Munich,2025-07-02
CUST00475,Customer_00475,Individual,USA,Seattle,2023-03-07
CUST00476,Customer_00476,Enterprise,Singapore,Singapore,2025-11-10
CUST00477,Customer_00477,Small Business,India,Chennai,2024-01-19
CUST00478,Customer_00478,Individual,UK,Birmingham,2023-02-08
CUST00479,Customer_00479,Individual,Singapore,Singapore,2025-04-01
CUST00480,Customer_00480,Small Business,USA,Seattle,2024-08-24
CUST00481,Customer_00481,Small Business,UK,Manchester,2025-02-23
CUST00482,Customer_00482,Small Business,Canada,Toronto,2026-04-26
CUST00483,Customer_00483,Individual,USA,Austin,2024-11-01
CUST00484,Customer_00484,Individual,UK,Birmingham,2026-06-20
CUST00485,Customer_00485,Individual,UK,London,2026-01-01
CUST00486,Customer_00486,Small Business,Germany,Berlin,2024-04-23
CUST00487,Customer_00487,Individual,India,Delhi,2024-07-14
CUST00488,Customer_00488,Individual,India,Bangalore,2023-04-11
CUST00489,Customer_00489,Small Business,Singapore,Singapore,2024-05-28
CUST00490,Customer_00490,Enterprise,Germany,Hamburg,2023-06-25
CUST00491,Customer_00491,Individual,USA,New York,2023-08-26
CUST00492,Customer_00492,Individual,UK,Birmingham,2025-06-28
CUST00493,Customer_00493,Small Business,India,Bangalore,2025-12-18
CUST00494,Customer_00494,Small Business,India,Hyderabad,2026-01-27
CUST00495,Customer_00495,Individual,USA,New York,2025-05-20
CUST00496,Customer_00496,Enterprise,USA,Chicago,2024-05-09
CUST00497,Customer_00497,Small Business,UK,Manchester,2025-08-04
CUST00498,Customer_00498,Individual,India,Mumbai,2025-01-24
CUST00499,Customer_00499,Individual,Singapore,Singapore,2023-07-30
CUST00500,Customer_00500,Small Business,Singapore,Singapore,2026-02-20
CUST00501,Customer_00501,Small Business,Canada,Montreal,2026-06-06
CUST00502,Customer_00502,Individual,USA,Boston,2023-05-20
CUST00503,Customer_00503,Small Business,India,Bangalore,2024-06-24
CUST00504,Customer_00504,Small Business,Australia,Melbourne,2023-09-27
CUST00505,Customer_00505,Individual,Canada,Vancouver,2025-11-01
CUST00506,Customer_00506,Small Business,India,Mumbai,2024-05-20
CUST00507,Customer_00507,Enterprise,Germany,Munich,2026-02-03
CUST00508,Customer_00508,Individual,Australia,Sydney,2023-02-01
CUST00509,Customer_00509,Individual,Singapore,Singapore,2026-01-02
CUST00510,Customer_00510,Individual,Canada,Toronto,2026-04-09
CUST00511,Customer_00511,Enterprise,UK,Birmingham,2025-12-28
CUST00512,Customer_00512,Enterprise,USA,Seattle,2025-03-23
CUST00513,Customer_00513,Individual,Singapore,Singapore,2023-12-28
CUST00514,Customer_00514,Small Business,Germany,Hamburg,2025-07-17
CUST00515,Customer_00515,Small Business,India,Delhi,2023-04-10
CUST00516,Customer_00516,Small Business,India,Mumbai,2023-01-09
CUST00517,Customer_00517,Individual,USA,Boston,2024-11-27
CUST00518,Customer_00518,Individual,Australia,Melbourne,2025-11-18
CUST00519,Customer_00519,Individual,Singapore,Singapore,2026-02-11
CUST00520,Customer_00520,Small Business,India,Hyderabad,2024-04-06
CUST00521,Customer_00521,Individual,UK,Manchester,2025-07-09
CUST00522,Customer_00522,Enterprise,USA,Austin,2026-03-12
CUST00523,Customer_00523,Individual,Singapore,Singapore,2024-01-25
CUST00524,Customer_00524,Individual,Australia,Melbourne,2024-09-23
CUST00525,Customer_00525,Small Business,Australia,Melbourne,2024-11-12
CUST00526,Customer_00526,Small Business,USA,New York,2023-06-06
CUST00527,Customer_00527,Individual,USA,New York,2023-12-01
CUST00528,Customer_00528,Individual,India,Delhi,2023-09-17
CUST00529,Customer_00529,Enterprise,India,Mumbai,2023-03-23
CUST00530,Customer_00530,Individual,Germany,Hamburg,2025-01-23
CUST00531,Customer_00531,Individual,Australia,Sydney,2026-04-10
CUST00532,Customer_00532,Small Business,Singapore,Singapore,2026-06-08
CUST00533,Customer_00533,Individual,Singapore,Singapore,2024-12-20
CUST00534,Customer_00534,Individual,UK,Birmingham,2023-03-16
CUST00535,Customer_00535,Individual,Canada,Toronto,2024-09-17
CUST00536,Customer_00536,Individual,Singapore,Singapore,2023-03-03
CUST00537,Customer_00537,Individual,Australia,Brisbane,2025-05-23
CUST00538,Customer_00538,Individual,India,Bangalore,2023-11-16
CUST00539,Customer_00539,Individual,USA,Boston,2023-04-12
CUST00540,Customer_00540,Individual,India,Hyderabad,2025-05-23
CUST00541,Customer_00541,Small Business,Singapore,Singapore,2025-08-11
CUST00542,Customer_00542,Individual,UK,Manchester,2023-09-12
CUST00543,Customer_00543,Individual,India,Chennai,2024-07-23
CUST00544,Customer_00544,Enterprise,Canada,Montreal,2023-04-22
CUST00545,Customer_00545,Small Business,UK,Birmingham,2025-09-11
CUST00546,Customer_00546,Individual,USA,New York,2025-09-24
CUST00547,Customer_00547,Enterprise,India,Chennai,2024-04-05
CUST00548,Customer_00548,Individual,Canada,Vancouver,2024-12-08
CUST00549,Customer_00549,Individual,USA,Seattle,2025-06-05
CUST00550,Customer_00550,Small Business,Australia,Sydney,2026-01-20
CUST00551,Customer_00551,Small Business,USA,Austin,2025-12-11
CUST00552,Customer_00552,Individual,Germany,Munich,2024-06-03
CUST00553,Customer_00553,Individual,UK,Birmingham,2025-03-22
CUST00554,Customer_00554,Small Business,UK,London,2026-01-26
CUST00555,Customer_00555,Individual,Germany,Hamburg,2023-08-24
CUST00556,Customer_00556,Enterprise,USA,New York,2025-07-15
CUST00557,Customer_00557,Individual,India,Hyderabad,2024-07-10
CUST00558,Customer_00558,Enterprise,India,Bangalore,2024-10-10
CUST00559,Customer_00559,Small Business,Canada,Vancouver,2023-08-22
CUST00560,Customer_00560,Small Business,UK,Manchester,2025-11-21
CUST00561,Customer_00561,Small Business,Canada,Montreal,2024-08-01
CUST00562,Customer_00562,Small Business,India,Mumbai,2024-06-25
CUST00563,Customer_00563,Individual,India,Delhi,2023-04-24
CUST00564,Customer_00564,Individual,India,Delhi,2023-07-23
CUST00565,Customer_00565,Individual,USA,New York,2025-11-18
CUST00566,Customer_00566,Enterprise,UK,Birmingham,2024-10-04
CUST00567,Customer_00567,Small Business,USA,Austin,2024-04-18
CUST00568,Customer_00568,Individual,USA,Chicago,2024-11-27
CUST00569,Customer_00569,Individual,Germany,Hamburg,2023-09-10
CUST00570,Customer_00570,Individual,India,Chennai,2025-06-23
CUST00571,Customer_00571,Small Business,USA,Seattle,2024-01-21
CUST00572,Customer_00572,Individual,Australia,Sydney,2023-03-03
CUST00573,Customer_00573,Small Business,USA,Chicago,2024-05-29
CUST00574,Customer_00574,Enterprise,UK,London,2024-03-05
CUST00575,Customer_00575,Individual,Germany,Hamburg,2024-08-02
CUST00576,Customer_00576,Individual,Singapore,Singapore,2026-03-10
CUST00577,Customer_00577,Individual,India,Delhi,2025-01-12
CUST00578,Customer_00578,Individual,Germany,Berlin,2024-11-05
CUST00579,Customer_00579,Individual,USA,New York,2023-11-07
CUST00580,Customer_00580,Individual,India,Chennai,2024-04-15
CUST00581,Customer_00581,Enterprise,USA,Seattle,2025-03-19
CUST00582,Customer_00582,Individual,Singapore,Singapore,2023-06-21
CUST00583,Customer_00583,Individual,USA,Austin,2024-07-29
CUST00584,Customer_00584,Enterprise,India,Hyderabad,2023-01-31
CUST00585,Customer_00585,Small Business,UK,Manchester,2023-02-16
CUST00586,Customer_00586,Individual,India,Delhi,2023-05-10
CUST00587,Customer_00587,Small Business,India,Bangalore,2023-12-18
CUST00588,Customer_00588,Individual,India,Delhi,2025-09-04
CUST00589,Customer_00589,Small Business,India,Mumbai,2023-02-27
CUST00590,Customer_00590,Small Business,India,Mumbai,2026-02-03
CUST00591,Customer_00591,Small Business,India,Mumbai,2025-03-22
CUST00592,Customer_00592,Individual,UK,Manchester,2025-02-06
CUST00593,Customer_00593,Small Business,India,Mumbai,2024-11-13
CUST00594,Customer_00594,Individual,India,Chennai,2026-03-31
CUST00595,Customer_00595,Individual,Germany,Berlin,2025-09-23
CUST00596,Customer_00596,Individual,USA,Boston,2023-10-13
CUST00597,Customer_00597,Individual,UK,Manchester,2025-12-30
CUST00598,Customer_00598,Individual,India,Delhi,2025-06-04
CUST00599,Customer_00599,Small Business,India,Delhi,2024-02-01
CUST00600,Customer_00600,Enterprise,India,Chennai,2023-01-26
CUST00601,Customer_00601,Individual,India,Delhi,2023-11-09
CUST00602,Customer_00602,Individual,India,Chennai,2023-05-06
CUST00603,Customer_00603,Individual,India,Hyderabad,2026-05-06
CUST00604,Customer_00604,Individual,India,Bangalore,2025-03-21
CUST00605,Customer_00605,Individual,India,Hyderabad,2023-07-07
CUST00606,Customer_00606,Enterprise,USA,Austin,2024-11-28
CUST00607,Customer_00607,Individual,India,Mumbai,2025-03-20
CUST00608,Customer_00608,Individual,USA,Austin,2024-12-16
CUST00609,Customer_00609,Individual,USA,Boston,2024-03-25
CUST00610,Customer_00610,Enterprise,Canada,Vancouver,2024-06-06
CUST00611,Customer_00611,Small Business,India,Mumbai,2025-09-12
CUST00612,Customer_00612,Enterprise,Australia,Melbourne,2024-10-19
CUST00613,Customer_00613,Small Business,UK,Manchester,2024-08-19
CUST00614,Customer_00614,Individual,India,Mumbai,2023-04-10
CUST00615,Customer_00615,Individual,Germany,Hamburg,2024-09-07
CUST00616,Customer_00616,Small Business,Germany,Munich,2025-08-05
CUST00617,Customer_00617,Individual,India,Mumbai,2024-07-09
CUST00618,Customer_00618,Small Business,India,Bangalore,2023-10-05
CUST00619,Customer_00619,Individual,Australia,Melbourne,2024-05-05
CUST00620,Customer_00620,Individual,Canada,Montreal,2023-09-12
CUST00621,Customer_00621,Small Business,India,Hyderabad,2024-01-16
CUST00622,Customer_00622,Small Business,India,Hyderabad,2025-06-10
CUST00623,Customer_00623,Small Business,USA,Chicago,2024-06-25
CUST00624,Customer_00624,Individual,USA,Boston,2025-04-04
CUST00625,Customer_00625,Small Business,UK,Manchester,2025-05-28
CUST00626,Customer_00626,Individual,USA,Boston,2026-02-12
CUST00627,Customer_00627,Individual,USA,Boston,2023-10-08
CUST00628,Customer_00628,Individual,Canada,Vancouver,2025-02-11
CUST00629,Customer_00629,Individual,India,Delhi,2025-04-22
CUST00630,Customer_00630,Individual,India,Hyderabad,2024-12-19
CUST00631,Customer_00631,Individual,Canada,Montreal,2023-11-24
CUST00632,Customer_00632,Individual,Germany,Hamburg,2023-07-30
CUST00633,Customer_00633,Individual,USA,Seattle,2024-12-27
CUST00634,Customer_00634,Individual,USA,Chicago,2025-07-11
CUST00635,Customer_00635,Individual,India,Delhi,2024-07-05
CUST00636,Customer_00636,Individual,USA,New York,2023-01-26
CUST00637,Customer_00637,Small Business,USA,New York,2023-01-27
CUST00638,Customer_00638,Individual,India,Hyderabad,2024-12-02
CUST00639,Customer_00639,Individual,India,Hyderabad,2026-01-11
CUST00640,Customer_00640,Individual,USA,Austin,2024-11-12
CUST00641,Customer_00641,Small Business,India,Delhi,2024-02-17
CUST00642,Customer_00642,Enterprise,India,Chennai,2023-06-16
CUST00643,Customer_00643,Small Business,India,Hyderabad,2023-06-18
CUST00644,Customer_00644,Small Business,India,Delhi,2023-08-17
CUST00645,Customer_00645,Individual,India,Hyderabad,2024-01-02
CUST00646,Customer_00646,Small Business,Germany,Berlin,2024-06-11
CUST00647,Customer_00647,Small Business,UK,London,2025-03-01
CUST00648,Customer_00648,Individual,Canada,Toronto,2024-06-07
CUST00649,Customer_00649,Individual,Australia,Sydney,2025-12-31
CUST00650,Customer_00650,Individual,USA,Chicago,2023-04-16
CUST00651,Customer_00651,Enterprise,India,Hyderabad,2025-01-01
CUST00652,Customer_00652,Small Business,USA,Boston,2025-08-22
CUST00653,Customer_00653,Small Business,UK,Birmingham,2023-05-13
CUST00654,Customer_00654,Individual,Canada,Montreal,2024-06-17
CUST00655,Customer_00655,Individual,USA,Austin,2025-09-01
CUST00656,Customer_00656,Individual,India,Mumbai,2023-09-26
CUST00657,Customer_00657,Individual,India,Bangalore,2024-11-03
CUST00658,Customer_00658,Small Business,USA,Chicago,2025-03-01
CUST00659,Customer_00659,Small Business,UK,London,2023-01-18
CUST00660,Customer_00660,Individual,UK,Birmingham,2023-04-27
CUST00661,Customer_00661,Small Business,USA,Chicago,2025-03-08
CUST00662,Customer_00662,Individual,Singapore,Singapore,2026-03-13
CUST00663,Customer_00663,Enterprise,UK,London,2024-07-04
CUST00664,Customer_00664,Individual,India,Hyderabad,2025-07-17
CUST00665,Customer_00665,Individual,India,Delhi,2025-01-22
CUST00666,Customer_00666,Individual,India,Hyderabad,2024-02-26
CUST00667,Customer_00667,Individual,India,Delhi,2024-10-07
CUST00668,Customer_00668,Individual,India,Mumbai,2024-07-11
CUST00669,Customer_00669,Small Business,India,Delhi,2023-02-19
CUST00670,Customer_00670,Enterprise,India,Mumbai,2024-11-08
CUST00671,Customer_00671,Small Business,India,Chennai,2023-04-16
CUST00672,Customer_00672,Individual,Germany,Hamburg,2026-05-24
CUST00673,Customer_00673,Small Business,India,Hyderabad,2024-10-19
CUST00674,Customer_00674,Individual,USA,Austin,2025-12-31
CUST00675,Customer_00675,Individual,USA,Boston,2025-09-14
CUST00676,Customer_00676,Small Business,Singapore,Singapore,2025-04-21
CUST00677,Customer_00677,Small Business,India,Bangalore,2024-03-21
CUST00678,Customer_00678,Individual,USA,Austin,2026-04-24
CUST00679,Customer_00679,Individual,Singapore,Singapore,2023-03-11
CUST00680,Customer_00680,Enterprise,Germany,Hamburg,2023-05-30
CUST00681,Customer_00681,Individual,Australia,Sydney,2026-06-23
CUST00682,Customer_00682,Individual,India,Chennai,2025-02-12
CUST00683,Customer_00683,Small Business,India,Mumbai,2026-01-27
CUST00684,Customer_00684,Individual,UK,Manchester,2025-08-01
CUST00685,Customer_00685,Individual,Germany,Munich,2024-03-30
CUST00686,Customer_00686,Individual,UK,London,2026-02-01
CUST00687,Customer_00687,Small Business,UK,Manchester,2025-08-03
CUST00688,Customer_00688,Small Business,India,Mumbai,2024-08-23
CUST00689,Customer_00689,Small Business,Canada,Toronto,2024-10-14
CUST00690,Customer_00690,Enterprise,India,Hyderabad,2024-12-25
CUST00691,Customer_00691,Small Business,India,Delhi,2023-08-21
CUST00692,Customer_00692,Individual,USA,Boston,2023-09-08
CUST00693,Customer_00693,Individual,USA,New York,2023-03-20
CUST00694,Customer_00694,Small Business,India,Hyderabad,2025-12-11
CUST00695,Customer_00695,Small Business,India,Delhi,2025-06-16
CUST00696,Customer_00696,Small Business,UK,Manchester,2025-07-09
CUST00697,Customer_00697,Small Business,India,Mumbai,2025-02-19
CUST00698,Customer_00698,Individual,UK,Birmingham,2023-08-14
CUST00699,Customer_00699,Individual,India,Mumbai,2025-12-10
CUST00700,Customer_00700,Individual,USA,Boston,2026-04-24
CUST00701,Customer_00701,Individual,USA,Chicago,2025-11-23
CUST00702,Customer_00702,Individual,India,Mumbai,2025-03-13
CUST00703,Customer_00703,Small Business,India,Hyderabad,2025-01-11
CUST00704,Customer_00704,Small Business,India,Delhi,2023-05-11
CUST00705,Customer_00705,Individual,India,Hyderabad,2025-10-19
CUST00706,Customer_00706,Individual,Singapore,Singapore,2024-09-23
CUST00707,Customer_00707,Individual,India,Mumbai,2025-04-17
CUST00708,Customer_00708,Individual,Australia,Brisbane,2025-01-28
CUST00709,Customer_00709,Small Business,India,Delhi,2024-12-04
CUST00710,Customer_00710,Small Business,Canada,Toronto,2024-05-11
CUST00711,Customer_00711,Small Business,Canada,Toronto,2023-11-19
CUST00712,Customer_00712,Small Business,UK,London,2026-05-18
CUST00713,Customer_00713,Small Business,USA,Chicago,2024-09-06
CUST00714,Customer_00714,Individual,USA,Seattle,2023-11-25
CUST00715,Customer_00715,Individual,India,Chennai,2023-05-13
CUST00716,Customer_00716,Individual,Germany,Hamburg,2025-04-14
CUST00717,Customer_00717,Enterprise,Australia,Brisbane,2024-10-12
CUST00718,Customer_00718,Individual,Singapore,Singapore,2023-05-01
CUST00719,Customer_00719,Individual,India,Bangalore,2024-08-28
CUST00720,Customer_00720,Enterprise,Canada,Vancouver,2025-08-22
CUST00721,Customer_00721,Enterprise,Singapore,Singapore,2023-05-09
CUST00722,Customer_00722,Small Business,India,Bangalore,2026-01-19
CUST00723,Customer_00723,Individual,India,Delhi,2023-01-29
CUST00724,Customer_00724,Individual,Canada,Vancouver,2024-12-22
CUST00725,Customer_00725,Individual,UK,Birmingham,2023-11-29
CUST00726,Customer_00726,Individual,Australia,Sydney,2026-02-27
CUST00727,Customer_00727,Individual,India,Mumbai,2026-04-11
CUST00728,Customer_00728,Individual,Australia,Brisbane,2025-08-01
CUST00729,Customer_00729,Enterprise,India,Chennai,2025-11-13
CUST00730,Customer_00730,Individual,India,Mumbai,2026-01-27
CUST00731,Customer_00731,Small Business,India,Bangalore,2023-12-22
CUST00732,Customer_00732,Small Business,Australia,Sydney,2023-05-19
CUST00733,Customer_00733,Individual,UK,Birmingham,2026-04-12
CUST00734,Customer_00734,Small Business,USA,Boston,2023-01-29
CUST00735,Customer_00735,Individual,USA,Austin,2025-07-19
CUST00736,Customer_00736,Individual,Germany,Munich,2024-05-10
CUST00737,Customer_00737,Small Business,USA,Seattle,2025-10-10
CUST00738,Customer_00738,Individual,Australia,Brisbane,2024-10-16
CUST00739,Customer_00739,Enterprise,USA,Seattle,2025-04-07
CUST00740,Customer_00740,Individual,USA,Boston,2023-12-17
CUST00741,Customer_00741,Small Business,USA,Austin,2024-07-07
CUST00742,Customer_00742,Individual,India,Chennai,2023-10-26
CUST00743,Customer_00743,Individual,Canada,Toronto,2026-04-30
CUST00744,Customer_00744,Individual,USA,New York,2023-03-05
CUST00745,Customer_00745,Small Business,India,Chennai,2025-01-24
CUST00746,Customer_00746,Small Business,Germany,Berlin,2025-02-08
CUST00747,Customer_00747,Small Business,USA,New York,2026-05-23
CUST00748,Customer_00748,Individual,USA,Austin,2025-04-13
CUST00749,Customer_00749,Small Business,Germany,Hamburg,2023-06-15
CUST00750,Customer_00750,Small Business,UK,Manchester,2026-06-09
CUST00751,Customer_00751,Small Business,India,Mumbai,2026-05-03
CUST00752,Customer_00752,Individual,Singapore,Singapore,2024-05-20
CUST00753,Customer_00753,Small Business,UK,Birmingham,2025-03-03
CUST00754,Customer_00754,Small Business,India,Hyderabad,2025-04-12
CUST00755,Customer_00755,Individual,India,Hyderabad,2025-05-07
CUST00756,Customer_00756,Small Business,Australia,Brisbane,2025-03-16
CUST00757,Customer_00757,Small Business,UK,Manchester,2026-03-18
CUST00758,Customer_00758,Individual,USA,Boston,2025-01-30
CUST00759,Customer_00759,Individual,Germany,Hamburg,2025-04-12
CUST00760,Customer_00760,Individual,Australia,Brisbane,2023-10-10
CUST00761,Customer_00761,Small Business,India,Bangalore,2024-01-14
CUST00762,Customer_00762,Small Business,India,Hyderabad,2023-07-17
CUST00763,Customer_00763,Individual,India,Mumbai,2025-10-11
CUST00764,Customer_00764,Small Business,Canada,Montreal,2025-10-20
CUST00765,Customer_00765,Enterprise,India,Bangalore,2024-07-09
CUST00766,Customer_00766,Individual,UK,Manchester,2023-12-22
CUST00767,Customer_00767,Enterprise,Canada,Vancouver,2025-11-06
CUST00768,Customer_00768,Enterprise,Germany,Berlin,2024-09-30
CUST00769,Customer_00769,Small Business,India,Delhi,2024-01-14
CUST00770,Customer_00770,Small Business,Australia,Melbourne,2024-11-10
CUST00771,Customer_00771,Enterprise,India,Chennai,2024-05-20
CUST00772,Customer_00772,Small Business,Australia,Brisbane,2025-06-17
CUST00773,Customer_00773,Individual,India,Chennai,2023-03-17
CUST00774,Customer_00774,Small Business,USA,Austin,2023-08-19
CUST00775,Customer_00775,Small Business,Australia,Brisbane,2025-08-19
CUST00776,Customer_00776,Small Business,India,Bangalore,2026-06-25
CUST00777,Customer_00777,Individual,India,Bangalore,2023-10-29
CUST00778,Customer_00778,Small Business,Canada,Toronto,2024-12-26
CUST00779,Customer_00779,Individual,Canada,Montreal,2023-08-03
CUST00780,Customer_00780,Enterprise,UK,Manchester,2026-03-27
CUST00781,Customer_00781,Individual,Canada,Montreal,2023-03-10
CUST00782,Customer_00782,Individual,USA,Austin,2024-01-28
CUST00783,Customer_00783,Individual,India,Chennai,2026-01-13
CUST00784,Customer_00784,Individual,India,Delhi,2023-09-24
CUST00785,Customer_00785,Small Business,India,Chennai,2025-12-28
CUST00786,Customer_00786,Enterprise,Germany,Berlin,2024-09-02
CUST00787,Customer_00787,Small Business,UK,London,2025-10-05
CUST00788,Customer_00788,Individual,USA,Boston,2025-08-19
CUST00789,Customer_00789,Individual,USA,Boston,2024-12-28
CUST00790,Customer_00790,Small Business,Singapore,Singapore,2024-11-03
CUST00791,Customer_00791,Enterprise,India,Hyderabad,2024-02-27
CUST00792,Customer_00792,Individual,UK,London,2026-04-12
CUST00793,Customer_00793,Individual,USA,New York,2023-04-25
CUST00794,Customer_00794,Individual,UK,Birmingham,2023-08-08
CUST00795,Customer_00795,Enterprise,India,Bangalore,2023-01-31
CUST00796,Customer_00796,Small Business,Germany,Hamburg,2026-02-27
CUST00797,Customer_00797,Individual,Singapore,Singapore,2024-09-08
CUST00798,Customer_00798,Individual,UK,Birmingham,2024-06-22
CUST00799,Customer_00799,Enterprise,Canada,Toronto,2025-01-08
CUST00800,Customer_00800,Individual,Germany,Munich,2025-10-22
CUST00801,Customer_00801,Individual,Canada,Vancouver,2025-05-20
CUST00802,Customer_00802,Small Business,India,Delhi,2023-04-11
CUST00803,Customer_00803,Individual,UK,Manchester,2025-12-17
CUST00804,Customer_00804,Individual,UK,Birmingham,2024-11-22
CUST00805,Customer_00805,Small Business,USA,Austin,2025-07-29
CUST00806,Customer_00806,Enterprise,Canada,Montreal,2023-12-07
CUST00807,Customer_00807,Small Business,Singapore,Singapore,2025-05-10
CUST00808,Customer_00808,Enterprise,Germany,Hamburg,2025-11-09
CUST00809,Customer_00809,Small Business,USA,Seattle,2023-02-07
CUST00810,Customer_00810,Small Business,India,Hyderabad,2024-10-21
CUST00811,Customer_00811,Individual,Singapore,Singapore,2025-07-16
CUST00812,Customer_00812,Small Business,Australia,Sydney,2025-11-15
CUST00813,Customer_00813,Enterprise,India,Bangalore,2024-03-29
CUST00814,Customer_00814,Individual,Germany,Berlin,2025-01-06
CUST00815,Customer_00815,Individual,Germany,Berlin,2025-03-29
CUST00816,Customer_00816,Individual,USA,Austin,2025-02-11
CUST00817,Customer_00817,Individual,UK,Birmingham,2023-01-13
CUST00818,Customer_00818,Individual,USA,Chicago,2025-07-03
CUST00819,Customer_00819,Small Business,India,Chennai,2025-07-09
CUST00820,Customer_00820,Enterprise,India,Bangalore,2025-04-04
CUST00821,Customer_00821,Individual,Australia,Melbourne,2024-01-06
CUST00822,Customer_00822,Individual,India,Delhi,2023-11-28
CUST00823,Customer_00823,Individual,India,Delhi,2023-09-18
CUST00824,Customer_00824,Enterprise,USA,Chicago,2026-05-13
CUST00825,Customer_00825,Individual,USA,Chicago,2024-11-27
CUST00826,Customer_00826,Individual,Germany,Munich,2024-11-17
CUST00827,Customer_00827,Individual,India,Hyderabad,2025-08-07
CUST00828,Customer_00828,Individual,India,Delhi,2024-01-22
CUST00829,Customer_00829,Individual,Canada,Vancouver,2025-03-31
CUST00830,Customer_00830,Enterprise,USA,Austin,2024-04-12
CUST00831,Customer_00831,Small Business,India,Mumbai,2023-03-10
CUST00832,Customer_00832,Small Business,USA,Boston,2026-02-01
CUST00833,Customer_00833,Individual,India,Hyderabad,2026-03-30
CUST00834,Customer_00834,Small Business,India,Chennai,2023-07-19
CUST00835,Customer_00835,Small Business,USA,New York,2023-08-04
CUST00836,Customer_00836,Individual,USA,New York,2023-07-31
CUST00837,Customer_00837,Small Business,Germany,Munich,2024-05-22
CUST00838,Customer_00838,Individual,USA,Boston,2023-01-16
CUST00839,Customer_00839,Small Business,UK,London,2025-06-02
CUST00840,Customer_00840,Individual,UK,London,2023-11-28
CUST00841,Customer_00841,Enterprise,India,Mumbai,2024-12-17
CUST00842,Customer_00842,Individual,UK,London,2024-07-04
CUST00843,Customer_00843,Small Business,India,Mumbai,2025-07-30
CUST00844,Customer_00844,Small Business,Singapore,Singapore,2023-09-13
CUST00845,Customer_00845,Small Business,India,Chennai,2025-09-18
CUST00846,Customer_00846,Individual,USA,New York,2024-12-28
CUST00847,Customer_00847,Individual,India,Chennai,2025-05-29
CUST00848,Customer_00848,Small Business,Singapore,Singapore,2025-03-25
CUST00849,Customer_00849,Individual,USA,Chicago,2026-04-10
CUST00850,Customer_00850,Individual,UK,Manchester,2024-10-10
CUST00851,Customer_00851,Small Business,India,Delhi,2025-09-26
CUST00852,Customer_00852,Small Business,Canada,Vancouver,2024-04-15
CUST00853,Customer_00853,Individual,India,Delhi,2024-11-20
CUST00854,Customer_00854,Individual,Germany,Munich,2024-11-30
CUST00855,Customer_00855,Individual,India,Bangalore,2024-05-21
CUST00856,Customer_00856,Small Business,India,Delhi,2025-09-18
CUST00857,Customer_00857,Small Business,India,Delhi,2025-10-06
CUST00858,Customer_00858,Small Business,USA,Boston,2025-03-14
CUST00859,Customer_00859,Enterprise,UK,Birmingham,2025-04-10
CUST00860,Customer_00860,Individual,India,Delhi,2023-08-02
CUST00861,Customer_00861,Individual,Australia,Sydney,2026-05-16
CUST00862,Customer_00862,Individual,USA,Austin,2023-06-18
CUST00863,Customer_00863,Individual,USA,Chicago,2025-09-04
CUST00864,Customer_00864,Enterprise,USA,Seattle,2023-05-26
CUST00865,Customer_00865,Small Business,USA,Chicago,2024-05-30
CUST00866,Customer_00866,Individual,UK,Manchester,2026-01-18
CUST00867,Customer_00867,Individual,India,Bangalore,2024-03-28
CUST00868,Customer_00868,Small Business,India,Mumbai,2023-03-01
CUST00869,Customer_00869,Small Business,Germany,Berlin,2024-06-11
CUST00870,Customer_00870,Individual,Singapore,Singapore,2026-06-04
CUST00871,Customer_00871,Enterprise,USA,Seattle,2025-10-20
CUST00872,Customer_00872,Small Business,India,Chennai,2024-04-18
CUST00873,Customer_00873,Individual,UK,Birmingham,2025-01-26
CUST00874,Customer_00874,Enterprise,USA,New York,2025-02-20
CUST00875,Customer_00875,Individual,India,Chennai,2026-01-07
CUST00876,Customer_00876,Enterprise,India,Bangalore,2024-03-08
CUST00877,Customer_00877,Enterprise,Canada,Toronto,2026-03-22
CUST00878,Customer_00878,Small Business,UK,Manchester,2024-02-05
CUST00879,Customer_00879,Small Business,India,Bangalore,2023-02-26
CUST00880,Customer_00880,Individual,India,Chennai,2025-09-29
CUST00881,Customer_00881,Enterprise,India,Bangalore,2023-07-05
CUST00882,Customer_00882,Small Business,Canada,Toronto,2024-02-02
CUST00883,Customer_00883,Small Business,India,Hyderabad,2024-08-27
CUST00884,Customer_00884,Enterprise,India,Delhi,2025-02-26
CUST00885,Customer_00885,Enterprise,Australia,Sydney,2023-06-07
CUST00886,Customer_00886,Small Business,India,Hyderabad,2024-08-11
CUST00887,Customer_00887,Individual,UK,Birmingham,2024-04-10
CUST00888,Customer_00888,Enterprise,India,Chennai,2024-03-21
CUST00889,Customer_00889,Small Business,India,Chennai,2025-03-11
CUST00890,Customer_00890,Enterprise,India,Mumbai,2026-01-01
CUST00891,Customer_00891,Small Business,Canada,Montreal,2025-07-17
CUST00892,Customer_00892,Individual,Germany,Berlin,2023-01-17
CUST00893,Customer_00893,Individual,Australia,Brisbane,2024-12-31
CUST00894,Customer_00894,Small Business,USA,Chicago,2023-11-22
CUST00895,Customer_00895,Small Business,UK,Manchester,2025-09-21
CUST00896,Customer_00896,Individual,India,Mumbai,2024-09-04
CUST00897,Customer_00897,Small Business,India,Hyderabad,2024-06-29
CUST00898,Customer_00898,Individual,Germany,Hamburg,2024-08-18
CUST00899,Customer_00899,Small Business,India,Chennai,2025-07-09
CUST00900,Customer_00900,Individual,India,Delhi,2025-04-21
CUST00901,Customer_00901,Individual,India,Mumbai,2026-05-10
CUST00902,Customer_00902,Individual,India,Hyderabad,2023-12-10
CUST00903,Customer_00903,Individual,India,Chennai,2025-05-08
CUST00904,Customer_00904,Individual,UK,Manchester,2026-05-26
CUST00905,Customer_00905,Individual,USA,Chicago,2024-03-20
CUST00906,Customer_00906,Individual,Germany,Berlin,2023-08-10
CUST00907,Customer_00907,Enterprise,Australia,Sydney,2024-08-14
CUST00908,Customer_00908,Enterprise,India,Delhi,2025-10-27
CUST00909,Customer_00909,Individual,India,Mumbai,2025-10-14
CUST00910,Customer_00910,Enterprise,USA,New York,2023-01-16
CUST00911,Customer_00911,Individual,UK,Birmingham,2024-06-07
CUST00912,Customer_00912,Small Business,India,Bangalore,2025-03-13
CUST00913,Customer_00913,Small Business,UK,Birmingham,2023-01-21
CUST00914,Customer_00914,Individual,USA,Boston,2023-08-16
CUST00915,Customer_00915,Individual,UK,London,2025-10-04
CUST00916,Customer_00916,Individual,USA,Austin,2025-03-19
CUST00917,Customer_00917,Individual,India,Hyderabad,2026-03-03
CUST00918,Customer_00918,Small Business,Singapore,Singapore,2024-02-08
CUST00919,Customer_00919,Individual,Canada,Toronto,2025-12-25
CUST00920,Customer_00920,Individual,India,Chennai,2024-03-12
CUST00921,Customer_00921,Individual,Germany,Hamburg,2025-04-08
CUST00922,Customer_00922,Individual,USA,New York,2025-07-22
CUST00923,Customer_00923,Small Business,Germany,Hamburg,2023-09-16
CUST00924,Customer_00924,Individual,Australia,Sydney,2023-04-13
CUST00925,Customer_00925,Enterprise,USA,New York,2025-09-19
CUST00926,Customer_00926,Individual,India,Hyderabad,2025-02-07
CUST00927,Customer_00927,Individual,India,Delhi,2026-01-29
CUST00928,Customer_00928,Small Business,USA,Austin,2026-05-06
CUST00929,Customer_00929,Individual,UK,Birmingham,2025-03-23
CUST00930,Customer_00930,Small Business,India,Delhi,2023-08-14
CUST00931,Customer_00931,Small Business,India,Hyderabad,2025-07-31
CUST00932,Customer_00932,Individual,Australia,Melbourne,2024-04-07
CUST00933,Customer_00933,Individual,Singapore,Singapore,2023-08-25
CUST00934,Customer_00934,Individual,USA,New York,2025-11-15
CUST00935,Customer_00935,Individual,India,Hyderabad,2026-02-18
CUST00936,Customer_00936,Individual,India,Delhi,2024-05-20
CUST00937,Customer_00937,Individual,India,Chennai,2026-04-20
CUST00938,Customer_00938,Individual,Germany,Hamburg,2025-03-24
CUST00939,Customer_00939,Small Business,India,Bangalore,2025-02-05
CUST00940,Customer_00940,Small Business,UK,Manchester,2024-09-25
CUST00941,Customer_00941,Small Business,India,Mumbai,2025-09-17
CUST00942,Customer_00942,Individual,UK,London,2024-09-09
CUST00943,Customer_00943,Individual,UK,Birmingham,2023-09-30
CUST00944,Customer_00944,Enterprise,Australia,Sydney,2023-08-20
CUST00945,Customer_00945,Small Business,India,Hyderabad,2025-02-06
CUST00946,Customer_00946,Enterprise,India,Bangalore,2024-05-10
CUST00947,Customer_00947,Individual,India,Hyderabad,2025-11-13
CUST00948,Customer_00948,Small Business,Germany,Berlin,2026-02-06
CUST00949,Customer_00949,Small Business,Germany,Hamburg,2024-05-16
CUST00950,Customer_00950,Individual,UK,Manchester,2023-01-25
CUST00951,Customer_00951,Individual,UK,London,2026-04-25
CUST00952,Customer_00952,Small Business,UK,London,2023-10-15
CUST00953,Customer_00953,Individual,India,Mumbai,2023-12-04
CUST00954,Customer_00954,Individual,Germany,Munich,2025-11-26
CUST00955,Customer_00955,Small Business,USA,New York,2023-05-17
CUST00956,Customer_00956,Enterprise,USA,Seattle,2024-05-22
CUST00957,Customer_00957,Individual,USA,Boston,2023-08-15
CUST00958,Customer_00958,Individual,India,Hyderabad,2023-11-16
CUST00959,Customer_00959,Individual,India,Hyderabad,2025-07-04
CUST00960,Customer_00960,Small Business,Canada,Vancouver,2026-04-20
CUST00961,Customer_00961,Individual,India,Chennai,2023-03-27
CUST00962,Customer_00962,Enterprise,UK,Birmingham,2025-07-14
CUST00963,Customer_00963,Individual,India,Delhi,2023-02-22
CUST00964,Customer_00964,Individual,USA,Chicago,2025-05-09
CUST00965,Customer_00965,Small Business,India,Mumbai,2025-05-16
CUST00966,Customer_00966,Small Business,USA,Seattle,2026-06-12
CUST00967,Customer_00967,Individual,Canada,Vancouver,2024-03-08
CUST00968,Customer_00968,Individual,India,Delhi,2025-09-25
CUST00969,Customer_00969,Enterprise,UK,London,2023-04-10
CUST00970,Customer_00970,Individual,USA,Seattle,2025-09-16
CUST00971,Customer_00971,Enterprise,UK,Manchester,2024-08-21
CUST00972,Customer_00972,Individual,Singapore,Singapore,2024-02-07
CUST00973,Customer_00973,Small Business,Canada,Vancouver,2024-01-31
CUST00974,Customer_00974,Small Business,India,Chennai,2024-02-19
CUST00975,Customer_00975,Individual,India,Delhi,2025-07-27
CUST00976,Customer_00976,Enterprise,India,Hyderabad,2024-11-07
CUST00977,Customer_00977,Individual,UK,Birmingham,2024-04-07
CUST00978,Customer_00978,Individual,India,Mumbai,2024-06-24
CUST00979,Customer_00979,Small Business,USA,Boston,2026-02-27
CUST00980,Customer_00980,Individual,UK,London,2023-03-25
CUST00981,Customer_00981,Small Business,India,Chennai,2023-09-28
CUST00982,Customer_00982,Individual,Australia,Melbourne,2023-09-01
CUST00983,Customer_00983,Individual,India,Bangalore,2024-01-23
CUST00984,Customer_00984,Individual,India,Hyderabad,2023-08-02
CUST00985,Customer_00985,Individual,Canada,Montreal,2025-03-28
CUST00986,Customer_00986,Individual,USA,Boston,2026-04-04
CUST00987,Customer_00987,Small Business,Canada,Vancouver,2023-02-28
CUST00988,Customer_00988,Enterprise,USA,Boston,2025-06-01
CUST00989,Customer_00989,Small Business,India,Hyderabad,2025-04-22
CUST00990,Customer_00990,Individual,Australia,Melbourne,2025-07-12
CUST00991,Customer_00991,Individual,Australia,Melbourne,2023-05-03
CUST00992,Customer_00992,Individual,Canada,Vancouver,2026-03-08
CUST00993,Customer_00993,Individual,India,Chennai,2026-06-06
CUST00994,Customer_00994,Small Business,UK,Manchester,2024-03-14
CUST00995,Customer_00995,Individual,USA,Chicago,2025-10-18
CUST00996,Customer_00996,Individual,India,Mumbai,2024-07-15
CUST00997,Customer_00997,Enterprise,Germany,Berlin,2023-04-28
CUST00998,Customer_00998,Individual,India,Mumbai,2025-06-23
CUST00999,Customer_00999,Individual,Singapore,Singapore,2024-01-30
CUST01000,Customer_01000,Individual,USA,New York,2025-05-25
CUST01001,Customer_01001,Individual,India,Delhi,2025-07-23
CUST01002,Customer_01002,Enterprise,USA,Seattle,2026-01-06
CUST01003,Customer_01003,Individual,Germany,Berlin,2025-08-09
CUST01004,Customer_01004,Individual,Canada,Montreal,2023-03-16
CUST01005,Customer_01005,Individual,Australia,Sydney,2023-10-22
CUST01006,Customer_01006,Individual,UK,Manchester,2023-01-21
CUST01007,Customer_01007,Individual,Canada,Vancouver,2026-04-09
CUST01008,Customer_01008,Small Business,Australia,Melbourne,2025-11-04
CUST01009,Customer_01009,Small Business,India,Chennai,2026-05-19
CUST01010,Customer_01010,Small Business,USA,Seattle,2024-07-13
CUST01011,Customer_01011,Individual,India,Delhi,2026-01-14
CUST01012,Customer_01012,Small Business,Singapore,Singapore,2026-03-18
CUST01013,Customer_01013,Small Business,Singapore,Singapore,2024-01-07
CUST01014,Customer_01014,Individual,India,Chennai,2025-03-28
CUST01015,Customer_01015,Small Business,Canada,Vancouver,2026-03-20
CUST01016,Customer_01016,Individual,Germany,Hamburg,2026-03-10
CUST01017,Customer_01017,Individual,India,Hyderabad,2025-12-28
CUST01018,Customer_01018,Small Business,UK,Manchester,2025-04-25
CUST01019,Customer_01019,Individual,Germany,Hamburg,2024-06-04
CUST01020,Customer_01020,Small Business,India,Chennai,2024-01-06
CUST01021,Customer_01021,Individual,Canada,Vancouver,2023-04-11
CUST01022,Customer_01022,Enterprise,India,Hyderabad,2024-10-22
CUST01023,Customer_01023,Enterprise,Germany,Munich,2025-08-25
CUST01024,Customer_01024,Enterprise,Singapore,Singapore,2023-08-31
CUST01025,Customer_01025,Individual,Singapore,Singapore,2025-01-22
CUST01026,Customer_01026,Individual,USA,Boston,2024-05-26
CUST01027,Customer_01027,Individual,Germany,Berlin,2025-04-28
CUST01028,Customer_01028,Individual,Australia,Sydney,2024-07-08
CUST01029,Customer_01029,Individual,India,Bangalore,2026-01-23
CUST01030,Customer_01030,Small Business,Australia,Brisbane,2023-08-14
CUST01031,Customer_01031,Small Business,India,Delhi,2023-08-02
CUST01032,Customer_01032,Enterprise,UK,London,2024-12-18
CUST01033,Customer_01033,Individual,India,Delhi,2023-03-08
CUST01034,Customer_01034,Individual,India,Mumbai,2024-01-31
CUST01035,Customer_01035,Individual,India,Hyderabad,2024-09-03
CUST01036,Customer_01036,Enterprise,Canada,Toronto,2025-11-01
CUST01037,Customer_01037,Small Business,India,Delhi,2026-06-14
CUST01038,Customer_01038,Small Business,Canada,Montreal,2025-02-08
CUST01039,Customer_01039,Enterprise,India,Mumbai,2024-02-11
CUST01040,Customer_01040,Small Business,India,Chennai,2025-07-13
CUST01041,Customer_01041,Individual,USA,Austin,2024-10-08
CUST01042,Customer_01042,Individual,Australia,Sydney,2023-08-10
CUST01043,Customer_01043,Small Business,India,Chennai,2026-03-25
CUST01044,Customer_01044,Individual,UK,London,2024-10-15
CUST01045,Customer_01045,Individual,Germany,Munich,2024-03-03
CUST01046,Customer_01046,Enterprise,UK,Birmingham,2026-03-27
CUST01047,Customer_01047,Enterprise,India,Delhi,2025-09-03
CUST01048,Customer_01048,Small Business,India,Mumbai,2025-10-02
CUST01049,Customer_01049,Small Business,Germany,Berlin,2024-01-06
CUST01050,Customer_01050,Small Business,India,Chennai,2025-04-29
CUST01051,Customer_01051,Individual,Germany,Berlin,2025-05-05
CUST01052,Customer_01052,Individual,USA,Chicago,2023-08-17
CUST01053,Customer_01053,Small Business,Singapore,Singapore,2023-10-07
CUST01054,Customer_01054,Small Business,Australia,Melbourne,2025-12-06
CUST01055,Customer_01055,Individual,Singapore,Singapore,2025-09-01
CUST01056,Customer_01056,Enterprise,USA,Seattle,2026-05-22
CUST01057,Customer_01057,Individual,Canada,Toronto,2025-01-27
CUST01058,Customer_01058,Individual,USA,Seattle,2025-11-13
CUST01059,Customer_01059,Small Business,USA,Seattle,2023-11-17
CUST01060,Customer_01060,Individual,UK,Manchester,2023-10-01
CUST01061,Customer_01061,Individual,Germany,Munich,2024-07-09
CUST01062,Customer_01062,Individual,Singapore,Singapore,2025-04-23
CUST01063,Customer_01063,Small Business,Canada,Toronto,2024-10-29
CUST01064,Customer_01064,Individual,USA,Boston,2025-09-26
CUST01065,Customer_01065,Small Business,USA,Seattle,2024-01-15
CUST01066,Customer_01066,Small Business,Canada,Vancouver,2024-12-11
CUST01067,Customer_01067,Individual,India,Mumbai,2025-01-15
CUST01068,Customer_01068,Enterprise,India,Delhi,2024-11-05
CUST01069,Customer_01069,Individual,USA,New York,2023-04-26
CUST01070,Customer_01070,Enterprise,India,Chennai,2024-08-27
CUST01071,Customer_01071,Small Business,India,Mumbai,2025-12-01
CUST01072,Customer_01072,Enterprise,India,Bangalore,2024-01-14
CUST01073,Customer_01073,Individual,India,Delhi,2026-05-14
CUST01074,Customer_01074,Individual,India,Bangalore,2024-04-10
CUST01075,Customer_01075,Individual,Singapore,Singapore,2023-10-07
CUST01076,Customer_01076,Individual,USA,New York,2024-09-09
CUST01077,Customer_01077,Small Business,USA,Chicago,2023-04-28
CUST01078,Customer_01078,Individual,Canada,Toronto,2026-06-14
CUST01079,Customer_01079,Small Business,India,Bangalore,2023-11-05
CUST01080,Customer_01080,Individual,Singapore,Singapore,2023-04-10
CUST01081,Customer_01081,Individual,Australia,Brisbane,2023-09-18
CUST01082,Customer_01082,Small Business,India,Hyderabad,2025-09-19
CUST01083,Customer_01083,Individual,USA,Austin,2023-10-13
CUST01084,Customer_01084,Small Business,Germany,Hamburg,2023-11-24
CUST01085,Customer_01085,Small Business,Singapore,Singapore,2026-01-31
CUST01086,Customer_01086,Small Business,USA,Boston,2023-03-04
CUST01087,Customer_01087,Individual,UK,London,2024-11-17
CUST01088,Customer_01088,Small Business,India,Delhi,2025-01-07
CUST01089,Customer_01089,Enterprise,Singapore,Singapore,2025-10-27
CUST01090,Customer_01090,Small Business,India,Delhi,2024-09-30
CUST01091,Customer_01091,Individual,Singapore,Singapore,2025-07-24
CUST01092,Customer_01092,Small Business,UK,Birmingham,2026-01-20
CUST01093,Customer_01093,Small Business,UK,Birmingham,2026-04-28
CUST01094,Customer_01094,Small Business,USA,New York,2024-04-20
CUST01095,Customer_01095,Individual,India,Chennai,2023-02-22
CUST01096,Customer_01096,Individual,India,Delhi,2025-01-23
CUST01097,Customer_01097,Small Business,India,Delhi,2024-04-30
CUST01098,Customer_01098,Individual,India,Chennai,2026-02-09
CUST01099,Customer_01099,Small Business,Australia,Brisbane,2024-02-13
CUST01100,Customer_01100,Individual,USA,New York,2025-10-27
CUST01101,Customer_01101,Small Business,India,Bangalore,2024-10-29
CUST01102,Customer_01102,Individual,Singapore,Singapore,2026-05-05
CUST01103,Customer_01103,Individual,Germany,Munich,2025-04-14
CUST01104,Customer_01104,Enterprise,Germany,Berlin,2025-05-25
CUST01105,Customer_01105,Enterprise,Singapore,Singapore,2024-01-02
CUST01106,Customer_01106,Small Business,India,Bangalore,2025-09-28
CUST01107,Customer_01107,Individual,USA,Boston,2023-09-07
CUST01108,Customer_01108,Small Business,Canada,Toronto,2026-06-17
CUST01109,Customer_01109,Small Business,Canada,Montreal,2024-01-15
CUST01110,Customer_01110,Small Business,India,Chennai,2025-05-21
CUST01111,Customer_01111,Individual,Australia,Melbourne,2025-04-14
CUST01112,Customer_01112,Small Business,India,Mumbai,2025-02-13
CUST01113,Customer_01113,Small Business,India,Bangalore,2025-07-07
CUST01114,Customer_01114,Enterprise,USA,Boston,2024-03-30
CUST01115,Customer_01115,Individual,UK,Manchester,2024-01-01
CUST01116,Customer_01116,Small Business,UK,London,2024-02-07
CUST01117,Customer_01117,Small Business,India,Hyderabad,2023-02-27
CUST01118,Customer_01118,Individual,Germany,Munich,2024-06-04
CUST01119,Customer_01119,Individual,India,Bangalore,2026-02-12
CUST01120,Customer_01120,Individual,India,Bangalore,2023-07-29
CUST01121,Customer_01121,Individual,Germany,Munich,2025-11-30
CUST01122,Customer_01122,Individual,Singapore,Singapore,2025-03-26
CUST01123,Customer_01123,Small Business,Germany,Berlin,2023-06-22
CUST01124,Customer_01124,Small Business,Australia,Brisbane,2023-08-22
CUST01125,Customer_01125,Small Business,UK,Manchester,2025-03-03
CUST01126,Customer_01126,Enterprise,UK,Birmingham,2025-03-03
CUST01127,Customer_01127,Individual,India,Hyderabad,2025-11-28
CUST01128,Customer_01128,Individual,USA,Seattle,2023-04-29
CUST01129,Customer_01129,Small Business,USA,Boston,2023-12-01
CUST01130,Customer_01130,Individual,India,Mumbai,2026-01-02
CUST01131,Customer_01131,Individual,Canada,Toronto,2026-04-29
CUST01132,Customer_01132,Individual,USA,New York,2023-11-20
CUST01133,Customer_01133,Individual,India,Mumbai,2025-10-07
CUST01134,Customer_01134,Small Business,India,Hyderabad,2026-03-16
CUST01135,Customer_01135,Individual,Canada,Vancouver,2023-10-11
CUST01136,Customer_01136,Individual,India,Mumbai,2023-08-01
CUST01137,Customer_01137,Individual,Germany,Hamburg,2025-07-17
CUST01138,Customer_01138,Small Business,USA,Seattle,2025-01-21
CUST01139,Customer_01139,Individual,USA,Seattle,2023-12-05
CUST01140,Customer_01140,Small Business,UK,Manchester,2025-11-11
CUST01141,Customer_01141,Individual,Australia,Sydney,2023-04-15
CUST01142,Customer_01142,Individual,India,Delhi,2025-02-08
CUST01143,Customer_01143,Small Business,Canada,Montreal,2024-12-16
CUST01144,Customer_01144,Individual,UK,Birmingham,2025-02-01
CUST01145,Customer_01145,Individual,India,Bangalore,2026-05-29
CUST01146,Customer_01146,Individual,Germany,Munich,2024-01-14
CUST01147,Customer_01147,Enterprise,Australia,Sydney,2026-05-30
CUST01148,Customer_01148,Individual,UK,Birmingham,2024-12-13
CUST01149,Customer_01149,Small Business,Germany,Berlin,2023-08-13
CUST01150,Customer_01150,Individual,Germany,Berlin,2025-01-07
CUST01151,Customer_01151,Individual,Canada,Vancouver,2023-08-24
CUST01152,Customer_01152,Individual,Australia,Brisbane,2023-07-02
CUST01153,Customer_01153,Enterprise,Canada,Montreal,2024-12-12
CUST01154,Customer_01154,Individual,Canada,Montreal,2024-03-19
CUST01155,Customer_01155,Individual,UK,Manchester,2024-09-14
CUST01156,Customer_01156,Individual,Canada,Vancouver,2025-10-26
CUST01157,Customer_01157,Individual,India,Bangalore,2026-06-13
CUST01158,Customer_01158,Individual,Germany,Munich,2026-02-24
CUST01159,Customer_01159,Small Business,Germany,Munich,2026-02-01
CUST01160,Customer_01160,Individual,India,Delhi,2025-01-18
CUST01161,Customer_01161,Individual,Australia,Brisbane,2023-06-04
CUST01162,Customer_01162,Small Business,India,Hyderabad,2023-09-14
CUST01163,Customer_01163,Individual,India,Mumbai,2023-08-23
CUST01164,Customer_01164,Individual,Canada,Toronto,2024-05-14
CUST01165,Customer_01165,Individual,India,Bangalore,2023-10-16
CUST01166,Customer_01166,Small Business,Australia,Sydney,2024-05-24
CUST01167,Customer_01167,Individual,Australia,Brisbane,2024-12-09
CUST01168,Customer_01168,Individual,USA,Austin,2025-02-23
CUST01169,Customer_01169,Individual,India,Hyderabad,2025-06-12
CUST01170,Customer_01170,Small Business,India,Bangalore,2025-02-14
CUST01171,Customer_01171,Individual,UK,Manchester,2023-10-25
CUST01172,Customer_01172,Small Business,Singapore,Singapore,2023-05-17
CUST01173,Customer_01173,Small Business,UK,Birmingham,2024-01-11
CUST01174,Customer_01174,Small Business,India,Hyderabad,2023-03-28
CUST01175,Customer_01175,Individual,UK,Manchester,2026-05-07
CUST01176,Customer_01176,Individual,USA,Seattle,2024-03-12
CUST01177,Customer_01177,Individual,Australia,Brisbane,2025-02-02
CUST01178,Customer_01178,Individual,India,Chennai,2024-12-02
CUST01179,Customer_01179,Individual,Canada,Montreal,2025-07-30
CUST01180,Customer_01180,Small Business,USA,New York,2023-06-01
CUST01181,Customer_01181,Individual,Singapore,Singapore,2025-10-28
CUST01182,Customer_01182,Individual,India,Mumbai,2025-03-17
CUST01183,Customer_01183,Small Business,UK,Manchester,2023-08-23
CUST01184,Customer_01184,Small Business,Singapore,Singapore,2024-11-05
CUST01185,Customer_01185,Individual,India,Hyderabad,2024-07-14
CUST01186,Customer_01186,Small Business,Singapore,Singapore,2023-02-07
CUST01187,Customer_01187,Individual,Canada,Vancouver,2026-03-05
CUST01188,Customer_01188,Small Business,India,Delhi,2025-04-01
CUST01189,Customer_01189,Small Business,India,Chennai,2024-02-25
CUST01190,Customer_01190,Small Business,Canada,Toronto,2026-05-27
CUST01191,Customer_01191,Small Business,India,Bangalore,2023-12-14
CUST01192,Customer_01192,Individual,UK,London,2026-01-07
CUST01193,Customer_01193,Individual,India,Delhi,2025-01-17
CUST01194,Customer_01194,Small Business,UK,Manchester,2023-09-30
CUST01195,Customer_01195,Individual,India,Mumbai,2026-03-30
CUST01196,Customer_01196,Enterprise,Germany,Berlin,2023-11-04
CUST01197,Customer_01197,Individual,Singapore,Singapore,2025-09-02
CUST01198,Customer_01198,Individual,Singapore,Singapore,2025-01-02
CUST01199,Customer_01199,Individual,Canada,Vancouver,2025-10-29
CUST01200,Customer_01200,Individual,India,Delhi,2024-03-19
CUST01201,Customer_01201,Small Business,Canada,Vancouver,2026-02-10
CUST01202,Customer_01202,Small Business,India,Mumbai,2026-05-13
CUST01203,Customer_01203,Small Business,India,Hyderabad,2024-02-09
CUST01204,Customer_01204,Small Business,India,Mumbai,2025-05-02
CUST01205,Customer_01205,Enterprise,USA,New York,2026-05-05
CUST01206,Customer_01206,Small Business,Australia,Sydney,2025-02-16
CUST01207,Customer_01207,Individual,Canada,Montreal,2023-04-25
CUST01208,Customer_01208,Small Business,USA,Seattle,2026-02-18
CUST01209,Customer_01209,Individual,India,Hyderabad,2023-03-06
CUST01210,Customer_01210,Individual,Singapore,Singapore,2025-04-04
CUST01211,Customer_01211,Small Business,USA,Boston,2023-08-27
CUST01212,Customer_01212,Individual,USA,Chicago,2023-10-29
CUST01213,Customer_01213,Individual,India,Delhi,2025-08-26
CUST01214,Customer_01214,Individual,Australia,Sydney,2024-01-04
CUST01215,Customer_01215,Individual,Canada,Vancouver,2023-08-21
CUST01216,Customer_01216,Enterprise,India,Mumbai,2023-07-14
CUST01217,Customer_01217,Individual,India,Bangalore,2025-06-25
CUST01218,Customer_01218,Individual,Canada,Montreal,2025-11-01
CUST01219,Customer_01219,Individual,UK,London,2025-07-09
CUST01220,Customer_01220,Individual,India,Chennai,2024-11-19
CUST01221,Customer_01221,Enterprise,Singapore,Singapore,2023-06-26
CUST01222,Customer_01222,Individual,India,Hyderabad,2023-08-05
CUST01223,Customer_01223,Small Business,USA,New York,2025-10-31
CUST01224,Customer_01224,Small Business,Singapore,Singapore,2024-09-21
CUST01225,Customer_01225,Enterprise,USA,Austin,2023-06-13
CUST01226,Customer_01226,Small Business,UK,London,2023-02-22
CUST01227,Customer_01227,Small Business,USA,Austin,2023-08-06
CUST01228,Customer_01228,Individual,India,Mumbai,2025-09-25
CUST01229,Customer_01229,Individual,Singapore,Singapore,2025-04-03
CUST01230,Customer_01230,Individual,USA,New York,2024-01-20
CUST01231,Customer_01231,Enterprise,Germany,Hamburg,2023-02-25
CUST01232,Customer_01232,Individual,India,Mumbai,2023-04-28
CUST01233,Customer_01233,Individual,India,Bangalore,2025-06-18
CUST01234,Customer_01234,Individual,India,Chennai,2026-06-30
CUST01235,Customer_01235,Individual,UK,Manchester,2025-03-08
CUST01236,Customer_01236,Individual,USA,Boston,2025-02-18
CUST01237,Customer_01237,Enterprise,Germany,Berlin,2025-10-12
CUST01238,Customer_01238,Individual,USA,Seattle,2025-03-13
CUST01239,Customer_01239,Small Business,Singapore,Singapore,2025-04-24
CUST01240,Customer_01240,Small Business,India,Hyderabad,2026-04-18
CUST01241,Customer_01241,Individual,Germany,Hamburg,2026-06-12
CUST01242,Customer_01242,Individual,Australia,Melbourne,2025-05-04
CUST01243,Customer_01243,Individual,Australia,Sydney,2024-12-08
CUST01244,Customer_01244,Individual,Australia,Melbourne,2026-01-08
CUST01245,Customer_01245,Small Business,Canada,Toronto,2023-01-22
CUST01246,Customer_01246,Individual,UK,Manchester,2025-04-22
CUST01247,Customer_01247,Individual,India,Bangalore,2026-01-21
CUST01248,Customer_01248,Small Business,India,Hyderabad,2023-07-11
CUST01249,Customer_01249,Enterprise,Germany,Hamburg,2025-10-15
CUST01250,Customer_01250,Small Business,UK,Manchester,2026-01-31
CUST01251,Customer_01251,Small Business,Australia,Brisbane,2024-01-31
CUST01252,Customer_01252,Small Business,USA,Austin,2025-10-27
CUST01253,Customer_01253,Individual,India,Chennai,2024-10-01
CUST01254,Customer_01254,Small Business,India,Chennai,2025-10-15
CUST01255,Customer_01255,Individual,Canada,Toronto,2024-07-20
CUST01256,Customer_01256,Small Business,USA,Chicago,2023-08-19
CUST01257,Customer_01257,Small Business,India,Chennai,2025-05-23
CUST01258,Customer_01258,Individual,USA,New York,2024-07-27
CUST01259,Customer_01259,Small Business,India,Bangalore,2023-08-28
CUST01260,Customer_01260,Enterprise,UK,London,2023-03-31
CUST01261,Customer_01261,Individual,India,Chennai,2023-08-20
CUST01262,Customer_01262,Small Business,Australia,Sydney,2024-04-01
CUST01263,Customer_01263,Individual,India,Delhi,2023-08-21
CUST01264,Customer_01264,Small Business,USA,Boston,2023-12-20
CUST01265,Customer_01265,Individual,India,Mumbai,2025-10-01
CUST01266,Customer_01266,Small Business,India,Mumbai,2024-03-14
CUST01267,Customer_01267,Enterprise,USA,Boston,2023-12-11
CUST01268,Customer_01268,Enterprise,USA,Austin,2024-10-25
CUST01269,Customer_01269,Small Business,UK,Manchester,2024-10-18
CUST01270,Customer_01270,Individual,India,Mumbai,2023-05-10
CUST01271,Customer_01271,Enterprise,Canada,Montreal,2023-05-21
CUST01272,Customer_01272,Individual,Germany,Berlin,2024-02-19
CUST01273,Customer_01273,Enterprise,Australia,Brisbane,2026-01-21
CUST01274,Customer_01274,Individual,India,Bangalore,2024-09-17
CUST01275,Customer_01275,Individual,USA,Boston,2023-10-11
CUST01276,Customer_01276,Small Business,India,Hyderabad,2023-08-11
CUST01277,Customer_01277,Individual,India,Delhi,2025-01-13
CUST01278,Customer_01278,Individual,Singapore,Singapore,2024-04-07
CUST01279,Customer_01279,Individual,India,Bangalore,2026-03-09
CUST01280,Customer_01280,Individual,USA,Seattle,2023-12-23
CUST01281,Customer_01281,Individual,UK,Birmingham,2025-11-12
CUST01282,Customer_01282,Individual,Canada,Vancouver,2025-05-08
CUST01283,Customer_01283,Individual,UK,London,2024-10-26
CUST01284,Customer_01284,Individual,India,Hyderabad,2025-10-11
CUST01285,Customer_01285,Small Business,India,Chennai,2023-03-26
CUST01286,Customer_01286,Individual,USA,Austin,2024-09-12
CUST01287,Customer_01287,Enterprise,India,Delhi,2025-11-20
CUST01288,Customer_01288,Enterprise,USA,New York,2023-08-28
CUST01289,Customer_01289,Individual,India,Mumbai,2023-12-29
CUST01290,Customer_01290,Small Business,India,Delhi,2025-04-01
CUST01291,Customer_01291,Small Business,USA,Chicago,2024-10-29
CUST01292,Customer_01292,Enterprise,India,Mumbai,2023-04-09
CUST01293,Customer_01293,Small Business,UK,London,2023-02-16
CUST01294,Customer_01294,Individual,Canada,Toronto,2025-04-18
CUST01295,Customer_01295,Small Business,Australia,Brisbane,2024-02-26
CUST01296,Customer_01296,Small Business,India,Mumbai,2023-03-03
CUST01297,Customer_01297,Small Business,India,Hyderabad,2026-02-06
CUST01298,Customer_01298,Individual,India,Delhi,2026-02-16
CUST01299,Customer_01299,Enterprise,UK,Manchester,2025-10-06
CUST01300,Customer_01300,Enterprise,Canada,Toronto,2024-08-20
CUST01301,Customer_01301,Individual,India,Bangalore,2024-01-27
CUST01302,Customer_01302,Individual,Singapore,Singapore,2025-09-03
CUST01303,Customer_01303,Individual,India,Delhi,2025-12-11
CUST01304,Customer_01304,Small Business,USA,Austin,2024-08-25
CUST01305,Customer_01305,Small Business,Canada,Vancouver,2023-12-03
CUST01306,Customer_01306,Small Business,Germany,Berlin,2025-03-20
CUST01307,Customer_01307,Individual,Canada,Toronto,2026-05-12
CUST01308,Customer_01308,Small Business,Australia,Brisbane,2026-06-15
CUST01309,Customer_01309,Individual,India,Hyderabad,2025-01-21
CUST01310,Customer_01310,Individual,Australia,Brisbane,2026-03-05
CUST01311,Customer_01311,Small Business,India,Hyderabad,2025-05-30
CUST01312,Customer_01312,Enterprise,Germany,Berlin,2024-09-26
CUST01313,Customer_01313,Enterprise,USA,Boston,2023-09-11
CUST01314,Customer_01314,Enterprise,Australia,Melbourne,2026-02-11
CUST01315,Customer_01315,Individual,USA,New York,2023-01-20
CUST01316,Customer_01316,Individual,UK,London,2024-06-11
CUST01317,Customer_01317,Small Business,USA,Boston,2026-03-14
CUST01318,Customer_01318,Enterprise,Canada,Toronto,2026-05-16
CUST01319,Customer_01319,Individual,India,Delhi,2024-01-11
CUST01320,Customer_01320,Individual,India,Hyderabad,2023-06-15
CUST01321,Customer_01321,Individual,India,Chennai,2026-04-19
CUST01322,Customer_01322,Small Business,India,Bangalore,2025-05-10
CUST01323,Customer_01323,Individual,Germany,Hamburg,2024-09-08
CUST01324,Customer_01324,Individual,India,Hyderabad,2024-09-03
CUST01325,Customer_01325,Individual,Singapore,Singapore,2024-05-17
CUST01326,Customer_01326,Individual,India,Hyderabad,2025-07-01
CUST01327,Customer_01327,Enterprise,India,Delhi,2023-03-20
CUST01328,Customer_01328,Individual,Australia,Brisbane,2024-08-07
CUST01329,Customer_01329,Small Business,UK,Birmingham,2024-11-18
CUST01330,Customer_01330,Small Business,USA,Seattle,2024-01-31
CUST01331,Customer_01331,Enterprise,UK,Manchester,2026-01-31
CUST01332,Customer_01332,Individual,Canada,Montreal,2024-02-06
CUST01333,Customer_01333,Enterprise,India,Delhi,2025-09-01
CUST01334,Customer_01334,Small Business,Singapore,Singapore,2023-08-12
CUST01335,Customer_01335,Enterprise,Singapore,Singapore,2024-06-01
CUST01336,Customer_01336,Enterprise,UK,Birmingham,2024-09-25
CUST01337,Customer_01337,Individual,India,Chennai,2023-08-24
CUST01338,Customer_01338,Individual,Canada,Toronto,2023-04-26
CUST01339,Customer_01339,Individual,India,Hyderabad,2026-04-01
CUST01340,Customer_01340,Small Business,India,Bangalore,2023-08-14
CUST01341,Customer_01341,Individual,India,Bangalore,2023-08-18
CUST01342,Customer_01342,Individual,USA,Boston,2023-07-01
CUST01343,Customer_01343,Individual,Germany,Berlin,2026-06-26
CUST01344,Customer_01344,Individual,Canada,Montreal,2023-07-29
CUST01345,Customer_01345,Individual,Canada,Montreal,2023-04-06
CUST01346,Customer_01346,Individual,USA,New York,2025-06-12
CUST01347,Customer_01347,Individual,India,Mumbai,2025-01-25
CUST01348,Customer_01348,Individual,USA,Seattle,2026-01-14
CUST01349,Customer_01349,Individual,Singapore,Singapore,2024-02-19
CUST01350,Customer_01350,Individual,India,Hyderabad,2024-01-29
CUST01351,Customer_01351,Enterprise,Germany,Munich,2024-11-26
CUST01352,Customer_01352,Small Business,UK,London,2025-04-23
CUST01353,Customer_01353,Individual,USA,New York,2024-08-26
CUST01354,Customer_01354,Individual,Canada,Montreal,2024-08-04
CUST01355,Customer_01355,Small Business,USA,Chicago,2023-05-13
CUST01356,Customer_01356,Enterprise,Germany,Munich,2025-03-01
CUST01357,Customer_01357,Enterprise,Germany,Hamburg,2024-10-10
CUST01358,Customer_01358,Small Business,USA,Chicago,2023-08-09
CUST01359,Customer_01359,Individual,India,Chennai,2025-09-02
CUST01360,Customer_01360,Individual,UK,London,2025-12-05
CUST01361,Customer_01361,Individual,Germany,Hamburg,2026-04-30
CUST01362,Customer_01362,Enterprise,India,Bangalore,2025-02-26
CUST01363,Customer_01363,Small Business,UK,Manchester,2024-11-21
CUST01364,Customer_01364,Small Business,UK,London,2023-02-08
CUST01365,Customer_01365,Individual,Canada,Toronto,2024-11-20
CUST01366,Customer_01366,Small Business,India,Delhi,2023-06-11
CUST01367,Customer_01367,Individual,Canada,Montreal,2026-02-01
CUST01368,Customer_01368,Individual,Germany,Berlin,2023-06-10
CUST01369,Customer_01369,Individual,India,Mumbai,2025-12-13
CUST01370,Customer_01370,Small Business,India,Hyderabad,2025-11-23
CUST01371,Customer_01371,Individual,Singapore,Singapore,2023-08-30
CUST01372,Customer_01372,Enterprise,India,Hyderabad,2025-08-24
CUST01373,Customer_01373,Individual,Germany,Munich,2025-06-08
CUST01374,Customer_01374,Small Business,USA,New York,2023-04-23
CUST01375,Customer_01375,Small Business,India,Chennai,2025-10-10
CUST01376,Customer_01376,Individual,Germany,Hamburg,2023-11-14
CUST01377,Customer_01377,Small Business,USA,New York,2023-01-23
CUST01378,Customer_01378,Small Business,USA,Austin,2025-04-03
CUST01379,Customer_01379,Small Business,USA,Seattle,2026-02-15
CUST01380,Customer_01380,Enterprise,UK,London,2024-12-01
CUST01381,Customer_01381,Small Business,India,Chennai,2025-10-15
CUST01382,Customer_01382,Individual,USA,Chicago,2026-05-20
CUST01383,Customer_01383,Small Business,Singapore,Singapore,2026-02-10
CUST01384,Customer_01384,Individual,India,Mumbai,2025-12-03
CUST01385,Customer_01385,Individual,UK,Manchester,2023-05-08
CUST01386,Customer_01386,Individual,India,Chennai,2025-05-25
CUST01387,Customer_01387,Small Business,Australia,Brisbane,2023-06-07
CUST01388,Customer_01388,Small Business,India,Bangalore,2025-04-06
CUST01389,Customer_01389,Individual,Singapore,Singapore,2025-05-01
CUST01390,Customer_01390,Small Business,USA,Boston,2024-05-26
CUST01391,Customer_01391,Enterprise,India,Chennai,2023-02-14
CUST01392,Customer_01392,Individual,India,Chennai,2026-02-05
CUST01393,Customer_01393,Individual,India,Bangalore,2023-08-07
CUST01394,Customer_01394,Small Business,USA,Austin,2024-03-18
CUST01395,Customer_01395,Individual,India,Chennai,2023-11-11
CUST01396,Customer_01396,Small Business,Australia,Sydney,2023-06-26
CUST01397,Customer_01397,Individual,USA,New York,2023-08-16
CUST01398,Customer_01398,Individual,India,Hyderabad,2023-09-24
CUST01399,Customer_01399,Small Business,UK,Manchester,2025-05-19
CUST01400,Customer_01400,Small Business,Canada,Vancouver,2025-04-17
CUST01401,Customer_01401,Small Business,India,Delhi,2024-05-03
CUST01402,Customer_01402,Enterprise,India,Delhi,2024-12-02
CUST01403,Customer_01403,Small Business,India,Hyderabad,2024-11-17
CUST01404,Customer_01404,Small Business,Canada,Montreal,2025-09-22
CUST01405,Customer_01405,Individual,UK,London,2023-12-23
CUST01406,Customer_01406,Small Business,USA,New York,2025-05-21
CUST01407,Customer_01407,Individual,Australia,Brisbane,2023-07-23
CUST01408,Customer_01408,Small Business,Australia,Sydney,2026-05-21
CUST01409,Customer_01409,Individual,UK,Birmingham,2024-07-05
CUST01410,Customer_01410,Small Business,Germany,Berlin,2023-11-19
CUST01411,Customer_01411,Individual,India,Chennai,2024-08-16
CUST01412,Customer_01412,Small Business,India,Mumbai,2023-06-30
CUST01413,Customer_01413,Enterprise,India,Bangalore,2024-05-13
CUST01414,Customer_01414,Individual,India,Delhi,2023-03-24
CUST01415,Customer_01415,Enterprise,USA,Seattle,2023-10-30
CUST01416,Customer_01416,Individual,Singapore,Singapore,2023-09-19
CUST01417,Customer_01417,Small Business,India,Bangalore,2025-02-22
CUST01418,Customer_01418,Enterprise,India,Chennai,2026-05-08
CUST01419,Customer_01419,Individual,USA,Austin,2026-06-17
CUST01420,Customer_01420,Enterprise,Singapore,Singapore,2025-07-02
CUST01421,Customer_01421,Individual,India,Mumbai,2024-11-22
CUST01422,Customer_01422,Individual,USA,Seattle,2025-08-01
CUST01423,Customer_01423,Enterprise,India,Mumbai,2024-11-13
CUST01424,Customer_01424,Individual,India,Bangalore,2024-11-19
CUST01425,Customer_01425,Enterprise,Singapore,Singapore,2024-01-31
CUST01426,Customer_01426,Enterprise,Singapore,Singapore,2026-03-07
CUST01427,Customer_01427,Individual,India,Chennai,2025-04-18
CUST01428,Customer_01428,Small Business,Singapore,Singapore,2025-05-27
CUST01429,Customer_01429,Individual,UK,Manchester,2025-04-02
CUST01430,Customer_01430,Individual,Germany,Munich,2026-02-26
CUST01431,Customer_01431,Individual,USA,Boston,2023-02-18
CUST01432,Customer_01432,Individual,USA,Seattle,2025-02-27
CUST01433,Customer_01433,Individual,USA,Austin,2023-10-20
CUST01434,Customer_01434,Individual,UK,London,2024-06-19
CUST01435,Customer_01435,Enterprise,India,Mumbai,2023-11-07
CUST01436,Customer_01436,Small Business,India,Chennai,2024-06-20
CUST01437,Customer_01437,Small Business,India,Chennai,2024-09-30
CUST01438,Customer_01438,Small Business,Canada,Toronto,2023-08-22
CUST01439,Customer_01439,Small Business,India,Mumbai,2026-05-17
CUST01440,Customer_01440,Individual,Canada,Toronto,2024-08-27
CUST01441,Customer_01441,Small Business,Singapore,Singapore,2023-04-04
CUST01442,Customer_01442,Enterprise,India,Chennai,2023-11-23
CUST01443,Customer_01443,Individual,Canada,Toronto,2023-08-13
CUST01444,Customer_01444,Small Business,USA,Austin,2025-08-24
CUST01445,Customer_01445,Small Business,Germany,Munich,2025-06-08
CUST01446,Customer_01446,Enterprise,India,Hyderabad,2023-01-11
CUST01447,Customer_01447,Small Business,Canada,Vancouver,2025-11-01
CUST01448,Customer_01448,Individual,Australia,Brisbane,2023-02-04
CUST01449,Customer_01449,Individual,Singapore,Singapore,2024-03-22
CUST01450,Customer_01450,Individual,Canada,Montreal,2026-05-28
CUST01451,Customer_01451,Small Business,USA,Seattle,2024-03-16
CUST01452,Customer_01452,Individual,UK,Birmingham,2024-10-14
CUST01453,Customer_01453,Enterprise,Germany,Hamburg,2024-08-17
CUST01454,Customer_01454,Individual,UK,Manchester,2023-08-17
CUST01455,Customer_01455,Individual,India,Chennai,2023-12-10
CUST01456,Customer_01456,Individual,Singapore,Singapore,2026-01-08
CUST01457,Customer_01457,Small Business,Canada,Montreal,2025-09-15
CUST01458,Customer_01458,Individual,Canada,Montreal,2026-02-25
CUST01459,Customer_01459,Individual,India,Bangalore,2025-06-27
CUST01460,Customer_01460,Individual,UK,Manchester,2024-06-10
CUST01461,Customer_01461,Individual,USA,Austin,2023-03-16
CUST01462,Customer_01462,Individual,UK,London,2023-07-15
CUST01463,Customer_01463,Small Business,India,Hyderabad,2023-01-29
CUST01464,Customer_01464,Small Business,UK,Birmingham,2024-12-06
CUST01465,Customer_01465,Individual,Singapore,Singapore,2025-10-17
CUST01466,Customer_01466,Small Business,India,Mumbai,2023-01-16
CUST01467,Customer_01467,Enterprise,Singapore,Singapore,2025-03-15
CUST01468,Customer_01468,Small Business,USA,Chicago,2025-07-28
CUST01469,Customer_01469,Small Business,Germany,Hamburg,2025-08-24
CUST01470,Customer_01470,Enterprise,Australia,Brisbane,2026-01-05
CUST01471,Customer_01471,Enterprise,UK,Birmingham,2023-08-17
CUST01472,Customer_01472,Small Business,Canada,Vancouver,2025-08-19
CUST01473,Customer_01473,Individual,Germany,Berlin,2024-12-15
CUST01474,Customer_01474,Small Business,USA,New York,2025-09-10
CUST01475,Customer_01475,Small Business,India,Delhi,2024-07-26
CUST01476,Customer_01476,Individual,UK,Manchester,2024-09-06
CUST01477,Customer_01477,Individual,Australia,Sydney,2023-11-22
CUST01478,Customer_01478,Small Business,Canada,Montreal,2025-05-24
CUST01479,Customer_01479,Small Business,Australia,Sydney,2023-12-25
CUST01480,Customer_01480,Individual,USA,Austin,2023-11-20
CUST01481,Customer_01481,Small Business,Australia,Sydney,2023-06-14
CUST01482,Customer_01482,Individual,India,Chennai,2025-03-08
CUST01483,Customer_01483,Individual,USA,Boston,2024-03-30
CUST01484,Customer_01484,Small Business,India,Chennai,2026-03-22
CUST01485,Customer_01485,Individual,India,Delhi,2026-02-24
CUST01486,Customer_01486,Individual,USA,Boston,2023-07-12
CUST01487,Customer_01487,Enterprise,USA,Austin,2024-09-18
CUST01488,Customer_01488,Individual,Canada,Toronto,2024-06-13
CUST01489,Customer_01489,Individual,USA,Chicago,2025-10-30
CUST01490,Customer_01490,Enterprise,USA,New York,2023-04-02
CUST01491,Customer_01491,Small Business,India,Mumbai,2023-05-19
CUST01492,Customer_01492,Small Business,USA,Boston,2024-04-25
CUST01493,Customer_01493,Enterprise,India,Mumbai,2024-03-24
CUST01494,Customer_01494,Individual,India,Bangalore,2025-05-18
CUST01495,Customer_01495,Small Business,UK,Manchester,2023-12-06
CUST01496,Customer_01496,Small Business,UK,Birmingham,2025-12-11
CUST01497,Customer_01497,Small Business,UK,Birmingham,2024-04-10
CUST01498,Customer_01498,Small Business,USA,Seattle,2024-12-18
CUST01499,Customer_01499,Small Business,USA,New York,2025-03-09
CUST01500,Customer_01500,Individual,Germany,Berlin,2024-04-19
CUST01501,Customer_01501,Individual,USA,Seattle,2024-02-05
CUST01502,Customer_01502,Small Business,USA,Austin,2024-08-27
CUST01503,Customer_01503,Small Business,India,Hyderabad,2025-07-20
CUST01504,Customer_01504,Small Business,India,Delhi,2025-09-23
CUST01505,Customer_01505,Individual,USA,Boston,2025-07-10
CUST01506,Customer_01506,Small Business,USA,Chicago,2025-03-31
CUST01507,Customer_01507,Small Business,UK,Birmingham,2024-10-18
CUST01508,Customer_01508,Small Business,USA,Chicago,2024-08-20
CUST01509,Customer_01509,Small Business,UK,London,2026-03-22
CUST01510,Customer_01510,Enterprise,Canada,Toronto,2024-05-28
CUST01511,Customer_01511,Small Business,Australia,Melbourne,2025-10-26
CUST01512,Customer_01512,Small Business,Canada,Vancouver,2024-05-14
CUST01513,Customer_01513,Small Business,Singapore,Singapore,2024-12-17
CUST01514,Customer_01514,Enterprise,India,Hyderabad,2026-02-15
CUST01515,Customer_01515,Small Business,India,Bangalore,2024-08-23
CUST01516,Customer_01516,Small Business,India,Chennai,2024-10-27
CUST01517,Customer_01517,Small Business,UK,Manchester,2024-04-12
CUST01518,Customer_01518,Small Business,Germany,Munich,2023-06-10
CUST01519,Customer_01519,Individual,India,Bangalore,2023-09-27
CUST01520,Customer_01520,Individual,Germany,Berlin,2025-12-15
CUST01521,Customer_01521,Enterprise,India,Delhi,2023-08-16
CUST01522,Customer_01522,Small Business,Singapore,Singapore,2025-04-28
CUST01523,Customer_01523,Small Business,USA,New York,2023-05-29
CUST01524,Customer_01524,Enterprise,India,Hyderabad,2025-12-05
CUST01525,Customer_01525,Small Business,USA,Chicago,2026-03-13
CUST01526,Customer_01526,Small Business,India,Bangalore,2024-09-23
CUST01527,Customer_01527,Small Business,India,Delhi,2024-02-17
CUST01528,Customer_01528,Small Business,India,Chennai,2024-06-03
CUST01529,Customer_01529,Individual,Australia,Sydney,2024-01-22
CUST01530,Customer_01530,Individual,USA,Austin,2023-10-02
CUST01531,Customer_01531,Individual,India,Chennai,2023-12-19
CUST01532,Customer_01532,Individual,UK,Birmingham,2025-12-25
CUST01533,Customer_01533,Small Business,Canada,Montreal,2026-01-07
CUST01534,Customer_01534,Individual,India,Mumbai,2024-08-20
CUST01535,Customer_01535,Individual,USA,Chicago,2026-05-10
CUST01536,Customer_01536,Individual,India,Bangalore,2024-07-11
CUST01537,Customer_01537,Individual,India,Chennai,2023-04-23
CUST01538,Customer_01538,Small Business,Canada,Montreal,2026-01-19
CUST01539,Customer_01539,Enterprise,India,Bangalore,2023-05-21
CUST01540,Customer_01540,Small Business,USA,Seattle,2024-12-30
CUST01541,Customer_01541,Individual,Canada,Vancouver,2024-08-11
CUST01542,Customer_01542,Individual,India,Bangalore,2024-02-15
CUST01543,Customer_01543,Individual,UK,Birmingham,2024-01-12
CUST01544,Customer_01544,Small Business,India,Mumbai,2026-03-21
CUST01545,Customer_01545,Individual,Singapore,Singapore,2025-01-20
CUST01546,Customer_01546,Small Business,USA,Boston,2024-09-18
CUST01547,Customer_01547,Individual,Australia,Brisbane,2025-09-21
CUST01548,Customer_01548,Small Business,UK,Manchester,2024-12-03
CUST01549,Customer_01549,Individual,India,Delhi,2024-04-06
CUST01550,Customer_01550,Individual,UK,Birmingham,2023-01-12
CUST01551,Customer_01551,Small Business,Singapore,Singapore,2026-03-25
CUST01552,Customer_01552,Individual,UK,London,2024-04-21
CUST01553,Customer_01553,Individual,Australia,Melbourne,2025-07-27
CUST01554,Customer_01554,Small Business,Germany,Hamburg,2024-02-05
CUST01555,Customer_01555,Small Business,India,Delhi,2025-03-18
CUST01556,Customer_01556,Small Business,India,Mumbai,2023-06-26
CUST01557,Customer_01557,Individual,UK,Birmingham,2023-02-26
CUST01558,Customer_01558,Individual,USA,Chicago,2024-03-23
CUST01559,Customer_01559,Individual,Australia,Melbourne,2023-07-22
CUST01560,Customer_01560,Individual,Germany,Berlin,2025-01-07
CUST01561,Customer_01561,Enterprise,USA,Chicago,2023-07-21
CUST01562,Customer_01562,Small Business,India,Mumbai,2023-12-29
CUST01563,Customer_01563,Individual,Australia,Melbourne,2025-06-10
CUST01564,Customer_01564,Small Business,India,Mumbai,2024-03-29
CUST01565,Customer_01565,Individual,Australia,Melbourne,2023-12-22
CUST01566,Customer_01566,Enterprise,USA,New York,2023-08-04
CUST01567,Customer_01567,Individual,UK,London,2025-08-29
CUST01568,Customer_01568,Individual,India,Chennai,2024-07-08
CUST01569,Customer_01569,Small Business,UK,Birmingham,2025-06-05
CUST01570,Customer_01570,Small Business,USA,Seattle,2023-01-23
CUST01571,Customer_01571,Small Business,UK,Birmingham,2023-06-04
CUST01572,Customer_01572,Individual,India,Delhi,2026-04-24
CUST01573,Customer_01573,Individual,Canada,Vancouver,2023-09-06
CUST01574,Customer_01574,Individual,Germany,Berlin,2025-01-18
CUST01575,Customer_01575,Individual,India,Delhi,2025-03-15
CUST01576,Customer_01576,Enterprise,India,Chennai,2023-05-14
CUST01577,Customer_01577,Individual,India,Mumbai,2023-11-17
CUST01578,Customer_01578,Individual,UK,Manchester,2024-01-25
CUST01579,Customer_01579,Small Business,UK,London,2024-03-09
CUST01580,Customer_01580,Individual,USA,Chicago,2025-11-11
CUST01581,Customer_01581,Small Business,India,Hyderabad,2025-05-22
CUST01582,Customer_01582,Small Business,USA,Austin,2026-02-22
CUST01583,Customer_01583,Individual,UK,Manchester,2026-01-07
CUST01584,Customer_01584,Enterprise,USA,Austin,2025-05-07
CUST01585,Customer_01585,Small Business,Singapore,Singapore,2023-02-20
CUST01586,Customer_01586,Individual,India,Hyderabad,2023-06-25
CUST01587,Customer_01587,Individual,Canada,Montreal,2025-05-19
CUST01588,Customer_01588,Individual,USA,Seattle,2023-09-10
CUST01589,Customer_01589,Small Business,USA,Chicago,2025-08-23
CUST01590,Customer_01590,Small Business,Canada,Vancouver,2026-06-23
CUST01591,Customer_01591,Small Business,Canada,Toronto,2025-01-08
CUST01592,Customer_01592,Enterprise,Singapore,Singapore,2026-02-03
CUST01593,Customer_01593,Small Business,India,Hyderabad,2026-05-01
CUST01594,Customer_01594,Small Business,India,Delhi,2023-10-29
CUST01595,Customer_01595,Individual,Canada,Toronto,2024-07-01
CUST01596,Customer_01596,Small Business,UK,London,2024-12-16
CUST01597,Customer_01597,Individual,India,Hyderabad,2025-02-17
CUST01598,Customer_01598,Small Business,India,Delhi,2023-09-25
CUST01599,Customer_01599,Individual,India,Chennai,2026-04-08
CUST01600,Customer_01600,Individual,Germany,Berlin,2025-10-06
CUST01601,Customer_01601,Individual,India,Delhi,2024-07-04
CUST01602,Customer_01602,Individual,India,Mumbai,2026-03-10
CUST01603,Customer_01603,Small Business,India,Chennai,2026-03-15
CUST01604,Customer_01604,Individual,USA,Chicago,2023-11-10
CUST01605,Customer_01605,Small Business,India,Delhi,2023-07-03
CUST01606,Customer_01606,Individual,USA,New York,2024-12-13
CUST01607,Customer_01607,Small Business,India,Hyderabad,2023-05-08
CUST01608,Customer_01608,Individual,Australia,Melbourne,2026-06-30
CUST01609,Customer_01609,Individual,India,Bangalore,2024-11-30
CUST01610,Customer_01610,Small Business,USA,New York,2024-01-21
CUST01611,Customer_01611,Individual,Germany,Munich,2026-06-07
CUST01612,Customer_01612,Individual,UK,Manchester,2023-09-28
CUST01613,Customer_01613,Individual,USA,Austin,2025-03-21
CUST01614,Customer_01614,Individual,India,Bangalore,2024-02-19
CUST01615,Customer_01615,Small Business,India,Mumbai,2023-07-17
CUST01616,Customer_01616,Individual,UK,Birmingham,2025-12-15
CUST01617,Customer_01617,Small Business,Singapore,Singapore,2025-04-10
CUST01618,Customer_01618,Small Business,UK,London,2026-05-11
CUST01619,Customer_01619,Individual,UK,Birmingham,2024-09-19
CUST01620,Customer_01620,Enterprise,Canada,Toronto,2024-08-26
CUST01621,Customer_01621,Small Business,USA,Seattle,2026-03-07
CUST01622,Customer_01622,Small Business,India,Delhi,2025-12-16
CUST01623,Customer_01623,Small Business,UK,London,2025-10-06
CUST01624,Customer_01624,Small Business,Singapore,Singapore,2023-03-12
CUST01625,Customer_01625,Small Business,India,Mumbai,2025-06-29
CUST01626,Customer_01626,Individual,Canada,Toronto,2024-08-16
CUST01627,Customer_01627,Individual,India,Mumbai,2024-08-22
CUST01628,Customer_01628,Individual,USA,Chicago,2024-05-28
CUST01629,Customer_01629,Individual,India,Mumbai,2023-03-25
CUST01630,Customer_01630,Individual,USA,Seattle,2025-09-20
CUST01631,Customer_01631,Individual,Canada,Toronto,2025-12-02
CUST01632,Customer_01632,Individual,India,Mumbai,2025-04-18
CUST01633,Customer_01633,Small Business,UK,London,2024-08-28
CUST01634,Customer_01634,Enterprise,Australia,Sydney,2025-03-20
CUST01635,Customer_01635,Enterprise,Germany,Munich,2023-05-13
CUST01636,Customer_01636,Individual,India,Bangalore,2025-12-24
CUST01637,Customer_01637,Small Business,USA,Seattle,2023-10-17
CUST01638,Customer_01638,Enterprise,India,Hyderabad,2024-01-11
CUST01639,Customer_01639,Individual,Singapore,Singapore,2025-02-07
CUST01640,Customer_01640,Individual,Germany,Hamburg,2024-04-11
CUST01641,Customer_01641,Enterprise,USA,New York,2026-05-21
CUST01642,Customer_01642,Small Business,Australia,Sydney,2026-03-17
CUST01643,Customer_01643,Individual,USA,Seattle,2024-04-15
CUST01644,Customer_01644,Individual,UK,Birmingham,2023-05-29
CUST01645,Customer_01645,Individual,India,Chennai,2023-03-29
CUST01646,Customer_01646,Small Business,Canada,Toronto,2024-01-31
CUST01647,Customer_01647,Small Business,India,Hyderabad,2025-02-28
CUST01648,Customer_01648,Individual,Australia,Brisbane,2026-01-10
CUST01649,Customer_01649,Individual,Australia,Melbourne,2025-05-14
CUST01650,Customer_01650,Small Business,Canada,Montreal,2023-01-24
CUST01651,Customer_01651,Small Business,India,Hyderabad,2025-08-13
CUST01652,Customer_01652,Individual,India,Bangalore,2023-11-07
CUST01653,Customer_01653,Enterprise,India,Mumbai,2026-05-16
CUST01654,Customer_01654,Individual,USA,Chicago,2024-10-25
CUST01655,Customer_01655,Individual,India,Chennai,2024-03-13
CUST01656,Customer_01656,Small Business,Singapore,Singapore,2024-12-06
CUST01657,Customer_01657,Individual,UK,Birmingham,2024-02-26
CUST01658,Customer_01658,Small Business,India,Bangalore,2023-11-17
CUST01659,Customer_01659,Small Business,USA,Chicago,2024-08-09
CUST01660,Customer_01660,Small Business,USA,Chicago,2025-08-04
CUST01661,Customer_01661,Individual,UK,Manchester,2026-04-01
CUST01662,Customer_01662,Individual,USA,Austin,2026-04-03
CUST01663,Customer_01663,Individual,Germany,Hamburg,2025-04-28
CUST01664,Customer_01664,Small Business,USA,Boston,2023-02-11
CUST01665,Customer_01665,Small Business,Singapore,Singapore,2025-07-27
CUST01666,Customer_01666,Small Business,Germany,Munich,2024-01-22
CUST01667,Customer_01667,Small Business,India,Mumbai,2026-03-07
CUST01668,Customer_01668,Enterprise,Singapore,Singapore,2026-04-25
CUST01669,Customer_01669,Small Business,India,Bangalore,2025-06-28
CUST01670,Customer_01670,Individual,Australia,Melbourne,2024-12-16
CUST01671,Customer_01671,Individual,USA,New York,2024-03-06
CUST01672,Customer_01672,Small Business,Germany,Hamburg,2024-07-07
CUST01673,Customer_01673,Individual,Germany,Hamburg,2025-03-10
CUST01674,Customer_01674,Individual,Australia,Melbourne,2024-03-01
CUST01675,Customer_01675,Small Business,Australia,Brisbane,2023-01-26
CUST01676,Customer_01676,Small Business,India,Bangalore,2024-01-20
CUST01677,Customer_01677,Individual,India,Chennai,2023-02-25
CUST01678,Customer_01678,Small Business,USA,New York,2026-06-30
CUST01679,Customer_01679,Small Business,India,Hyderabad,2024-09-25
CUST01680,Customer_01680,Individual,Canada,Vancouver,2023-04-16
CUST01681,Customer_01681,Individual,India,Mumbai,2026-02-27
CUST01682,Customer_01682,Individual,Singapore,Singapore,2025-04-28
CUST01683,Customer_01683,Small Business,UK,London,2024-10-31
CUST01684,Customer_01684,Small Business,Australia,Brisbane,2024-01-11
CUST01685,Customer_01685,Enterprise,India,Chennai,2025-01-12
CUST01686,Customer_01686,Small Business,Germany,Berlin,2025-08-24
CUST01687,Customer_01687,Individual,Germany,Munich,2023-11-04
CUST01688,Customer_01688,Individual,USA,Boston,2023-04-01
CUST01689,Customer_01689,Small Business,UK,London,2025-03-12
CUST01690,Customer_01690,Individual,Canada,Vancouver,2023-04-20
CUST01691,Customer_01691,Individual,India,Mumbai,2024-08-07
CUST01692,Customer_01692,Individual,USA,Boston,2023-12-06
CUST01693,Customer_01693,Individual,USA,Chicago,2025-09-05
CUST01694,Customer_01694,Individual,India,Hyderabad,2023-12-22
CUST01695,Customer_01695,Individual,USA,Chicago,2023-06-17
CUST01696,Customer_01696,Individual,India,Mumbai,2024-07-10
CUST01697,Customer_01697,Individual,India,Mumbai,2025-06-23
CUST01698,Customer_01698,Small Business,India,Delhi,2023-04-15
CUST01699,Customer_01699,Small Business,Singapore,Singapore,2023-05-30
CUST01700,Customer_01700,Individual,USA,Chicago,2023-05-26
CUST01701,Customer_01701,Small Business,Singapore,Singapore,2024-12-16
CUST01702,Customer_01702,Individual,USA,Seattle,2025-05-23
CUST01703,Customer_01703,Small Business,India,Bangalore,2023-10-26
CUST01704,Customer_01704,Enterprise,USA,Seattle,2026-04-05
CUST01705,Customer_01705,Small Business,USA,Austin,2024-10-07
CUST01706,Customer_01706,Small Business,India,Hyderabad,2024-12-23
CUST01707,Customer_01707,Individual,UK,Birmingham,2025-12-07
CUST01708,Customer_01708,Individual,India,Delhi,2024-09-29
CUST01709,Customer_01709,Enterprise,UK,Manchester,2023-08-27
CUST01710,Customer_01710,Individual,UK,Manchester,2025-10-27
CUST01711,Customer_01711,Individual,India,Mumbai,2024-04-08
CUST01712,Customer_01712,Small Business,India,Bangalore,2024-03-28
CUST01713,Customer_01713,Small Business,Australia,Sydney,2025-02-22
CUST01714,Customer_01714,Enterprise,USA,Boston,2025-06-15
CUST01715,Customer_01715,Individual,India,Delhi,2024-01-06
CUST01716,Customer_01716,Enterprise,Singapore,Singapore,2024-05-01
CUST01717,Customer_01717,Individual,India,Hyderabad,2026-05-19
CUST01718,Customer_01718,Individual,Canada,Montreal,2023-06-14
CUST01719,Customer_01719,Small Business,Singapore,Singapore,2026-02-22
CUST01720,Customer_01720,Individual,India,Delhi,2023-07-11
CUST01721,Customer_01721,Individual,India,Delhi,2024-12-30
CUST01722,Customer_01722,Small Business,India,Chennai,2023-08-02
CUST01723,Customer_01723,Individual,India,Mumbai,2024-07-27
CUST01724,Customer_01724,Individual,India,Bangalore,2025-08-14
CUST01725,Customer_01725,Individual,Canada,Toronto,2024-01-16
CUST01726,Customer_01726,Individual,India,Chennai,2024-11-03
CUST01727,Customer_01727,Individual,USA,Boston,2025-03-08
CUST01728,Customer_01728,Small Business,Singapore,Singapore,2023-08-27
CUST01729,Customer_01729,Small Business,Australia,Sydney,2024-11-30
CUST01730,Customer_01730,Individual,UK,London,2026-01-10
CUST01731,Customer_01731,Small Business,India,Chennai,2024-05-19
CUST01732,Customer_01732,Individual,UK,Manchester,2023-07-21
CUST01733,Customer_01733,Individual,USA,Seattle,2025-07-08
CUST01734,Customer_01734,Small Business,USA,Boston,2023-02-06
CUST01735,Customer_01735,Individual,India,Bangalore,2024-10-05
CUST01736,Customer_01736,Enterprise,Germany,Hamburg,2025-02-03
CUST01737,Customer_01737,Individual,USA,Austin,2024-12-06
CUST01738,Customer_01738,Small Business,India,Hyderabad,2026-04-14
CUST01739,Customer_01739,Individual,USA,Seattle,2024-06-28
CUST01740,Customer_01740,Individual,USA,Austin,2026-05-09
CUST01741,Customer_01741,Individual,Australia,Brisbane,2024-06-23
CUST01742,Customer_01742,Small Business,Canada,Toronto,2025-10-13
CUST01743,Customer_01743,Small Business,Canada,Toronto,2024-01-29
CUST01744,Customer_01744,Enterprise,India,Delhi,2025-04-12
CUST01745,Customer_01745,Individual,USA,Seattle,2025-12-01
CUST01746,Customer_01746,Individual,USA,Seattle,2024-08-19
CUST01747,Customer_01747,Individual,India,Mumbai,2024-01-28
CUST01748,Customer_01748,Small Business,India,Bangalore,2024-11-30
CUST01749,Customer_01749,Enterprise,Canada,Montreal,2024-03-16
CUST01750,Customer_01750,Individual,India,Chennai,2025-07-06
CUST01751,Customer_01751,Small Business,USA,Boston,2023-11-16
CUST01752,Customer_01752,Individual,India,Hyderabad,2024-07-06
CUST01753,Customer_01753,Small Business,India,Bangalore,2026-05-23
CUST01754,Customer_01754,Enterprise,India,Delhi,2025-12-30
CUST01755,Customer_01755,Individual,Singapore,Singapore,2024-07-21
CUST01756,Customer_01756,Individual,Australia,Sydney,2025-07-07
CUST01757,Customer_01757,Enterprise,Singapore,Singapore,2023-08-24
CUST01758,Customer_01758,Enterprise,USA,Boston,2025-09-13
CUST01759,Customer_01759,Small Business,India,Hyderabad,2026-03-31
CUST01760,Customer_01760,Small Business,USA,Seattle,2026-04-29
CUST01761,Customer_01761,Individual,USA,Chicago,2025-10-29
CUST01762,Customer_01762,Small Business,Australia,Sydney,2023-03-01
CUST01763,Customer_01763,Small Business,India,Bangalore,2025-06-11
CUST01764,Customer_01764,Small Business,USA,Chicago,2023-08-13
CUST01765,Customer_01765,Individual,India,Chennai,2024-11-30
CUST01766,Customer_01766,Individual,India,Chennai,2024-08-04
CUST01767,Customer_01767,Individual,Canada,Toronto,2025-09-20
CUST01768,Customer_01768,Individual,USA,Boston,2023-06-18
CUST01769,Customer_01769,Individual,USA,New York,2025-12-21
CUST01770,Customer_01770,Individual,USA,Austin,2023-01-14
CUST01771,Customer_01771,Individual,USA,Boston,2023-06-13
CUST01772,Customer_01772,Individual,Australia,Brisbane,2025-01-26
CUST01773,Customer_01773,Small Business,Germany,Hamburg,2025-11-17
CUST01774,Customer_01774,Individual,Singapore,Singapore,2024-03-21
CUST01775,Customer_01775,Individual,Australia,Melbourne,2026-05-16
CUST01776,Customer_01776,Individual,India,Chennai,2024-12-16
CUST01777,Customer_01777,Individual,Canada,Vancouver,2025-09-02
CUST01778,Customer_01778,Small Business,USA,Boston,2025-03-29
CUST01779,Customer_01779,Individual,India,Bangalore,2023-04-14
CUST01780,Customer_01780,Small Business,Australia,Brisbane,2025-01-11
CUST01781,Customer_01781,Enterprise,India,Chennai,2024-03-01
CUST01782,Customer_01782,Small Business,Germany,Hamburg,2026-01-29
CUST01783,Customer_01783,Small Business,USA,Austin,2024-09-30
CUST01784,Customer_01784,Enterprise,UK,Manchester,2025-04-29
CUST01785,Customer_01785,Small Business,UK,London,2026-02-03
CUST01786,Customer_01786,Individual,Germany,Hamburg,2025-02-07
CUST01787,Customer_01787,Individual,UK,Manchester,2023-10-04
CUST01788,Customer_01788,Enterprise,UK,London,2025-12-24
CUST01789,Customer_01789,Individual,India,Hyderabad,2025-06-18
CUST01790,Customer_01790,Individual,USA,Boston,2023-07-07
CUST01791,Customer_01791,Small Business,India,Hyderabad,2026-03-07
CUST01792,Customer_01792,Small Business,Canada,Vancouver,2023-04-15
CUST01793,Customer_01793,Individual,USA,Seattle,2024-06-29
CUST01794,Customer_01794,Small Business,Canada,Montreal,2024-01-15
CUST01795,Customer_01795,Individual,India,Hyderabad,2023-04-20
CUST01796,Customer_01796,Small Business,India,Chennai,2024-06-28
CUST01797,Customer_01797,Individual,Canada,Montreal,2023-12-20
CUST01798,Customer_01798,Individual,India,Hyderabad,2025-01-12
CUST01799,Customer_01799,Small Business,India,Bangalore,2023-11-13
CUST01800,Customer_01800,Individual,India,Hyderabad,2025-12-24
CUST01801,Customer_01801,Small Business,Singapore,Singapore,2023-11-29
CUST01802,Customer_01802,Individual,Canada,Vancouver,2026-03-02
CUST01803,Customer_01803,Individual,USA,Seattle,2024-08-14
CUST01804,Customer_01804,Small Business,India,Bangalore,2025-02-21
CUST01805,Customer_01805,Individual,India,Chennai,2024-06-23
CUST01806,Customer_01806,Individual,Australia,Melbourne,2025-01-04
CUST01807,Customer_01807,Individual,UK,London,2024-09-12
CUST01808,Customer_01808,Small Business,India,Mumbai,2024-09-10
CUST01809,Customer_01809,Enterprise,India,Bangalore,2025-06-27
CUST01810,Customer_01810,Enterprise,India,Mumbai,2025-09-18
CUST01811,Customer_01811,Individual,UK,Manchester,2023-04-09
CUST01812,Customer_01812,Individual,Canada,Vancouver,2023-11-13
CUST01813,Customer_01813,Individual,India,Bangalore,2023-05-03
CUST01814,Customer_01814,Small Business,India,Delhi,2025-03-09
CUST01815,Customer_01815,Individual,India,Mumbai,2024-04-01
CUST01816,Customer_01816,Enterprise,Singapore,Singapore,2024-06-05
CUST01817,Customer_01817,Individual,India,Delhi,2024-06-03
CUST01818,Customer_01818,Enterprise,Canada,Vancouver,2025-07-05
CUST01819,Customer_01819,Small Business,UK,London,2024-12-17
CUST01820,Customer_01820,Small Business,USA,Chicago,2023-11-11
CUST01821,Customer_01821,Individual,India,Delhi,2024-12-09
CUST01822,Customer_01822,Individual,India,Mumbai,2024-12-10
CUST01823,Customer_01823,Individual,UK,Manchester,2025-11-09
CUST01824,Customer_01824,Individual,Australia,Brisbane,2024-07-13
CUST01825,Customer_01825,Individual,UK,Birmingham,2025-08-26
CUST01826,Customer_01826,Small Business,USA,Austin,2026-02-27
CUST01827,Customer_01827,Individual,India,Delhi,2026-03-01
CUST01828,Customer_01828,Small Business,Singapore,Singapore,2023-12-22
CUST01829,Customer_01829,Small Business,Australia,Brisbane,2025-12-13
CUST01830,Customer_01830,Individual,India,Hyderabad,2025-06-08
CUST01831,Customer_01831,Enterprise,Singapore,Singapore,2025-03-03
CUST01832,Customer_01832,Individual,UK,London,2023-09-22
CUST01833,Customer_01833,Individual,UK,Birmingham,2025-09-08
CUST01834,Customer_01834,Individual,Canada,Toronto,2026-05-23
CUST01835,Customer_01835,Small Business,Australia,Melbourne,2025-03-12
CUST01836,Customer_01836,Individual,UK,London,2023-02-12
CUST01837,Customer_01837,Individual,India,Mumbai,2025-05-11
CUST01838,Customer_01838,Small Business,India,Mumbai,2026-02-27
CUST01839,Customer_01839,Individual,Germany,Munich,2023-12-16
CUST01840,Customer_01840,Small Business,India,Bangalore,2026-02-03
CUST01841,Customer_01841,Enterprise,USA,New York,2025-06-30
CUST01842,Customer_01842,Enterprise,USA,Boston,2023-01-01
CUST01843,Customer_01843,Individual,USA,Chicago,2024-08-06
CUST01844,Customer_01844,Individual,UK,Manchester,2024-03-07
CUST01845,Customer_01845,Individual,Singapore,Singapore,2023-02-22
CUST01846,Customer_01846,Individual,India,Mumbai,2025-07-28
CUST01847,Customer_01847,Individual,India,Hyderabad,2024-06-03
CUST01848,Customer_01848,Individual,India,Chennai,2026-02-11
CUST01849,Customer_01849,Enterprise,Germany,Munich,2023-05-27
CUST01850,Customer_01850,Enterprise,UK,London,2026-04-04
CUST01851,Customer_01851,Individual,India,Hyderabad,2026-03-08
CUST01852,Customer_01852,Individual,Australia,Sydney,2024-09-20
CUST01853,Customer_01853,Individual,Germany,Berlin,2023-10-26
CUST01854,Customer_01854,Individual,Australia,Sydney,2025-02-27
CUST01855,Customer_01855,Small Business,Germany,Berlin,2025-04-29
CUST01856,Customer_01856,Small Business,India,Bangalore,2023-06-27
CUST01857,Customer_01857,Enterprise,Canada,Toronto,2025-04-21
CUST01858,Customer_01858,Small Business,USA,Boston,2026-03-23
CUST01859,Customer_01859,Small Business,Australia,Sydney,2026-05-09
CUST01860,Customer_01860,Small Business,Canada,Vancouver,2025-05-27
CUST01861,Customer_01861,Individual,Australia,Sydney,2026-02-12
CUST01862,Customer_01862,Small Business,UK,Birmingham,2025-01-28
CUST01863,Customer_01863,Individual,India,Bangalore,2025-12-27
CUST01864,Customer_01864,Individual,USA,New York,2024-03-20
CUST01865,Customer_01865,Individual,Singapore,Singapore,2024-12-08
CUST01866,Customer_01866,Individual,Singapore,Singapore,2024-08-24
CUST01867,Customer_01867,Enterprise,India,Hyderabad,2023-05-25
CUST01868,Customer_01868,Individual,India,Chennai,2023-10-02
CUST01869,Customer_01869,Individual,India,Chennai,2024-05-23
CUST01870,Customer_01870,Individual,Canada,Vancouver,2026-04-17
CUST01871,Customer_01871,Small Business,Australia,Sydney,2025-01-22
CUST01872,Customer_01872,Individual,India,Mumbai,2024-04-21
CUST01873,Customer_01873,Enterprise,USA,New York,2026-03-22
CUST01874,Customer_01874,Enterprise,Australia,Brisbane,2026-02-01
CUST01875,Customer_01875,Small Business,Canada,Toronto,2026-01-03
CUST01876,Customer_01876,Small Business,USA,Austin,2026-02-25
CUST01877,Customer_01877,Individual,UK,Birmingham,2024-10-27
CUST01878,Customer_01878,Individual,USA,Boston,2024-07-21
CUST01879,Customer_01879,Small Business,India,Hyderabad,2024-06-14
CUST01880,Customer_01880,Individual,UK,Birmingham,2023-06-08
CUST01881,Customer_01881,Individual,Canada,Vancouver,2024-11-11
CUST01882,Customer_01882,Small Business,Germany,Berlin,2023-01-23
CUST01883,Customer_01883,Individual,UK,Manchester,2025-12-06
CUST01884,Customer_01884,Enterprise,Canada,Toronto,2024-06-08
CUST01885,Customer_01885,Individual,India,Chennai,2024-12-29
CUST01886,Customer_01886,Small Business,USA,Boston,2023-05-24
CUST01887,Customer_01887,Small Business,India,Chennai,2024-10-29
CUST01888,Customer_01888,Small Business,India,Chennai,2024-11-11
CUST01889,Customer_01889,Individual,Canada,Montreal,2025-08-30
CUST01890,Customer_01890,Small Business,Singapore,Singapore,2025-03-09
CUST01891,Customer_01891,Enterprise,India,Delhi,2023-03-26
CUST01892,Customer_01892,Individual,USA,Austin,2024-02-20
CUST01893,Customer_01893,Individual,Australia,Melbourne,2024-11-24
CUST01894,Customer_01894,Small Business,India,Chennai,2024-04-26
CUST01895,Customer_01895,Small Business,UK,Birmingham,2024-03-31
CUST01896,Customer_01896,Individual,Canada,Vancouver,2025-04-06
CUST01897,Customer_01897,Enterprise,UK,London,2023-10-24
CUST01898,Customer_01898,Individual,India,Mumbai,2026-02-09
CUST01899,Customer_01899,Individual,USA,Austin,2026-06-07
CUST01900,Customer_01900,Small Business,Australia,Melbourne,2026-01-24
CUST01901,Customer_01901,Small Business,UK,London,2025-08-07
CUST01902,Customer_01902,Enterprise,India,Hyderabad,2024-11-10
CUST01903,Customer_01903,Enterprise,Canada,Montreal,2024-01-13
CUST01904,Customer_01904,Individual,India,Mumbai,2026-03-25
CUST01905,Customer_01905,Individual,Canada,Montreal,2024-02-25
CUST01906,Customer_01906,Individual,India,Hyderabad,2023-04-15
CUST01907,Customer_01907,Small Business,Singapore,Singapore,2023-11-26
CUST01908,Customer_01908,Enterprise,USA,New York,2024-03-14
CUST01909,Customer_01909,Individual,India,Bangalore,2026-03-01
CUST01910,Customer_01910,Individual,India,Mumbai,2024-01-17
CUST01911,Customer_01911,Individual,India,Bangalore,2023-05-18
CUST01912,Customer_01912,Small Business,Germany,Munich,2025-07-31
CUST01913,Customer_01913,Individual,Singapore,Singapore,2025-04-22
CUST01914,Customer_01914,Individual,USA,Seattle,2023-09-27
CUST01915,Customer_01915,Small Business,USA,New York,2024-01-31
CUST01916,Customer_01916,Small Business,Canada,Montreal,2025-07-01
CUST01917,Customer_01917,Small Business,Germany,Berlin,2024-04-08
CUST01918,Customer_01918,Small Business,UK,London,2024-03-25
CUST01919,Customer_01919,Individual,USA,Boston,2026-06-30
CUST01920,Customer_01920,Small Business,USA,Chicago,2023-01-20
CUST01921,Customer_01921,Small Business,Canada,Vancouver,2023-08-27
CUST01922,Customer_01922,Enterprise,India,Hyderabad,2024-02-22
CUST01923,Customer_01923,Individual,UK,London,2025-11-20
CUST01924,Customer_01924,Individual,USA,Seattle,2026-02-01
CUST01925,Customer_01925,Individual,Australia,Sydney,2023-07-05
CUST01926,Customer_01926,Individual,India,Mumbai,2026-02-25
CUST01927,Customer_01927,Small Business,UK,Manchester,2026-05-18
CUST01928,Customer_01928,Individual,USA,Boston,2023-09-10
CUST01929,Customer_01929,Individual,UK,Birmingham,2023-01-19
CUST01930,Customer_01930,Individual,India,Mumbai,2024-12-12
CUST01931,Customer_01931,Individual,UK,Birmingham,2026-03-05
CUST01932,Customer_01932,Individual,UK,Manchester,2023-08-11
CUST01933,Customer_01933,Individual,UK,Manchester,2023-01-03
CUST01934,Customer_01934,Individual,UK,Birmingham,2026-06-13
CUST01935,Customer_01935,Small Business,Canada,Montreal,2025-05-03
CUST01936,Customer_01936,Small Business,Australia,Melbourne,2023-08-16
CUST01937,Customer_01937,Individual,India,Delhi,2025-07-01
CUST01938,Customer_01938,Enterprise,Australia,Brisbane,2024-05-13
CUST01939,Customer_01939,Small Business,USA,Seattle,2024-06-04
CUST01940,Customer_01940,Small Business,India,Delhi,2024-12-02
CUST01941,Customer_01941,Individual,India,Mumbai,2025-07-05
CUST01942,Customer_01942,Individual,India,Bangalore,2026-03-08
CUST01943,Customer_01943,Individual,Australia,Brisbane,2023-10-18
CUST01944,Customer_01944,Individual,Canada,Montreal,2025-12-12
CUST01945,Customer_01945,Individual,Australia,Brisbane,2026-02-07
CUST01946,Customer_01946,Enterprise,USA,Austin,2024-12-15
CUST01947,Customer_01947,Individual,USA,Chicago,2025-08-05
CUST01948,Customer_01948,Individual,India,Chennai,2024-10-09
CUST01949,Customer_01949,Small Business,India,Chennai,2025-10-24
CUST01950,Customer_01950,Individual,USA,Seattle,2024-11-14
CUST01951,Customer_01951,Small Business,India,Delhi,2025-05-19
CUST01952,Customer_01952,Small Business,India,Bangalore,2025-12-06
CUST01953,Customer_01953,Small Business,UK,London,2023-04-04
CUST01954,Customer_01954,Enterprise,Canada,Montreal,2025-07-28
CUST01955,Customer_01955,Individual,Singapore,Singapore,2024-07-13
CUST01956,Customer_01956,Small Business,Singapore,Singapore,2023-08-01
CUST01957,Customer_01957,Enterprise,UK,London,2024-03-11
CUST01958,Customer_01958,Small Business,USA,Seattle,2025-05-01
CUST01959,Customer_01959,Individual,UK,London,2024-05-22
CUST01960,Customer_01960,Enterprise,Australia,Melbourne,2025-04-15
CUST01961,Customer_01961,Individual,India,Bangalore,2024-10-12
CUST01962,Customer_01962,Enterprise,USA,Boston,2023-07-24
CUST01963,Customer_01963,Individual,Australia,Sydney,2024-01-16
CUST01964,Customer_01964,Small Business,USA,Chicago,2026-01-01
CUST01965,Customer_01965,Enterprise,UK,London,2026-01-04
CUST01966,Customer_01966,Individual,UK,Birmingham,2023-03-18
CUST01967,Customer_01967,Individual,India,Hyderabad,2025-03-26
CUST01968,Customer_01968,Individual,USA,Austin,2025-02-06
CUST01969,Customer_01969,Enterprise,India,Delhi,2024-02-14
CUST01970,Customer_01970,Small Business,India,Hyderabad,2023-04-16
CUST01971,Customer_01971,Small Business,India,Mumbai,2024-07-04
CUST01972,Customer_01972,Small Business,Australia,Brisbane,2025-04-05
CUST01973,Customer_01973,Small Business,India,Delhi,2023-03-29
CUST01974,Customer_01974,Individual,USA,New York,2025-05-30
CUST01975,Customer_01975,Individual,India,Delhi,2026-01-05
CUST01976,Customer_01976,Small Business,Singapore,Singapore,2026-01-05
CUST01977,Customer_01977,Individual,India,Hyderabad,2024-06-23
CUST01978,Customer_01978,Individual,USA,Chicago,2023-09-02
CUST01979,Customer_01979,Individual,Germany,Berlin,2024-07-31
CUST01980,Customer_01980,Individual,Australia,Brisbane,2025-09-08
CUST01981,Customer_01981,Enterprise,India,Mumbai,2024-12-17
CUST01982,Customer_01982,Individual,Australia,Sydney,2023-05-22
CUST01983,Customer_01983,Small Business,USA,Chicago,2025-06-11
CUST01984,Customer_01984,Individual,USA,Seattle,2026-01-12
CUST01985,Customer_01985,Individual,India,Bangalore,2026-03-12
CUST01986,Customer_01986,Individual,India,Hyderabad,2023-12-18
CUST01987,Customer_01987,Small Business,Canada,Toronto,2024-06-28
CUST01988,Customer_01988,Small Business,USA,Chicago,2025-07-01
CUST01989,Customer_01989,Enterprise,USA,Seattle,2023-06-01
CUST01990,Customer_01990,Small Business,Canada,Vancouver,2026-03-27
CUST01991,Customer_01991,Small Business,Canada,Toronto,2024-10-14
CUST01992,Customer_01992,Small Business,India,Hyderabad,2025-08-15
CUST01993,Customer_01993,Enterprise,UK,Birmingham,2025-02-01
CUST01994,Customer_01994,Small Business,India,Mumbai,2024-09-15
CUST01995,Customer_01995,Individual,Canada,Toronto,2024-10-17
CUST01996,Customer_01996,Small Business,UK,London,2024-03-25
CUST01997,Customer_01997,Small Business,Singapore,Singapore,2024-12-21
CUST01998,Customer_01998,Small Business,India,Mumbai,2026-06-01
CUST01999,Customer_01999,Individual,India,Bangalore,2023-02-12
CUST02000,Customer_02000,Enterprise,India,Delhi,2023-09-21
