Payment_ID,Subscription_ID,Payment_Date,Payment_Method,Payment_Status,Discount_Percent,Plan_ID,Base_Amount_INR,Amount_Paid_INR
PAY000001,SUB00001,2024-05-17,PayPal,Paid,15,P001,0,0.0
PAY000002,SUB00002,2024-08-28,Debit Card,Paid,0,P001,0,0.0
PAY000003,SUB00003,2024-11-19,Credit Card,Paid,5,P004,4999,4749.05
PAY000004,SUB00004,2025-05-04,UPI,Paid,15,P001,0,0.0
PAY000005,SUB00005,2026-07-09,UPI,Paid,0,P005,14999,14999.0
PAY000006,SUB00006,2024-08-14,PayPal,Paid,5,P001,0,0.0
PAY000007,SUB00007,2024-07-08,UPI,Paid,10,P004,4999,4499.1
PAY000008,SUB00008,2024-12-26,UPI,Paid,20,P004,4999,3999.2
PAY000009,SUB00009,2026-03-28,UPI,Paid,10,P005,14999,13499.1
PAY000010,SUB00010,2025-06-16,Net Banking,Paid,0,P004,4999,4999.0
PAY000011,SUB00011,2026-04-26,UPI,Paid,10,P002,499,449.1
PAY000012,SUB00012,2024-06-07,UPI,Paid,10,P002,499,449.1
PAY000013,SUB00013,2024-06-06,Credit Card,Paid,10,P002,499,449.1
PAY000014,SUB00014,2025-12-23,Credit Card,Paid,15,P001,0,0.0
PAY000015,SUB00015,2024-06-29,Credit Card,Paid,0,P001,0,0.0
PAY000016,SUB00016,2025-07-14,Credit Card,Refunded,0,P004,4999,4999.0
PAY000017,SUB00017,2024-05-13,Net Banking,Paid,5,P003,999,949.05
PAY000018,SUB00018,2025-11-16,Net Banking,Paid,20,P003,999,799.2
PAY000019,SUB00019,2024-06-02,Net Banking,Paid,5,P004,4999,4749.05
PAY000020,SUB00020,2024-09-10,UPI,Paid,20,P003,999,799.2
PAY000021,SUB00021,2024-12-01,Net Banking,Paid,15,P003,999,849.15
PAY000022,SUB00022,2025-07-19,UPI,Paid,15,P004,4999,4249.15
PAY000023,SUB00023,2026-06-24,UPI,Paid,15,P001,0,0.0
PAY000024,SUB00024,2024-12-01,PayPal,Paid,15,P002,499,424.15
PAY000025,SUB00025,2024-06-23,Net Banking,Paid,10,P005,14999,13499.1
PAY000026,SUB00026,2025-03-01,Credit Card,Paid,10,P004,4999,4499.1
PAY000027,SUB00027,2025-08-23,Net Banking,Paid,0,P004,4999,4999.0
PAY000028,SUB00028,2024-10-30,PayPal,Paid,0,P003,999,999.0
PAY000029,SUB00029,2024-11-27,Debit Card,Paid,0,P004,4999,4999.0
PAY000030,SUB00030,2025-07-09,Debit Card,Paid,0,P001,0,0.0
PAY000031,SUB00031,2026-07-07,Net Banking,Paid,0,P001,0,0.0
PAY000032,SUB00032,2025-06-09,UPI,Paid,15,P002,499,424.15
PAY000033,SUB00033,2025-01-14,UPI,Paid,10,P003,999,899.1
PAY000034,SUB00034,2025-01-19,Net Banking,Paid,0,P002,499,499.0
PAY000035,SUB00035,2026-07-03,UPI,Paid,10,P002,499,449.1
PAY000036,SUB00036,2025-11-03,UPI,Paid,5,P002,499,474.05
PAY000037,SUB00037,2024-02-26,UPI,Paid,0,P003,999,999.0
PAY000038,SUB00038,2024-11-23,Credit Card,Paid,15,P004,4999,4249.15
PAY000039,SUB00039,2025-03-19,PayPal,Paid,0,P003,999,999.0
PAY000040,SUB00040,2026-01-22,Debit Card,Paid,10,P001,0,0.0
PAY000041,SUB00041,2024-02-06,Credit Card,Paid,0,P003,999,999.0
PAY000042,SUB00042,2024-07-08,PayPal,Paid,5,P003,999,949.05
PAY000043,SUB00043,2024-06-25,PayPal,Paid,10,P003,999,899.1
PAY000044,SUB00044,2025-08-05,Credit Card,Paid,0,P002,499,499.0
PAY000045,SUB00045,2025-11-27,PayPal,Paid,20,P003,999,799.2
PAY000046,SUB00046,2024-09-19,Credit Card,Paid,0,P005,14999,14999.0
PAY000047,SUB00047,2026-02-16,UPI,Paid,5,P001,0,0.0
PAY000048,SUB00048,2024-10-27,UPI,Paid,15,P002,499,424.15
PAY000049,SUB00049,2025-12-05,Debit Card,Paid,15,P002,499,424.15
PAY000050,SUB00050,2025-12-14,Credit Card,Paid,0,P003,999,999.0
PAY000051,SUB00051,2024-01-15,Debit Card,Paid,0,P002,499,499.0
PAY000052,SUB00052,2024-07-16,Debit Card,Paid,10,P002,499,449.1
PAY000053,SUB00053,2024-07-05,UPI,Paid,0,P002,499,499.0
PAY000054,SUB00054,2026-02-24,UPI,Paid,5,P005,14999,14249.05
PAY000055,SUB00055,2026-02-04,Credit Card,Paid,10,P003,999,899.1
PAY000056,SUB00056,2024-04-30,UPI,Paid,5,P003,999,949.05
PAY000057,SUB00057,2025-01-31,Debit Card,Paid,0,P004,4999,4999.0
PAY000058,SUB00058,2026-04-17,Credit Card,Paid,5,P001,0,0.0
PAY000059,SUB00059,2025-08-17,Credit Card,Paid,15,P004,4999,4249.15
PAY000060,SUB00060,2025-11-25,UPI,Paid,5,P003,999,949.05
PAY000061,SUB00061,2024-11-07,Debit Card,Paid,10,P002,499,449.1
PAY000062,SUB00062,2026-06-17,Net Banking,Failed,0,P004,4999,4999.0
PAY000063,SUB00063,2025-02-27,PayPal,Paid,0,P004,4999,4999.0
PAY000064,SUB00064,2024-05-14,Net Banking,Paid,0,P004,4999,4999.0
PAY000065,SUB00065,2024-09-12,Credit Card,Paid,5,P001,0,0.0
PAY000066,SUB00066,2025-05-07,UPI,Paid,0,P005,14999,14999.0
PAY000067,SUB00067,2026-03-29,Debit Card,Paid,5,P005,14999,14249.05
PAY000068,SUB00068,2025-07-03,PayPal,Paid,10,P002,499,449.1
PAY000069,SUB00069,2025-05-11,UPI,Paid,10,P001,0,0.0
PAY000070,SUB00070,2024-02-20,UPI,Paid,0,P002,499,499.0
PAY000071,SUB00071,2024-07-05,UPI,Refunded,10,P005,14999,13499.1
PAY000072,SUB00072,2026-04-14,Debit Card,Paid,10,P003,999,899.1
PAY000073,SUB00073,2025-12-25,Credit Card,Paid,0,P002,499,499.0
PAY000074,SUB00074,2026-01-18,UPI,Paid,0,P002,499,499.0
PAY000075,SUB00075,2025-01-17,Net Banking,Paid,5,P002,499,474.05
PAY000076,SUB00076,2025-04-05,Credit Card,Paid,0,P003,999,999.0
PAY000077,SUB00077,2026-01-15,UPI,Paid,0,P002,499,499.0
PAY000078,SUB00078,2025-03-23,UPI,Paid,0,P005,14999,14999.0
PAY000079,SUB00079,2025-12-10,UPI,Paid,0,P003,999,999.0
PAY000080,SUB00080,2025-06-07,Credit Card,Paid,20,P004,4999,3999.2
PAY000081,SUB00081,2025-06-29,UPI,Paid,10,P002,499,449.1
PAY000082,SUB00082,2026-04-05,Credit Card,Paid,5,P001,0,0.0
PAY000083,SUB00083,2025-12-29,Net Banking,Paid,15,P003,999,849.15
PAY000084,SUB00084,2025-11-24,Debit Card,Paid,5,P002,499,474.05
PAY000085,SUB00085,2026-03-01,UPI,Paid,10,P002,499,449.1
PAY000086,SUB00086,2025-07-08,Credit Card,Paid,0,P005,14999,14999.0
PAY000087,SUB00087,2025-08-15,Net Banking,Paid,5,P002,499,474.05
PAY000088,SUB00088,2025-06-09,UPI,Paid,0,P002,499,499.0
PAY000089,SUB00089,2024-02-13,UPI,Paid,0,P002,499,499.0
PAY000090,SUB00090,2026-01-21,Credit Card,Failed,0,P002,499,499.0
PAY000091,SUB00091,2025-12-15,Debit Card,Paid,0,P005,14999,14999.0
PAY000092,SUB00092,2026-02-04,UPI,Paid,0,P002,499,499.0
PAY000093,SUB00093,2025-05-25,Debit Card,Paid,0,P002,499,499.0
PAY000094,SUB00094,2026-03-04,Debit Card,Paid,10,P003,999,899.1
PAY000095,SUB00095,2025-09-23,PayPal,Paid,0,P002,499,499.0
PAY000096,SUB00096,2026-02-07,UPI,Paid,10,P002,499,449.1
PAY000097,SUB00097,2025-02-28,Net Banking,Paid,10,P002,499,449.1
PAY000098,SUB00098,2025-04-16,UPI,Paid,5,P002,499,474.05
PAY000099,SUB00099,2024-02-15,Credit Card,Paid,0,P001,0,0.0
PAY000100,SUB00100,2024-08-19,Credit Card,Paid,15,P001,0,0.0
PAY000101,SUB00101,2024-03-22,Credit Card,Paid,0,P004,4999,4999.0
PAY000102,SUB00102,2024-01-26,Net Banking,Paid,10,P001,0,0.0
PAY000103,SUB00103,2024-10-27,UPI,Failed,5,P004,4999,4749.05
PAY000104,SUB00104,2026-03-22,Credit Card,Refunded,0,P004,4999,4999.0
PAY000105,SUB00105,2024-12-14,UPI,Failed,0,P003,999,999.0
PAY000106,SUB00106,2024-07-20,Debit Card,Paid,0,P002,499,499.0
PAY000107,SUB00107,2025-06-06,UPI,Paid,15,P001,0,0.0
PAY000108,SUB00108,2024-01-24,Net Banking,Paid,10,P003,999,899.1
PAY000109,SUB00109,2025-10-16,Net Banking,Paid,15,P003,999,849.15
PAY000110,SUB00110,2026-06-29,Net Banking,Paid,0,P003,999,999.0
PAY000111,SUB00111,2025-03-29,UPI,Paid,0,P001,0,0.0
PAY000112,SUB00112,2024-08-02,Debit Card,Paid,0,P004,4999,4999.0
PAY000113,SUB00113,2024-05-19,UPI,Paid,15,P001,0,0.0
PAY000114,SUB00114,2024-12-31,Net Banking,Paid,0,P002,499,499.0
PAY000115,SUB00115,2024-07-15,Debit Card,Failed,0,P002,499,499.0
PAY000116,SUB00116,2024-10-10,Credit Card,Paid,15,P001,0,0.0
PAY000117,SUB00117,2024-10-17,Debit Card,Paid,5,P003,999,949.05
PAY000118,SUB00118,2025-01-07,UPI,Paid,5,P004,4999,4749.05
PAY000119,SUB00119,2024-04-27,Credit Card,Paid,0,P004,4999,4999.0
PAY000120,SUB00120,2025-10-17,UPI,Paid,5,P004,4999,4749.05
PAY000121,SUB00121,2024-07-19,PayPal,Failed,15,P003,999,849.15
PAY000122,SUB00122,2025-02-26,Net Banking,Refunded,5,P003,999,949.05
PAY000123,SUB00123,2024-01-21,Debit Card,Refunded,0,P001,0,0.0
PAY000124,SUB00124,2025-07-13,PayPal,Paid,0,P003,999,999.0
PAY000125,SUB00125,2024-09-06,UPI,Paid,0,P002,499,499.0
PAY000126,SUB00126,2026-02-20,PayPal,Paid,5,P002,499,474.05
PAY000127,SUB00127,2025-09-16,UPI,Paid,0,P002,499,499.0
PAY000128,SUB00128,2025-08-04,Debit Card,Paid,5,P002,499,474.05
PAY000129,SUB00129,2025-02-09,Debit Card,Paid,5,P003,999,949.05
PAY000130,SUB00130,2025-06-14,UPI,Paid,10,P004,4999,4499.1
PAY000131,SUB00131,2024-03-01,Credit Card,Paid,0,P002,499,499.0
PAY000132,SUB00132,2024-07-09,UPI,Paid,10,P005,14999,13499.1
PAY000133,SUB00133,2025-10-16,PayPal,Paid,5,P004,4999,4749.05
PAY000134,SUB00134,2025-10-01,UPI,Failed,0,P003,999,999.0
PAY000135,SUB00135,2026-05-20,Credit Card,Paid,20,P003,999,799.2
PAY000136,SUB00136,2024-03-23,Net Banking,Failed,0,P001,0,0.0
PAY000137,SUB00137,2025-01-15,UPI,Paid,5,P004,4999,4749.05
PAY000138,SUB00138,2025-09-16,Credit Card,Paid,0,P003,999,999.0
PAY000139,SUB00139,2024-06-26,Debit Card,Paid,5,P005,14999,14249.05
PAY000140,SUB00140,2025-12-17,UPI,Paid,5,P003,999,949.05
PAY000141,SUB00141,2024-05-04,Net Banking,Paid,0,P004,4999,4999.0
PAY000142,SUB00142,2025-11-14,UPI,Paid,10,P004,4999,4499.1
PAY000143,SUB00143,2024-08-09,UPI,Paid,5,P002,499,474.05
PAY000144,SUB00144,2026-04-25,Credit Card,Paid,10,P002,499,449.1
PAY000145,SUB00145,2026-06-05,Credit Card,Paid,0,P002,499,499.0
PAY000146,SUB00146,2025-01-28,PayPal,Paid,0,P003,999,999.0
PAY000147,SUB00147,2025-06-15,Net Banking,Paid,10,P002,499,449.1
PAY000148,SUB00148,2024-09-26,Credit Card,Paid,0,P004,4999,4999.0
PAY000149,SUB00149,2024-11-03,Credit Card,Paid,10,P003,999,899.1
PAY000150,SUB00150,2026-05-27,UPI,Paid,0,P005,14999,14999.0
PAY000151,SUB00151,2024-03-04,UPI,Paid,0,P004,4999,4999.0
PAY000152,SUB00152,2026-03-02,Credit Card,Paid,10,P003,999,899.1
PAY000153,SUB00153,2026-07-07,Net Banking,Paid,10,P005,14999,13499.1
PAY000154,SUB00154,2025-05-29,UPI,Paid,5,P003,999,949.05
PAY000155,SUB00155,2025-04-08,UPI,Paid,15,P004,4999,4249.15
PAY000156,SUB00156,2026-03-13,Credit Card,Paid,10,P002,499,449.1
PAY000157,SUB00157,2024-02-17,UPI,Paid,5,P002,499,474.05
PAY000158,SUB00158,2024-03-31,Debit Card,Paid,20,P002,499,399.2
PAY000159,SUB00159,2025-11-22,Credit Card,Paid,10,P003,999,899.1
PAY000160,SUB00160,2024-03-21,Credit Card,Paid,5,P003,999,949.05
PAY000161,SUB00161,2025-12-17,UPI,Paid,0,P003,999,999.0
PAY000162,SUB00162,2024-08-21,PayPal,Paid,15,P002,499,424.15
PAY000163,SUB00163,2024-09-26,UPI,Paid,0,P004,4999,4999.0
PAY000164,SUB00164,2024-08-11,Net Banking,Paid,0,P003,999,999.0
PAY000165,SUB00165,2024-03-07,Credit Card,Paid,0,P002,499,499.0
PAY000166,SUB00166,2024-10-02,Net Banking,Paid,0,P003,999,999.0
PAY000167,SUB00167,2025-10-27,Debit Card,Paid,0,P004,4999,4999.0
PAY000168,SUB00168,2026-03-14,UPI,Paid,10,P005,14999,13499.1
PAY000169,SUB00169,2026-02-01,Net Banking,Paid,10,P003,999,899.1
PAY000170,SUB00170,2025-03-10,Debit Card,Paid,0,P001,0,0.0
PAY000171,SUB00171,2025-04-15,UPI,Paid,10,P002,499,449.1
PAY000172,SUB00172,2024-03-06,UPI,Paid,5,P003,999,949.05
PAY000173,SUB00173,2025-01-18,Debit Card,Paid,5,P004,4999,4749.05
PAY000174,SUB00174,2025-07-07,Debit Card,Paid,0,P002,499,499.0
PAY000175,SUB00175,2024-06-13,Debit Card,Paid,15,P005,14999,12749.15
PAY000176,SUB00176,2025-06-27,Debit Card,Paid,0,P003,999,999.0
PAY000177,SUB00177,2024-04-15,Debit Card,Paid,0,P005,14999,14999.0
PAY000178,SUB00178,2026-06-29,Net Banking,Paid,0,P001,0,0.0
PAY000179,SUB00179,2025-12-08,Credit Card,Paid,10,P004,4999,4499.1
PAY000180,SUB00180,2024-12-30,UPI,Paid,10,P005,14999,13499.1
PAY000181,SUB00181,2024-04-07,PayPal,Paid,0,P005,14999,14999.0
PAY000182,SUB00182,2024-06-24,UPI,Paid,0,P001,0,0.0
PAY000183,SUB00183,2024-09-16,Credit Card,Paid,10,P002,499,449.1
PAY000184,SUB00184,2025-05-25,Debit Card,Paid,10,P003,999,899.1
PAY000185,SUB00185,2025-02-07,Credit Card,Paid,0,P001,0,0.0
PAY000186,SUB00186,2024-03-11,UPI,Paid,10,P001,0,0.0
PAY000187,SUB00187,2025-11-13,UPI,Paid,20,P002,499,399.2
PAY000188,SUB00188,2024-03-19,Debit Card,Paid,0,P003,999,999.0
PAY000189,SUB00189,2025-06-07,PayPal,Paid,5,P003,999,949.05
PAY000190,SUB00190,2024-11-06,Credit Card,Failed,0,P001,0,0.0
PAY000191,SUB00191,2024-04-07,Credit Card,Paid,10,P002,499,449.1
PAY000192,SUB00192,2025-11-20,UPI,Paid,0,P003,999,999.0
PAY000193,SUB00193,2025-03-05,UPI,Paid,0,P003,999,999.0
PAY000194,SUB00194,2025-11-10,UPI,Paid,10,P001,0,0.0
PAY000195,SUB00195,2026-03-31,UPI,Paid,10,P002,499,449.1
PAY000196,SUB00196,2025-01-24,Credit Card,Failed,0,P004,4999,4999.0
PAY000197,SUB00197,2024-06-09,UPI,Paid,0,P005,14999,14999.0
PAY000198,SUB00198,2026-05-13,UPI,Paid,0,P005,14999,14999.0
PAY000199,SUB00199,2024-10-02,Debit Card,Paid,5,P004,4999,4749.05
PAY000200,SUB00200,2026-06-14,Net Banking,Paid,10,P002,499,449.1
PAY000201,SUB00201,2025-08-20,PayPal,Failed,5,P003,999,949.05
PAY000202,SUB00202,2024-05-13,Debit Card,Paid,5,P002,499,474.05
PAY000203,SUB00203,2025-12-26,UPI,Paid,10,P003,999,899.1
PAY000204,SUB00204,2025-06-01,Debit Card,Paid,5,P002,499,474.05
PAY000205,SUB00205,2025-09-06,UPI,Refunded,5,P003,999,949.05
PAY000206,SUB00206,2026-03-22,Debit Card,Paid,5,P003,999,949.05
PAY000207,SUB00207,2024-09-01,Net Banking,Paid,15,P001,0,0.0
PAY000208,SUB00208,2024-02-01,Debit Card,Paid,0,P004,4999,4999.0
PAY000209,SUB00209,2024-06-09,PayPal,Paid,0,P001,0,0.0
PAY000210,SUB00210,2024-12-17,Debit Card,Paid,0,P002,499,499.0
PAY000211,SUB00211,2025-11-29,Debit Card,Paid,10,P001,0,0.0
PAY000212,SUB00212,2024-01-29,UPI,Paid,0,P002,499,499.0
PAY000213,SUB00213,2024-05-10,PayPal,Failed,0,P001,0,0.0
PAY000214,SUB00214,2026-06-05,UPI,Paid,20,P004,4999,3999.2
PAY000215,SUB00215,2026-01-09,PayPal,Paid,15,P002,499,424.15
PAY000216,SUB00216,2024-05-10,UPI,Paid,20,P003,999,799.2
PAY000217,SUB00217,2025-01-13,UPI,Paid,0,P002,499,499.0
PAY000218,SUB00218,2024-07-09,Net Banking,Paid,15,P003,999,849.15
PAY000219,SUB00219,2024-10-25,UPI,Paid,0,P004,4999,4999.0
PAY000220,SUB00220,2024-10-05,Net Banking,Failed,0,P003,999,999.0
PAY000221,SUB00221,2025-05-27,UPI,Paid,0,P003,999,999.0
PAY000222,SUB00222,2025-11-05,Net Banking,Paid,5,P004,4999,4749.05
PAY000223,SUB00223,2024-04-02,Debit Card,Paid,0,P004,4999,4999.0
PAY000224,SUB00224,2024-07-18,Debit Card,Paid,5,P003,999,949.05
PAY000225,SUB00225,2024-08-31,Credit Card,Paid,10,P002,499,449.1
PAY000226,SUB00226,2025-09-16,UPI,Paid,0,P003,999,999.0
PAY000227,SUB00227,2026-03-17,Net Banking,Paid,0,P003,999,999.0
PAY000228,SUB00228,2024-10-06,UPI,Paid,0,P003,999,999.0
PAY000229,SUB00229,2026-04-01,Credit Card,Paid,15,P004,4999,4249.15
PAY000230,SUB00230,2024-06-01,Debit Card,Paid,0,P003,999,999.0
PAY000231,SUB00231,2026-05-19,Credit Card,Paid,0,P004,4999,4999.0
PAY000232,SUB00232,2025-02-15,UPI,Paid,0,P001,0,0.0
PAY000233,SUB00233,2025-02-23,UPI,Failed,15,P001,0,0.0
PAY000234,SUB00234,2025-03-24,UPI,Paid,0,P002,499,499.0
PAY000235,SUB00235,2025-12-25,Net Banking,Failed,0,P004,4999,4999.0
PAY000236,SUB00236,2024-09-01,UPI,Paid,0,P004,4999,4999.0
PAY000237,SUB00237,2026-06-02,PayPal,Paid,15,P003,999,849.15
PAY000238,SUB00238,2024-04-07,UPI,Paid,0,P003,999,999.0
PAY000239,SUB00239,2024-08-07,UPI,Failed,5,P003,999,949.05
PAY000240,SUB00240,2025-03-23,Credit Card,Failed,0,P005,14999,14999.0
PAY000241,SUB00241,2024-12-08,UPI,Paid,20,P004,4999,3999.2
PAY000242,SUB00242,2024-05-15,Debit Card,Paid,5,P003,999,949.05
PAY000243,SUB00243,2026-06-22,Net Banking,Paid,5,P003,999,949.05
PAY000244,SUB00244,2025-02-20,UPI,Paid,0,P002,499,499.0
PAY000245,SUB00245,2025-09-11,Net Banking,Failed,0,P003,999,999.0
PAY000246,SUB00246,2024-02-26,Credit Card,Paid,0,P002,499,499.0
PAY000247,SUB00247,2024-06-14,UPI,Paid,5,P002,499,474.05
PAY000248,SUB00248,2025-12-08,UPI,Paid,20,P004,4999,3999.2
PAY000249,SUB00249,2025-07-13,PayPal,Paid,0,P003,999,999.0
PAY000250,SUB00250,2025-02-27,UPI,Paid,15,P005,14999,12749.15
PAY000251,SUB00251,2025-11-23,Net Banking,Paid,0,P002,499,499.0
PAY000252,SUB00252,2024-04-04,Credit Card,Paid,15,P003,999,849.15
PAY000253,SUB00253,2025-03-24,UPI,Paid,0,P002,499,499.0
PAY000254,SUB00254,2025-08-07,Credit Card,Paid,0,P001,0,0.0
PAY000255,SUB00255,2025-11-04,Net Banking,Paid,5,P002,499,474.05
PAY000256,SUB00256,2025-04-10,Debit Card,Paid,10,P002,499,449.1
PAY000257,SUB00257,2024-11-03,Credit Card,Paid,10,P002,499,449.1
PAY000258,SUB00258,2026-06-10,Net Banking,Paid,5,P002,499,474.05
PAY000259,SUB00259,2025-11-11,UPI,Paid,5,P002,499,474.05
PAY000260,SUB00260,2025-03-06,PayPal,Paid,0,P003,999,999.0
PAY000261,SUB00261,2025-02-16,Net Banking,Paid,0,P001,0,0.0
PAY000262,SUB00262,2025-06-21,Debit Card,Paid,0,P003,999,999.0
PAY000263,SUB00263,2024-01-19,Net Banking,Paid,5,P004,4999,4749.05
PAY000264,SUB00264,2024-06-04,Credit Card,Failed,5,P003,999,949.05
PAY000265,SUB00265,2025-05-07,Debit Card,Paid,10,P005,14999,13499.1
PAY000266,SUB00266,2026-02-26,Credit Card,Paid,10,P003,999,899.1
PAY000267,SUB00267,2024-09-07,Credit Card,Paid,0,P003,999,999.0
PAY000268,SUB00268,2026-05-04,Credit Card,Paid,10,P002,499,449.1
PAY000269,SUB00269,2025-12-16,UPI,Paid,0,P004,4999,4999.0
PAY000270,SUB00270,2024-01-06,Credit Card,Paid,10,P004,4999,4499.1
PAY000271,SUB00271,2025-12-04,UPI,Paid,0,P002,499,499.0
PAY000272,SUB00272,2025-01-23,UPI,Paid,10,P002,499,449.1
PAY000273,SUB00273,2025-06-05,UPI,Paid,5,P002,499,474.05
PAY000274,SUB00274,2025-04-23,Net Banking,Paid,0,P003,999,999.0
PAY000275,SUB00275,2025-05-29,Credit Card,Paid,10,P002,499,449.1
PAY000276,SUB00276,2026-03-20,Debit Card,Paid,0,P003,999,999.0
PAY000277,SUB00277,2025-05-03,UPI,Paid,0,P001,0,0.0
PAY000278,SUB00278,2025-07-28,Credit Card,Paid,5,P004,4999,4749.05
PAY000279,SUB00279,2026-05-05,UPI,Paid,10,P002,499,449.1
PAY000280,SUB00280,2026-07-11,UPI,Paid,0,P002,499,499.0
PAY000281,SUB00281,2024-02-07,Debit Card,Paid,0,P003,999,999.0
PAY000282,SUB00282,2026-07-18,Debit Card,Paid,5,P001,0,0.0
PAY000283,SUB00283,2024-05-23,UPI,Refunded,5,P001,0,0.0
PAY000284,SUB00284,2026-03-24,Credit Card,Refunded,0,P002,499,499.0
PAY000285,SUB00285,2024-07-25,Net Banking,Paid,15,P003,999,849.15
PAY000286,SUB00286,2024-07-31,UPI,Paid,5,P004,4999,4749.05
PAY000287,SUB00287,2026-01-18,UPI,Paid,0,P004,4999,4999.0
PAY000288,SUB00288,2026-01-21,Debit Card,Paid,0,P003,999,999.0
PAY000289,SUB00289,2026-01-14,UPI,Paid,5,P001,0,0.0
PAY000290,SUB00290,2024-03-26,PayPal,Paid,10,P003,999,899.1
PAY000291,SUB00291,2025-09-14,Debit Card,Paid,0,P003,999,999.0
PAY000292,SUB00292,2024-04-16,Credit Card,Paid,20,P002,499,399.2
PAY000293,SUB00293,2026-06-16,Credit Card,Paid,0,P001,0,0.0
PAY000294,SUB00294,2025-08-11,Credit Card,Paid,5,P002,499,474.05
PAY000295,SUB00295,2025-03-10,UPI,Paid,0,P004,4999,4999.0
PAY000296,SUB00296,2025-05-01,PayPal,Paid,15,P002,499,424.15
PAY000297,SUB00297,2026-03-02,Debit Card,Paid,10,P004,4999,4499.1
PAY000298,SUB00298,2024-05-19,UPI,Paid,0,P002,499,499.0
PAY000299,SUB00299,2025-01-30,Credit Card,Paid,15,P002,499,424.15
PAY000300,SUB00300,2024-11-24,UPI,Paid,0,P002,499,499.0
PAY000301,SUB00301,2024-12-08,UPI,Paid,10,P003,999,899.1
PAY000302,SUB00302,2024-12-17,Debit Card,Paid,10,P001,0,0.0
PAY000303,SUB00303,2024-09-12,Debit Card,Paid,10,P001,0,0.0
PAY000304,SUB00304,2024-07-19,Credit Card,Paid,15,P002,499,424.15
PAY000305,SUB00305,2024-03-24,UPI,Paid,15,P001,0,0.0
PAY000306,SUB00306,2025-04-20,Debit Card,Paid,20,P002,499,399.2
PAY000307,SUB00307,2026-07-03,UPI,Paid,0,P005,14999,14999.0
PAY000308,SUB00308,2025-09-21,Debit Card,Failed,0,P003,999,999.0
PAY000309,SUB00309,2025-05-29,Credit Card,Paid,5,P003,999,949.05
PAY000310,SUB00310,2025-08-12,Debit Card,Paid,10,P002,499,449.1
PAY000311,SUB00311,2024-11-02,Net Banking,Paid,5,P002,499,474.05
PAY000312,SUB00312,2024-09-05,Net Banking,Paid,0,P001,0,0.0
PAY000313,SUB00313,2025-08-21,PayPal,Paid,10,P003,999,899.1
PAY000314,SUB00314,2024-10-18,PayPal,Paid,20,P003,999,799.2
PAY000315,SUB00315,2025-11-15,Net Banking,Paid,0,P002,499,499.0
PAY000316,SUB00316,2025-02-05,PayPal,Paid,0,P004,4999,4999.0
PAY000317,SUB00317,2024-09-05,Net Banking,Paid,0,P003,999,999.0
PAY000318,SUB00318,2026-07-07,Debit Card,Paid,0,P002,499,499.0
PAY000319,SUB00319,2026-04-17,UPI,Paid,10,P001,0,0.0
PAY000320,SUB00320,2024-08-27,UPI,Paid,15,P003,999,849.15
PAY000321,SUB00321,2025-11-02,Net Banking,Paid,0,P004,4999,4999.0
PAY000322,SUB00322,2026-04-21,Credit Card,Paid,5,P002,499,474.05
PAY000323,SUB00323,2026-02-24,Net Banking,Paid,10,P002,499,449.1
PAY000324,SUB00324,2024-11-20,UPI,Paid,0,P003,999,999.0
PAY000325,SUB00325,2026-04-01,Credit Card,Failed,5,P002,499,474.05
PAY000326,SUB00326,2025-01-23,Debit Card,Paid,10,P003,999,899.1
PAY000327,SUB00327,2026-03-23,PayPal,Paid,10,P003,999,899.1
PAY000328,SUB00328,2025-09-15,UPI,Paid,5,P001,0,0.0
PAY000329,SUB00329,2025-07-25,Net Banking,Paid,10,P001,0,0.0
PAY000330,SUB00330,2025-03-22,Net Banking,Paid,0,P003,999,999.0
PAY000331,SUB00331,2024-02-27,UPI,Paid,0,P002,499,499.0
PAY000332,SUB00332,2026-01-03,Credit Card,Paid,0,P001,0,0.0
PAY000333,SUB00333,2026-04-10,UPI,Paid,0,P004,4999,4999.0
PAY000334,SUB00334,2025-10-08,UPI,Paid,0,P002,499,499.0
PAY000335,SUB00335,2025-06-20,Credit Card,Paid,0,P003,999,999.0
PAY000336,SUB00336,2026-03-10,UPI,Paid,10,P002,499,449.1
PAY000337,SUB00337,2024-08-01,UPI,Paid,5,P003,999,949.05
PAY000338,SUB00338,2026-01-07,Net Banking,Paid,0,P002,499,499.0
PAY000339,SUB00339,2024-09-30,Credit Card,Failed,0,P005,14999,14999.0
PAY000340,SUB00340,2024-07-03,Debit Card,Paid,5,P003,999,949.05
PAY000341,SUB00341,2024-05-28,UPI,Paid,0,P001,0,0.0
PAY000342,SUB00342,2025-11-30,Net Banking,Paid,0,P002,499,499.0
PAY000343,SUB00343,2024-02-02,Net Banking,Paid,10,P002,499,449.1
PAY000344,SUB00344,2024-09-12,Credit Card,Failed,0,P003,999,999.0
PAY000345,SUB00345,2024-07-20,PayPal,Paid,0,P004,4999,4999.0
PAY000346,SUB00346,2024-12-11,Net Banking,Paid,0,P003,999,999.0
PAY000347,SUB00347,2024-09-29,Debit Card,Failed,0,P001,0,0.0
PAY000348,SUB00348,2026-05-21,Debit Card,Paid,20,P003,999,799.2
PAY000349,SUB00349,2024-02-23,UPI,Paid,0,P001,0,0.0
PAY000350,SUB00350,2025-09-20,UPI,Paid,5,P004,4999,4749.05
PAY000351,SUB00351,2025-10-22,UPI,Paid,10,P003,999,899.1
PAY000352,SUB00352,2025-03-08,UPI,Paid,0,P002,499,499.0
PAY000353,SUB00353,2024-12-21,UPI,Paid,0,P002,499,499.0
PAY000354,SUB00354,2024-01-19,Net Banking,Paid,10,P004,4999,4499.1
PAY000355,SUB00355,2024-12-31,UPI,Paid,15,P004,4999,4249.15
PAY000356,SUB00356,2024-04-07,PayPal,Paid,0,P002,499,499.0
PAY000357,SUB00357,2025-07-01,Credit Card,Paid,0,P002,499,499.0
PAY000358,SUB00358,2026-03-26,UPI,Paid,10,P003,999,899.1
PAY000359,SUB00359,2024-12-24,Credit Card,Paid,0,P001,0,0.0
PAY000360,SUB00360,2025-01-15,UPI,Paid,0,P001,0,0.0
PAY000361,SUB00361,2024-07-08,PayPal,Paid,0,P001,0,0.0
PAY000362,SUB00362,2024-01-30,Net Banking,Paid,0,P002,499,499.0
PAY000363,SUB00363,2025-02-13,UPI,Paid,0,P003,999,999.0
PAY000364,SUB00364,2024-05-02,PayPal,Paid,5,P005,14999,14249.05
PAY000365,SUB00365,2025-12-12,Debit Card,Paid,10,P003,999,899.1
PAY000366,SUB00366,2024-08-31,UPI,Paid,5,P001,0,0.0
PAY000367,SUB00367,2025-02-15,Debit Card,Paid,0,P003,999,999.0
PAY000368,SUB00368,2026-04-05,Debit Card,Paid,0,P003,999,999.0
PAY000369,SUB00369,2025-07-19,UPI,Paid,10,P001,0,0.0
PAY000370,SUB00370,2026-03-08,Net Banking,Paid,0,P004,4999,4999.0
PAY000371,SUB00371,2026-04-08,UPI,Paid,0,P002,499,499.0
PAY000372,SUB00372,2024-12-18,Credit Card,Refunded,0,P005,14999,14999.0
PAY000373,SUB00373,2025-11-11,UPI,Paid,0,P002,499,499.0
PAY000374,SUB00374,2026-03-22,PayPal,Paid,15,P003,999,849.15
PAY000375,SUB00375,2025-06-29,Net Banking,Paid,5,P001,0,0.0
PAY000376,SUB00376,2025-11-08,UPI,Paid,0,P003,999,999.0
PAY000377,SUB00377,2026-06-05,UPI,Refunded,10,P002,499,449.1
PAY000378,SUB00378,2024-02-15,UPI,Paid,0,P004,4999,4999.0
PAY000379,SUB00379,2025-07-13,Net Banking,Failed,0,P004,4999,4999.0
PAY000380,SUB00380,2024-01-29,UPI,Paid,0,P004,4999,4999.0
PAY000381,SUB00381,2024-06-13,Net Banking,Paid,5,P003,999,949.05
PAY000382,SUB00382,2025-05-07,PayPal,Paid,0,P004,4999,4999.0
PAY000383,SUB00383,2025-05-07,Debit Card,Paid,0,P002,499,499.0
PAY000384,SUB00384,2024-10-21,UPI,Paid,0,P003,999,999.0
PAY000385,SUB00385,2026-05-24,Credit Card,Paid,0,P003,999,999.0
PAY000386,SUB00386,2026-05-28,Credit Card,Paid,10,P003,999,899.1
PAY000387,SUB00387,2026-03-25,Debit Card,Paid,10,P003,999,899.1
PAY000388,SUB00388,2025-11-22,Debit Card,Paid,10,P002,499,449.1
PAY000389,SUB00389,2024-04-26,Credit Card,Paid,5,P001,0,0.0
PAY000390,SUB00390,2025-04-12,Credit Card,Paid,15,P004,4999,4249.15
PAY000391,SUB00391,2025-11-16,Net Banking,Paid,0,P003,999,999.0
PAY000392,SUB00392,2024-12-06,UPI,Paid,0,P002,499,499.0
PAY000393,SUB00393,2024-10-05,Credit Card,Paid,0,P004,4999,4999.0
PAY000394,SUB00394,2025-08-27,Net Banking,Paid,0,P004,4999,4999.0
PAY000395,SUB00395,2025-02-13,UPI,Paid,0,P002,499,499.0
PAY000396,SUB00396,2026-05-18,Debit Card,Paid,0,P004,4999,4999.0
PAY000397,SUB00397,2025-09-29,Net Banking,Refunded,0,P005,14999,14999.0
PAY000398,SUB00398,2026-07-26,Debit Card,Paid,5,P005,14999,14249.05
PAY000399,SUB00399,2025-06-11,UPI,Paid,15,P004,4999,4249.15
PAY000400,SUB00400,2025-10-25,UPI,Paid,0,P003,999,999.0
PAY000401,SUB00401,2025-05-07,UPI,Paid,0,P002,499,499.0
PAY000402,SUB00402,2026-04-05,UPI,Paid,10,P001,0,0.0
PAY000403,SUB00403,2025-03-03,PayPal,Paid,0,P001,0,0.0
PAY000404,SUB00404,2025-08-31,Debit Card,Paid,0,P002,499,499.0
PAY000405,SUB00405,2024-04-09,UPI,Paid,0,P002,499,499.0
PAY000406,SUB00406,2024-10-26,PayPal,Paid,10,P002,499,449.1
PAY000407,SUB00407,2026-06-03,Debit Card,Paid,10,P002,499,449.1
PAY000408,SUB00408,2026-01-14,UPI,Paid,5,P002,499,474.05
PAY000409,SUB00409,2025-10-26,Credit Card,Paid,0,P004,4999,4999.0
PAY000410,SUB00410,2024-06-07,UPI,Paid,0,P002,499,499.0
PAY000411,SUB00411,2026-03-14,PayPal,Paid,0,P003,999,999.0
PAY000412,SUB00412,2024-07-03,Credit Card,Paid,15,P003,999,849.15
PAY000413,SUB00413,2025-09-24,Net Banking,Paid,5,P001,0,0.0
PAY000414,SUB00414,2026-05-09,UPI,Paid,0,P005,14999,14999.0
PAY000415,SUB00415,2025-12-19,Net Banking,Paid,10,P003,999,899.1
PAY000416,SUB00416,2026-01-01,UPI,Paid,0,P002,499,499.0
PAY000417,SUB00417,2024-05-04,PayPal,Refunded,20,P002,499,399.2
PAY000418,SUB00418,2025-01-22,PayPal,Paid,10,P002,499,449.1
PAY000419,SUB00419,2025-08-07,Credit Card,Paid,0,P001,0,0.0
PAY000420,SUB00420,2025-04-17,Net Banking,Paid,10,P002,499,449.1
PAY000421,SUB00421,2024-05-17,Net Banking,Paid,5,P003,999,949.05
PAY000422,SUB00422,2025-08-29,PayPal,Paid,0,P004,4999,4999.0
PAY000423,SUB00423,2026-03-22,UPI,Paid,10,P003,999,899.1
PAY000424,SUB00424,2026-01-11,Credit Card,Paid,5,P001,0,0.0
PAY000425,SUB00425,2026-04-01,Net Banking,Paid,0,P001,0,0.0
PAY000426,SUB00426,2025-06-07,Net Banking,Paid,5,P002,499,474.05
PAY000427,SUB00427,2024-07-15,Credit Card,Paid,5,P002,499,474.05
PAY000428,SUB00428,2025-05-16,Net Banking,Paid,0,P001,0,0.0
PAY000429,SUB00429,2024-12-06,UPI,Paid,0,P004,4999,4999.0
PAY000430,SUB00430,2025-09-03,Net Banking,Paid,5,P001,0,0.0
PAY000431,SUB00431,2024-07-10,UPI,Paid,0,P004,4999,4999.0
PAY000432,SUB00432,2026-02-25,UPI,Paid,15,P001,0,0.0
PAY000433,SUB00433,2024-07-02,Credit Card,Paid,0,P005,14999,14999.0
PAY000434,SUB00434,2025-12-21,Credit Card,Paid,0,P003,999,999.0
PAY000435,SUB00435,2026-03-15,Credit Card,Paid,0,P003,999,999.0
PAY000436,SUB00436,2024-10-14,Credit Card,Paid,5,P001,0,0.0
PAY000437,SUB00437,2025-04-22,UPI,Paid,5,P004,4999,4749.05
PAY000438,SUB00438,2025-09-12,UPI,Paid,0,P004,4999,4999.0
PAY000439,SUB00439,2025-10-21,Net Banking,Paid,0,P003,999,999.0
PAY000440,SUB00440,2024-09-18,Credit Card,Failed,10,P003,999,899.1
PAY000441,SUB00441,2025-06-30,Credit Card,Paid,0,P003,999,999.0
PAY000442,SUB00442,2024-07-05,Debit Card,Paid,0,P001,0,0.0
PAY000443,SUB00443,2025-05-11,PayPal,Paid,0,P003,999,999.0
PAY000444,SUB00444,2024-07-21,Debit Card,Failed,0,P004,4999,4999.0
PAY000445,SUB00445,2025-12-26,UPI,Paid,0,P002,499,499.0
PAY000446,SUB00446,2025-05-01,Net Banking,Paid,0,P001,0,0.0
PAY000447,SUB00447,2026-03-24,PayPal,Paid,0,P002,499,499.0
PAY000448,SUB00448,2024-01-28,Credit Card,Paid,10,P003,999,899.1
PAY000449,SUB00449,2024-10-23,PayPal,Paid,0,P001,0,0.0
PAY000450,SUB00450,2024-10-05,Credit Card,Paid,10,P002,499,449.1
PAY000451,SUB00451,2024-12-01,Credit Card,Paid,10,P001,0,0.0
PAY000452,SUB00452,2025-05-04,UPI,Paid,0,P004,4999,4999.0
PAY000453,SUB00453,2024-05-10,Debit Card,Paid,5,P001,0,0.0
PAY000454,SUB00454,2025-03-02,UPI,Refunded,0,P003,999,999.0
PAY000455,SUB00455,2025-06-24,UPI,Paid,0,P002,499,499.0
PAY000456,SUB00456,2026-05-23,UPI,Paid,15,P004,4999,4249.15
PAY000457,SUB00457,2026-03-04,UPI,Paid,5,P005,14999,14249.05
PAY000458,SUB00458,2026-01-18,Credit Card,Paid,15,P001,0,0.0
PAY000459,SUB00459,2026-03-31,Credit Card,Paid,10,P002,499,449.1
PAY000460,SUB00460,2026-04-26,UPI,Paid,0,P004,4999,4999.0
PAY000461,SUB00461,2026-05-22,PayPal,Paid,0,P002,499,499.0
PAY000462,SUB00462,2024-09-29,UPI,Paid,0,P002,499,499.0
PAY000463,SUB00463,2024-06-18,Credit Card,Paid,10,P004,4999,4499.1
PAY000464,SUB00464,2026-05-15,UPI,Paid,15,P005,14999,12749.15
PAY000465,SUB00465,2025-06-26,UPI,Failed,5,P003,999,949.05
PAY000466,SUB00466,2025-09-14,UPI,Paid,0,P002,499,499.0
PAY000467,SUB00467,2024-01-20,Credit Card,Paid,0,P002,499,499.0
PAY000468,SUB00468,2024-03-16,Net Banking,Paid,10,P002,499,449.1
PAY000469,SUB00469,2024-11-10,UPI,Paid,15,P004,4999,4249.15
PAY000470,SUB00470,2025-05-22,Credit Card,Paid,0,P004,4999,4999.0
PAY000471,SUB00471,2025-03-16,UPI,Paid,0,P004,4999,4999.0
PAY000472,SUB00472,2024-11-16,Net Banking,Paid,0,P001,0,0.0
PAY000473,SUB00473,2024-08-12,Net Banking,Paid,0,P003,999,999.0
PAY000474,SUB00474,2026-06-07,UPI,Paid,10,P002,499,449.1
PAY000475,SUB00475,2026-03-28,Credit Card,Failed,5,P002,499,474.05
PAY000476,SUB00476,2026-03-19,PayPal,Paid,5,P004,4999,4749.05
PAY000477,SUB00477,2025-02-06,Credit Card,Paid,0,P002,499,499.0
PAY000478,SUB00478,2026-02-12,Credit Card,Paid,0,P003,999,999.0
PAY000479,SUB00479,2026-06-09,Credit Card,Paid,0,P003,999,999.0
PAY000480,SUB00480,2025-04-18,Credit Card,Paid,10,P005,14999,13499.1
PAY000481,SUB00481,2025-12-18,PayPal,Paid,10,P004,4999,4499.1
PAY000482,SUB00482,2025-12-23,PayPal,Paid,0,P004,4999,4999.0
PAY000483,SUB00483,2026-04-29,Net Banking,Paid,0,P003,999,999.0
PAY000484,SUB00484,2025-10-30,Credit Card,Paid,0,P002,499,499.0
PAY000485,SUB00485,2024-11-20,Credit Card,Refunded,0,P002,499,499.0
PAY000486,SUB00486,2024-05-08,Credit Card,Paid,5,P003,999,949.05
PAY000487,SUB00487,2024-07-08,PayPal,Paid,5,P003,999,949.05
PAY000488,SUB00488,2024-05-16,Debit Card,Paid,0,P003,999,999.0
PAY000489,SUB00489,2024-03-30,Credit Card,Paid,10,P002,499,449.1
PAY000490,SUB00490,2025-02-15,UPI,Paid,5,P002,499,474.05
PAY000491,SUB00491,2025-01-11,Credit Card,Paid,0,P002,499,499.0
PAY000492,SUB00492,2024-10-08,PayPal,Paid,0,P003,999,999.0
PAY000493,SUB00493,2026-01-30,Credit Card,Paid,10,P003,999,899.1
PAY000494,SUB00494,2025-01-03,UPI,Paid,5,P003,999,949.05
PAY000495,SUB00495,2026-02-07,UPI,Paid,0,P002,499,499.0
PAY000496,SUB00496,2024-06-30,Credit Card,Paid,5,P002,499,474.05
PAY000497,SUB00497,2024-02-21,PayPal,Paid,0,P004,4999,4999.0
PAY000498,SUB00498,2024-12-08,PayPal,Paid,10,P004,4999,4499.1
PAY000499,SUB00499,2026-05-26,PayPal,Paid,15,P003,999,849.15
PAY000500,SUB00500,2025-11-13,Debit Card,Paid,5,P003,999,949.05
PAY000501,SUB00501,2025-08-24,Credit Card,Paid,10,P002,499,449.1
PAY000502,SUB00502,2024-05-24,Credit Card,Paid,0,P003,999,999.0
PAY000503,SUB00503,2024-10-08,Credit Card,Paid,5,P004,4999,4749.05
PAY000504,SUB00504,2024-06-07,Debit Card,Paid,10,P003,999,899.1
PAY000505,SUB00505,2026-07-24,Credit Card,Paid,5,P003,999,949.05
PAY000506,SUB00506,2025-06-07,Debit Card,Paid,5,P003,999,949.05
PAY000507,SUB00507,2026-05-24,UPI,Paid,15,P003,999,849.15
PAY000508,SUB00508,2024-12-28,UPI,Paid,0,P003,999,999.0
PAY000509,SUB00509,2024-12-06,Net Banking,Paid,0,P003,999,999.0
PAY000510,SUB00510,2026-05-08,PayPal,Paid,10,P003,999,899.1
PAY000511,SUB00511,2025-11-09,Credit Card,Paid,10,P001,0,0.0
PAY000512,SUB00512,2024-11-05,UPI,Paid,15,P005,14999,12749.15
PAY000513,SUB00513,2025-05-31,PayPal,Refunded,5,P004,4999,4749.05
PAY000514,SUB00514,2025-07-09,Debit Card,Paid,10,P002,499,449.1
PAY000515,SUB00515,2024-11-11,Credit Card,Paid,10,P003,999,899.1
PAY000516,SUB00516,2025-04-23,Credit Card,Paid,0,P001,0,0.0
PAY000517,SUB00517,2026-06-27,Credit Card,Failed,10,P001,0,0.0
PAY000518,SUB00518,2024-09-20,Credit Card,Paid,0,P002,499,499.0
PAY000519,SUB00519,2025-11-01,Net Banking,Refunded,0,P003,999,999.0
PAY000520,SUB00520,2026-02-09,UPI,Paid,0,P004,4999,4999.0
PAY000521,SUB00521,2025-06-19,UPI,Paid,0,P003,999,999.0
PAY000522,SUB00522,2026-06-22,UPI,Paid,0,P003,999,999.0
PAY000523,SUB00523,2024-07-03,UPI,Paid,0,P002,499,499.0
PAY000524,SUB00524,2026-06-21,UPI,Paid,0,P002,499,499.0
PAY000525,SUB00525,2025-02-15,UPI,Paid,0,P001,0,0.0
PAY000526,SUB00526,2026-01-20,UPI,Paid,5,P004,4999,4749.05
PAY000527,SUB00527,2025-01-04,UPI,Paid,10,P004,4999,4499.1
PAY000528,SUB00528,2024-01-27,UPI,Paid,15,P003,999,849.15
PAY000529,SUB00529,2024-11-20,UPI,Paid,10,P003,999,899.1
PAY000530,SUB00530,2025-06-12,Debit Card,Paid,0,P004,4999,4999.0
PAY000531,SUB00531,2026-07-04,Credit Card,Paid,10,P001,0,0.0
PAY000532,SUB00532,2026-01-25,UPI,Paid,0,P004,4999,4999.0
PAY000533,SUB00533,2024-10-31,Credit Card,Paid,0,P003,999,999.0
PAY000534,SUB00534,2025-09-13,PayPal,Paid,10,P003,999,899.1
PAY000535,SUB00535,2025-10-08,PayPal,Paid,5,P002,499,474.05
PAY000536,SUB00536,2024-09-02,UPI,Paid,10,P003,999,899.1
PAY000537,SUB00537,2025-10-27,Net Banking,Paid,5,P004,4999,4749.05
PAY000538,SUB00538,2024-04-23,Credit Card,Paid,0,P001,0,0.0
PAY000539,SUB00539,2026-03-18,UPI,Paid,15,P003,999,849.15
PAY000540,SUB00540,2024-07-08,UPI,Paid,5,P001,0,0.0
PAY000541,SUB00541,2024-12-05,UPI,Paid,10,P004,4999,4499.1
PAY000542,SUB00542,2024-11-07,Credit Card,Paid,10,P003,999,899.1
PAY000543,SUB00543,2026-06-10,Debit Card,Paid,0,P004,4999,4999.0
PAY000544,SUB00544,2024-12-12,Debit Card,Refunded,0,P002,499,499.0
PAY000545,SUB00545,2026-05-29,UPI,Paid,0,P001,0,0.0
PAY000546,SUB00546,2026-02-06,UPI,Paid,0,P001,0,0.0
PAY000547,SUB00547,2025-11-12,UPI,Paid,0,P002,499,499.0
PAY000548,SUB00548,2025-01-02,Credit Card,Paid,5,P002,499,474.05
PAY000549,SUB00549,2024-02-11,PayPal,Paid,15,P003,999,849.15
PAY000550,SUB00550,2024-10-12,Net Banking,Paid,15,P001,0,0.0
PAY000551,SUB00551,2024-03-14,PayPal,Paid,10,P003,999,899.1
PAY000552,SUB00552,2026-04-17,Debit Card,Paid,0,P002,499,499.0
PAY000553,SUB00553,2024-07-29,Credit Card,Paid,0,P003,999,999.0
PAY000554,SUB00554,2026-06-08,Credit Card,Paid,10,P003,999,899.1
PAY000555,SUB00555,2026-03-30,Credit Card,Paid,0,P003,999,999.0
PAY000556,SUB00556,2026-06-08,Credit Card,Paid,10,P005,14999,13499.1
PAY000557,SUB00557,2025-07-01,Net Banking,Paid,15,P001,0,0.0
PAY000558,SUB00558,2024-04-29,Credit Card,Paid,0,P002,499,499.0
PAY000559,SUB00559,2026-02-27,UPI,Paid,10,P002,499,449.1
PAY000560,SUB00560,2026-06-12,Net Banking,Paid,0,P002,499,499.0
PAY000561,SUB00561,2024-08-11,Net Banking,Paid,10,P003,999,899.1
PAY000562,SUB00562,2024-06-01,Credit Card,Paid,0,P003,999,999.0
PAY000563,SUB00563,2026-01-14,Debit Card,Paid,0,P003,999,999.0
PAY000564,SUB00564,2024-12-18,UPI,Paid,10,P002,499,449.1
PAY000565,SUB00565,2025-03-02,Credit Card,Paid,10,P005,14999,13499.1
PAY000566,SUB00566,2025-05-11,UPI,Failed,5,P004,4999,4749.05
PAY000567,SUB00567,2025-11-21,UPI,Failed,5,P002,499,474.05
PAY000568,SUB00568,2024-08-26,Debit Card,Paid,10,P001,0,0.0
PAY000569,SUB00569,2024-04-06,UPI,Paid,10,P004,4999,4499.1
PAY000570,SUB00570,2024-10-13,Debit Card,Paid,20,P005,14999,11999.2
PAY000571,SUB00571,2025-08-20,Net Banking,Paid,15,P002,499,424.15
PAY000572,SUB00572,2025-07-10,UPI,Paid,10,P002,499,449.1
PAY000573,SUB00573,2026-03-09,Debit Card,Paid,10,P005,14999,13499.1
PAY000574,SUB00574,2026-05-27,Credit Card,Paid,5,P003,999,949.05
PAY000575,SUB00575,2024-10-27,UPI,Paid,0,P002,499,499.0
PAY000576,SUB00576,2025-05-16,Debit Card,Paid,0,P003,999,999.0
PAY000577,SUB00577,2025-02-01,Debit Card,Paid,10,P005,14999,13499.1
PAY000578,SUB00578,2024-04-01,Credit Card,Paid,10,P004,4999,4499.1
PAY000579,SUB00579,2025-01-13,PayPal,Paid,5,P003,999,949.05
PAY000580,SUB00580,2024-10-25,Credit Card,Paid,0,P003,999,999.0
PAY000581,SUB00581,2026-01-28,PayPal,Paid,0,P002,499,499.0
PAY000582,SUB00582,2024-11-18,Credit Card,Paid,0,P004,4999,4999.0
PAY000583,SUB00583,2024-10-05,UPI,Refunded,0,P002,499,499.0
PAY000584,SUB00584,2025-11-16,Credit Card,Paid,5,P005,14999,14249.05
PAY000585,SUB00585,2025-12-18,UPI,Refunded,15,P002,499,424.15
PAY000586,SUB00586,2024-10-16,Credit Card,Paid,0,P004,4999,4999.0
PAY000587,SUB00587,2025-12-08,Debit Card,Paid,5,P002,499,474.05
PAY000588,SUB00588,2026-04-24,Credit Card,Paid,0,P003,999,999.0
PAY000589,SUB00589,2025-12-31,UPI,Paid,20,P001,0,0.0
PAY000590,SUB00590,2025-03-04,Credit Card,Paid,15,P003,999,849.15
PAY000591,SUB00591,2026-02-18,UPI,Paid,0,P004,4999,4999.0
PAY000592,SUB00592,2024-08-21,Debit Card,Refunded,20,P003,999,799.2
PAY000593,SUB00593,2025-11-02,Net Banking,Paid,5,P003,999,949.05
PAY000594,SUB00594,2024-04-12,PayPal,Paid,0,P001,0,0.0
PAY000595,SUB00595,2026-04-20,UPI,Paid,5,P005,14999,14249.05
PAY000596,SUB00596,2024-05-03,Credit Card,Paid,0,P003,999,999.0
PAY000597,SUB00597,2024-11-25,Credit Card,Paid,5,P003,999,949.05
PAY000598,SUB00598,2025-12-04,PayPal,Paid,15,P004,4999,4249.15
PAY000599,SUB00599,2025-05-10,Debit Card,Paid,10,P003,999,899.1
PAY000600,SUB00600,2025-07-25,UPI,Paid,0,P002,499,499.0
PAY000601,SUB00601,2024-05-17,Credit Card,Paid,0,P003,999,999.0
PAY000602,SUB00602,2024-04-18,Debit Card,Paid,0,P003,999,999.0
PAY000603,SUB00603,2024-07-17,Debit Card,Paid,0,P004,4999,4999.0
PAY000604,SUB00604,2025-08-24,Net Banking,Failed,0,P004,4999,4999.0
PAY000605,SUB00605,2026-03-01,UPI,Paid,5,P001,0,0.0
PAY000606,SUB00606,2024-07-01,PayPal,Paid,10,P002,499,449.1
PAY000607,SUB00607,2026-04-09,UPI,Paid,10,P001,0,0.0
PAY000608,SUB00608,2024-04-06,PayPal,Paid,0,P001,0,0.0
PAY000609,SUB00609,2025-04-27,Net Banking,Paid,0,P003,999,999.0
PAY000610,SUB00610,2024-08-25,Debit Card,Paid,0,P004,4999,4999.0
PAY000611,SUB00611,2025-06-26,Debit Card,Paid,0,P001,0,0.0
PAY000612,SUB00612,2025-11-10,UPI,Paid,0,P003,999,999.0
PAY000613,SUB00613,2026-01-14,UPI,Paid,0,P004,4999,4999.0
PAY000614,SUB00614,2024-03-11,UPI,Paid,5,P004,4999,4749.05
PAY000615,SUB00615,2025-06-27,UPI,Paid,15,P003,999,849.15
PAY000616,SUB00616,2025-10-01,Credit Card,Paid,5,P004,4999,4749.05
PAY000617,SUB00617,2025-03-05,UPI,Paid,10,P003,999,899.1
PAY000618,SUB00618,2026-05-14,Net Banking,Paid,0,P002,499,499.0
PAY000619,SUB00619,2025-11-17,Credit Card,Paid,15,P001,0,0.0
PAY000620,SUB00620,2026-06-02,Debit Card,Paid,0,P002,499,499.0
PAY000621,SUB00621,2025-11-03,Debit Card,Paid,0,P002,499,499.0
PAY000622,SUB00622,2026-04-28,UPI,Refunded,0,P005,14999,14999.0
PAY000623,SUB00623,2025-06-16,UPI,Paid,0,P004,4999,4999.0
PAY000624,SUB00624,2024-07-20,UPI,Paid,5,P002,499,474.05
PAY000625,SUB00625,2026-04-13,Net Banking,Paid,20,P003,999,799.2
PAY000626,SUB00626,2024-02-15,Credit Card,Paid,10,P002,499,449.1
PAY000627,SUB00627,2025-06-15,UPI,Paid,0,P003,999,999.0
PAY000628,SUB00628,2025-02-24,Net Banking,Paid,5,P004,4999,4749.05
PAY000629,SUB00629,2025-11-23,UPI,Paid,5,P002,499,474.05
PAY000630,SUB00630,2026-03-08,Debit Card,Paid,10,P001,0,0.0
PAY000631,SUB00631,2024-03-31,Credit Card,Paid,10,P003,999,899.1
PAY000632,SUB00632,2025-03-04,Debit Card,Paid,5,P003,999,949.05
PAY000633,SUB00633,2025-11-03,PayPal,Paid,10,P002,499,449.1
PAY000634,SUB00634,2025-09-06,Net Banking,Paid,10,P003,999,899.1
PAY000635,SUB00635,2024-12-18,Credit Card,Paid,0,P003,999,999.0
PAY000636,SUB00636,2026-05-25,UPI,Refunded,0,P002,499,499.0
PAY000637,SUB00637,2025-10-15,Net Banking,Paid,10,P002,499,449.1
PAY000638,SUB00638,2025-12-15,Credit Card,Paid,15,P002,499,424.15
PAY000639,SUB00639,2025-08-05,UPI,Refunded,0,P004,4999,4999.0
PAY000640,SUB00640,2024-10-29,Debit Card,Paid,20,P005,14999,11999.2
PAY000641,SUB00641,2024-04-02,UPI,Paid,0,P004,4999,4999.0
PAY000642,SUB00642,2024-01-23,UPI,Paid,0,P003,999,999.0
PAY000643,SUB00643,2026-06-11,PayPal,Paid,0,P003,999,999.0
PAY000644,SUB00644,2024-06-08,Credit Card,Paid,15,P003,999,849.15
PAY000645,SUB00645,2025-04-29,UPI,Paid,0,P005,14999,14999.0
PAY000646,SUB00646,2025-09-30,Debit Card,Paid,5,P002,499,474.05
PAY000647,SUB00647,2024-12-05,Net Banking,Paid,0,P003,999,999.0
PAY000648,SUB00648,2025-02-18,UPI,Paid,5,P003,999,949.05
PAY000649,SUB00649,2025-04-28,Debit Card,Paid,15,P003,999,849.15
PAY000650,SUB00650,2025-10-02,Net Banking,Paid,0,P002,499,499.0
PAY000651,SUB00651,2025-01-30,UPI,Paid,10,P003,999,899.1
PAY000652,SUB00652,2025-01-09,Credit Card,Paid,15,P004,4999,4249.15
PAY000653,SUB00653,2024-10-22,UPI,Paid,0,P003,999,999.0
PAY000654,SUB00654,2026-04-10,Debit Card,Paid,10,P004,4999,4499.1
PAY000655,SUB00655,2025-01-20,Net Banking,Paid,0,P002,499,499.0
PAY000656,SUB00656,2025-11-23,UPI,Paid,0,P005,14999,14999.0
PAY000657,SUB00657,2025-05-04,Net Banking,Paid,5,P003,999,949.05
PAY000658,SUB00658,2025-09-14,Net Banking,Paid,10,P003,999,899.1
PAY000659,SUB00659,2024-01-31,UPI,Refunded,0,P001,0,0.0
PAY000660,SUB00660,2025-07-04,Debit Card,Paid,0,P002,499,499.0
PAY000661,SUB00661,2024-07-15,UPI,Failed,15,P003,999,849.15
PAY000662,SUB00662,2024-10-17,PayPal,Paid,10,P002,499,449.1
PAY000663,SUB00663,2024-03-23,Credit Card,Failed,0,P003,999,999.0
PAY000664,SUB00664,2024-12-02,Debit Card,Paid,5,P001,0,0.0
PAY000665,SUB00665,2025-02-02,Debit Card,Failed,0,P004,4999,4999.0
PAY000666,SUB00666,2024-03-29,Credit Card,Paid,0,P004,4999,4999.0
PAY000667,SUB00667,2025-12-13,Net Banking,Failed,5,P002,499,474.05
PAY000668,SUB00668,2024-10-04,Debit Card,Paid,5,P003,999,949.05
PAY000669,SUB00669,2024-08-05,PayPal,Paid,0,P004,4999,4999.0
PAY000670,SUB00670,2025-04-15,Credit Card,Paid,10,P003,999,899.1
PAY000671,SUB00671,2026-06-25,UPI,Paid,0,P002,499,499.0
PAY000672,SUB00672,2025-06-27,PayPal,Paid,5,P003,999,949.05
PAY000673,SUB00673,2024-06-03,Debit Card,Refunded,0,P002,499,499.0
PAY000674,SUB00674,2024-06-26,Debit Card,Paid,0,P002,499,499.0
PAY000675,SUB00675,2024-02-09,PayPal,Paid,0,P002,499,499.0
PAY000676,SUB00676,2026-04-24,UPI,Paid,5,P003,999,949.05
PAY000677,SUB00677,2024-06-07,Credit Card,Paid,0,P001,0,0.0
PAY000678,SUB00678,2026-05-14,UPI,Paid,0,P005,14999,14999.0
PAY000679,SUB00679,2024-09-24,Debit Card,Paid,0,P002,499,499.0
PAY000680,SUB00680,2026-01-05,Net Banking,Paid,5,P002,499,474.05
PAY000681,SUB00681,2024-10-15,PayPal,Paid,0,P003,999,999.0
PAY000682,SUB00682,2024-10-14,Credit Card,Paid,5,P002,499,474.05
PAY000683,SUB00683,2025-09-07,Net Banking,Paid,0,P003,999,999.0
PAY000684,SUB00684,2025-07-15,PayPal,Paid,10,P002,499,449.1
PAY000685,SUB00685,2025-08-30,Debit Card,Paid,20,P001,0,0.0
PAY000686,SUB00686,2024-05-30,UPI,Paid,5,P002,499,474.05
PAY000687,SUB00687,2025-10-28,Debit Card,Paid,10,P002,499,449.1
PAY000688,SUB00688,2024-04-01,PayPal,Paid,10,P001,0,0.0
PAY000689,SUB00689,2026-06-13,PayPal,Paid,15,P004,4999,4249.15
PAY000690,SUB00690,2025-08-18,Debit Card,Paid,0,P003,999,999.0
PAY000691,SUB00691,2026-03-19,Net Banking,Paid,10,P003,999,899.1
PAY000692,SUB00692,2024-10-24,UPI,Paid,15,P003,999,849.15
PAY000693,SUB00693,2026-02-14,UPI,Paid,0,P003,999,999.0
PAY000694,SUB00694,2025-04-12,PayPal,Paid,0,P005,14999,14999.0
PAY000695,SUB00695,2026-06-17,UPI,Paid,20,P001,0,0.0
PAY000696,SUB00696,2026-05-22,UPI,Paid,5,P001,0,0.0
PAY000697,SUB00697,2025-02-06,Credit Card,Paid,0,P002,499,499.0
PAY000698,SUB00698,2024-05-26,Credit Card,Paid,10,P002,499,449.1
PAY000699,SUB00699,2024-12-17,Debit Card,Paid,0,P002,499,499.0
PAY000700,SUB00700,2025-05-03,UPI,Paid,0,P003,999,999.0
PAY000701,SUB00701,2026-01-10,PayPal,Paid,5,P003,999,949.05
PAY000702,SUB00702,2024-07-19,PayPal,Paid,5,P005,14999,14249.05
PAY000703,SUB00703,2024-07-05,Credit Card,Paid,10,P002,499,449.1
PAY000704,SUB00704,2025-11-29,Credit Card,Paid,5,P002,499,474.05
PAY000705,SUB00705,2024-10-03,Debit Card,Failed,10,P005,14999,13499.1
PAY000706,SUB00706,2025-12-31,Debit Card,Paid,0,P004,4999,4999.0
PAY000707,SUB00707,2025-10-31,Credit Card,Paid,5,P003,999,949.05
PAY000708,SUB00708,2025-08-07,Credit Card,Failed,0,P003,999,999.0
PAY000709,SUB00709,2025-06-07,UPI,Paid,0,P004,4999,4999.0
PAY000710,SUB00710,2025-06-17,UPI,Paid,15,P003,999,849.15
PAY000711,SUB00711,2025-05-08,Credit Card,Paid,0,P002,499,499.0
PAY000712,SUB00712,2024-06-24,Debit Card,Paid,10,P004,4999,4499.1
PAY000713,SUB00713,2024-10-19,Debit Card,Failed,0,P003,999,999.0
PAY000714,SUB00714,2024-12-12,Net Banking,Paid,0,P002,499,499.0
PAY000715,SUB00715,2026-07-03,Credit Card,Failed,0,P003,999,999.0
PAY000716,SUB00716,2026-05-02,Net Banking,Paid,10,P002,499,449.1
PAY000717,SUB00717,2025-05-16,UPI,Paid,0,P004,4999,4999.0
PAY000718,SUB00718,2024-05-12,Credit Card,Paid,10,P001,0,0.0
PAY000719,SUB00719,2026-04-09,Net Banking,Failed,10,P004,4999,4499.1
PAY000720,SUB00720,2025-04-29,Debit Card,Paid,0,P003,999,999.0
PAY000721,SUB00721,2026-05-31,Credit Card,Paid,5,P002,499,474.05
PAY000722,SUB00722,2025-09-01,Debit Card,Paid,0,P002,499,499.0
PAY000723,SUB00723,2025-04-08,PayPal,Paid,15,P003,999,849.15
PAY000724,SUB00724,2025-05-26,Credit Card,Paid,0,P004,4999,4999.0
PAY000725,SUB00725,2025-12-25,Net Banking,Paid,0,P002,499,499.0
PAY000726,SUB00726,2024-06-19,PayPal,Failed,0,P002,499,499.0
PAY000727,SUB00727,2026-04-25,Debit Card,Paid,10,P003,999,899.1
PAY000728,SUB00728,2025-10-14,Credit Card,Paid,10,P004,4999,4499.1
PAY000729,SUB00729,2026-02-25,UPI,Paid,15,P001,0,0.0
PAY000730,SUB00730,2024-06-24,Credit Card,Paid,15,P003,999,849.15
PAY000731,SUB00731,2024-07-31,Credit Card,Paid,0,P003,999,999.0
PAY000732,SUB00732,2025-11-05,Net Banking,Paid,5,P002,499,474.05
PAY000733,SUB00733,2024-06-08,Credit Card,Paid,10,P003,999,899.1
PAY000734,SUB00734,2025-04-03,PayPal,Paid,15,P002,499,424.15
PAY000735,SUB00735,2025-06-02,UPI,Paid,0,P004,4999,4999.0
PAY000736,SUB00736,2025-06-02,Debit Card,Paid,0,P003,999,999.0
PAY000737,SUB00737,2025-05-02,Credit Card,Paid,15,P003,999,849.15
PAY000738,SUB00738,2024-10-15,Credit Card,Paid,0,P002,499,499.0
PAY000739,SUB00739,2025-07-15,Net Banking,Paid,5,P002,499,474.05
PAY000740,SUB00740,2025-04-24,UPI,Paid,15,P004,4999,4249.15
PAY000741,SUB00741,2025-07-02,UPI,Paid,10,P003,999,899.1
PAY000742,SUB00742,2026-02-16,Credit Card,Paid,0,P003,999,999.0
PAY000743,SUB00743,2026-01-14,Credit Card,Failed,0,P003,999,999.0
PAY000744,SUB00744,2026-03-11,Net Banking,Paid,0,P002,499,499.0
PAY000745,SUB00745,2025-10-04,PayPal,Paid,15,P002,499,424.15
PAY000746,SUB00746,2025-12-06,UPI,Paid,20,P001,0,0.0
PAY000747,SUB00747,2026-01-20,Credit Card,Paid,10,P001,0,0.0
PAY000748,SUB00748,2024-11-04,Debit Card,Paid,5,P004,4999,4749.05
PAY000749,SUB00749,2025-03-24,PayPal,Failed,0,P002,499,499.0
PAY000750,SUB00750,2024-10-08,PayPal,Paid,10,P001,0,0.0
PAY000751,SUB00751,2025-08-11,Debit Card,Paid,0,P004,4999,4999.0
PAY000752,SUB00752,2024-11-16,Credit Card,Paid,5,P002,499,474.05
PAY000753,SUB00753,2026-01-23,UPI,Paid,5,P003,999,949.05
PAY000754,SUB00754,2025-01-25,Credit Card,Paid,5,P002,499,474.05
PAY000755,SUB00755,2024-07-04,Credit Card,Paid,15,P001,0,0.0
PAY000756,SUB00756,2026-04-15,Debit Card,Failed,0,P002,499,499.0
PAY000757,SUB00757,2024-07-31,Debit Card,Paid,10,P001,0,0.0
PAY000758,SUB00758,2025-11-05,Debit Card,Paid,0,P004,4999,4999.0
PAY000759,SUB00759,2024-04-06,Credit Card,Paid,10,P003,999,899.1
PAY000760,SUB00760,2025-01-17,Debit Card,Paid,10,P001,0,0.0
PAY000761,SUB00761,2026-01-21,UPI,Paid,0,P002,499,499.0
PAY000762,SUB00762,2024-11-08,UPI,Paid,0,P002,499,499.0
PAY000763,SUB00763,2024-03-03,UPI,Paid,0,P002,499,499.0
PAY000764,SUB00764,2025-07-26,Net Banking,Paid,0,P002,499,499.0
PAY000765,SUB00765,2026-03-15,UPI,Paid,10,P003,999,899.1
PAY000766,SUB00766,2024-05-14,Net Banking,Paid,0,P004,4999,4999.0
PAY000767,SUB00767,2024-08-01,UPI,Paid,5,P002,499,474.05
PAY000768,SUB00768,2024-08-21,Credit Card,Paid,0,P003,999,999.0
PAY000769,SUB00769,2024-03-01,PayPal,Paid,5,P004,4999,4749.05
PAY000770,SUB00770,2026-05-02,Credit Card,Failed,10,P002,499,449.1
PAY000771,SUB00771,2024-09-26,UPI,Paid,0,P004,4999,4999.0
PAY000772,SUB00772,2026-01-10,UPI,Failed,5,P004,4999,4749.05
PAY000773,SUB00773,2026-04-06,PayPal,Paid,10,P002,499,449.1
PAY000774,SUB00774,2024-09-10,Credit Card,Paid,0,P005,14999,14999.0
PAY000775,SUB00775,2026-06-06,Credit Card,Paid,10,P002,499,449.1
PAY000776,SUB00776,2024-04-20,Credit Card,Paid,0,P002,499,499.0
PAY000777,SUB00777,2024-06-29,Credit Card,Paid,0,P004,4999,4999.0
PAY000778,SUB00778,2024-02-06,UPI,Paid,5,P002,499,474.05
PAY000779,SUB00779,2025-01-29,Debit Card,Paid,0,P002,499,499.0
PAY000780,SUB00780,2024-08-26,Debit Card,Paid,10,P002,499,449.1
PAY000781,SUB00781,2025-02-21,UPI,Paid,0,P004,4999,4999.0
PAY000782,SUB00782,2025-05-27,Net Banking,Paid,0,P004,4999,4999.0
PAY000783,SUB00783,2025-08-05,Net Banking,Failed,5,P003,999,949.05
PAY000784,SUB00784,2026-05-12,PayPal,Paid,5,P005,14999,14249.05
PAY000785,SUB00785,2025-04-03,UPI,Paid,10,P002,499,449.1
PAY000786,SUB00786,2024-07-18,UPI,Paid,0,P002,499,499.0
PAY000787,SUB00787,2026-06-30,Net Banking,Paid,10,P003,999,899.1
PAY000788,SUB00788,2024-11-11,UPI,Failed,20,P004,4999,3999.2
PAY000789,SUB00789,2024-10-19,UPI,Paid,5,P002,499,474.05
PAY000790,SUB00790,2024-02-05,Net Banking,Paid,10,P001,0,0.0
PAY000791,SUB00791,2024-08-29,UPI,Paid,5,P004,4999,4749.05
PAY000792,SUB00792,2026-01-19,Credit Card,Refunded,0,P005,14999,14999.0
PAY000793,SUB00793,2025-11-26,Credit Card,Paid,0,P003,999,999.0
PAY000794,SUB00794,2025-02-14,Net Banking,Paid,0,P002,499,499.0
PAY000795,SUB00795,2025-06-26,UPI,Paid,20,P005,14999,11999.2
PAY000796,SUB00796,2024-10-24,Net Banking,Failed,0,P004,4999,4999.0
PAY000797,SUB00797,2025-10-16,Debit Card,Refunded,5,P003,999,949.05
PAY000798,SUB00798,2025-04-25,Credit Card,Paid,0,P004,4999,4999.0
PAY000799,SUB00799,2026-06-24,UPI,Paid,10,P004,4999,4499.1
PAY000800,SUB00800,2024-11-30,UPI,Paid,0,P005,14999,14999.0
PAY000801,SUB00801,2024-12-25,Debit Card,Paid,10,P004,4999,4499.1
PAY000802,SUB00802,2024-04-06,Credit Card,Paid,0,P003,999,999.0
PAY000803,SUB00803,2024-02-21,PayPal,Paid,15,P003,999,849.15
PAY000804,SUB00804,2025-01-28,Credit Card,Paid,10,P003,999,899.1
PAY000805,SUB00805,2025-11-24,Credit Card,Paid,10,P003,999,899.1
PAY000806,SUB00806,2024-08-18,Credit Card,Paid,0,P004,4999,4999.0
PAY000807,SUB00807,2025-01-29,Net Banking,Paid,0,P005,14999,14999.0
PAY000808,SUB00808,2026-03-23,Credit Card,Paid,15,P003,999,849.15
PAY000809,SUB00809,2026-05-21,UPI,Paid,0,P003,999,999.0
PAY000810,SUB00810,2024-11-02,Net Banking,Paid,0,P002,499,499.0
PAY000811,SUB00811,2025-09-08,Credit Card,Paid,5,P003,999,949.05
PAY000812,SUB00812,2025-05-18,Credit Card,Paid,0,P003,999,999.0
PAY000813,SUB00813,2025-09-30,Debit Card,Failed,0,P001,0,0.0
PAY000814,SUB00814,2025-05-21,Debit Card,Paid,5,P003,999,949.05
PAY000815,SUB00815,2025-10-22,UPI,Paid,0,P001,0,0.0
PAY000816,SUB00816,2024-02-28,UPI,Paid,0,P001,0,0.0
PAY000817,SUB00817,2024-04-22,Net Banking,Failed,5,P004,4999,4749.05
PAY000818,SUB00818,2025-01-04,UPI,Paid,0,P002,499,499.0
PAY000819,SUB00819,2025-03-18,Debit Card,Paid,10,P002,499,449.1
PAY000820,SUB00820,2025-12-07,UPI,Paid,0,P001,0,0.0
PAY000821,SUB00821,2024-08-06,Credit Card,Failed,5,P002,499,474.05
PAY000822,SUB00822,2024-02-08,UPI,Paid,0,P004,4999,4999.0
PAY000823,SUB00823,2025-09-26,Credit Card,Paid,0,P003,999,999.0
PAY000824,SUB00824,2025-10-13,Debit Card,Failed,0,P004,4999,4999.0
PAY000825,SUB00825,2025-05-05,UPI,Paid,0,P002,499,499.0
PAY000826,SUB00826,2025-04-14,Credit Card,Paid,10,P002,499,449.1
PAY000827,SUB00827,2024-11-13,PayPal,Paid,0,P002,499,499.0
PAY000828,SUB00828,2025-08-30,Credit Card,Paid,10,P003,999,899.1
PAY000829,SUB00829,2025-03-06,Net Banking,Paid,15,P003,999,849.15
PAY000830,SUB00830,2025-11-14,PayPal,Paid,5,P004,4999,4749.05
PAY000831,SUB00831,2024-05-03,PayPal,Paid,0,P003,999,999.0
PAY000832,SUB00832,2025-12-01,Net Banking,Paid,0,P003,999,999.0
PAY000833,SUB00833,2025-08-03,UPI,Paid,15,P004,4999,4249.15
PAY000834,SUB00834,2025-06-20,PayPal,Paid,10,P005,14999,13499.1
PAY000835,SUB00835,2024-03-15,Net Banking,Paid,10,P002,499,449.1
PAY000836,SUB00836,2024-09-29,Net Banking,Paid,0,P002,499,499.0
PAY000837,SUB00837,2025-02-16,UPI,Paid,10,P003,999,899.1
PAY000838,SUB00838,2025-11-08,PayPal,Failed,10,P003,999,899.1
PAY000839,SUB00839,2024-11-21,Net Banking,Paid,0,P005,14999,14999.0
PAY000840,SUB00840,2024-12-25,Net Banking,Paid,5,P003,999,949.05
PAY000841,SUB00841,2026-03-18,UPI,Paid,0,P001,0,0.0
PAY000842,SUB00842,2024-03-10,UPI,Failed,0,P005,14999,14999.0
PAY000843,SUB00843,2025-04-13,PayPal,Paid,10,P004,4999,4499.1
PAY000844,SUB00844,2025-01-02,Credit Card,Paid,0,P002,499,499.0
PAY000845,SUB00845,2024-11-20,Credit Card,Paid,5,P004,4999,4749.05
PAY000846,SUB00846,2025-11-21,Net Banking,Paid,0,P002,499,499.0
PAY000847,SUB00847,2025-09-14,UPI,Failed,0,P002,499,499.0
PAY000848,SUB00848,2024-02-23,Credit Card,Paid,5,P004,4999,4749.05
PAY000849,SUB00849,2024-03-31,Credit Card,Paid,20,P003,999,799.2
PAY000850,SUB00850,2024-07-08,UPI,Paid,0,P001,0,0.0
PAY000851,SUB00851,2024-07-30,UPI,Paid,0,P002,499,499.0
PAY000852,SUB00852,2024-08-04,UPI,Paid,5,P003,999,949.05
PAY000853,SUB00853,2025-09-13,UPI,Failed,0,P002,499,499.0
PAY000854,SUB00854,2025-03-09,Debit Card,Paid,0,P003,999,999.0
PAY000855,SUB00855,2025-01-07,PayPal,Paid,0,P003,999,999.0
PAY000856,SUB00856,2024-04-21,Credit Card,Paid,0,P002,499,499.0
PAY000857,SUB00857,2024-09-15,UPI,Paid,0,P003,999,999.0
PAY000858,SUB00858,2024-08-10,UPI,Paid,0,P004,4999,4999.0
PAY000859,SUB00859,2024-07-11,Net Banking,Paid,0,P003,999,999.0
PAY000860,SUB00860,2025-07-18,PayPal,Paid,10,P002,499,449.1
PAY000861,SUB00861,2024-12-16,UPI,Paid,0,P002,499,499.0
PAY000862,SUB00862,2025-07-31,UPI,Paid,15,P003,999,849.15
PAY000863,SUB00863,2026-06-10,Debit Card,Failed,5,P004,4999,4749.05
PAY000864,SUB00864,2025-09-19,Net Banking,Paid,0,P002,499,499.0
PAY000865,SUB00865,2025-04-13,Credit Card,Paid,20,P002,499,399.2
PAY000866,SUB00866,2025-09-11,Debit Card,Paid,0,P002,499,499.0
PAY000867,SUB00867,2025-04-06,Debit Card,Paid,0,P003,999,999.0
PAY000868,SUB00868,2025-07-07,PayPal,Paid,0,P002,499,499.0
PAY000869,SUB00869,2025-10-14,UPI,Failed,10,P004,4999,4499.1
PAY000870,SUB00870,2024-07-19,PayPal,Paid,5,P002,499,474.05
PAY000871,SUB00871,2025-02-12,Credit Card,Failed,0,P003,999,999.0
PAY000872,SUB00872,2024-06-02,Debit Card,Paid,0,P003,999,999.0
PAY000873,SUB00873,2026-05-25,Credit Card,Paid,10,P003,999,899.1
PAY000874,SUB00874,2024-08-03,Credit Card,Failed,0,P002,499,499.0
PAY000875,SUB00875,2026-04-17,Debit Card,Paid,0,P003,999,999.0
PAY000876,SUB00876,2024-04-05,Credit Card,Paid,5,P002,499,474.05
PAY000877,SUB00877,2025-11-23,UPI,Paid,10,P001,0,0.0
PAY000878,SUB00878,2024-04-09,Credit Card,Paid,0,P003,999,999.0
PAY000879,SUB00879,2025-04-08,Credit Card,Paid,0,P003,999,999.0
PAY000880,SUB00880,2025-04-22,UPI,Paid,10,P001,0,0.0
PAY000881,SUB00881,2024-09-29,PayPal,Paid,0,P001,0,0.0
PAY000882,SUB00882,2026-06-23,UPI,Paid,5,P004,4999,4749.05
PAY000883,SUB00883,2024-03-25,Credit Card,Paid,20,P004,4999,3999.2
PAY000884,SUB00884,2024-08-20,UPI,Failed,10,P002,499,449.1
PAY000885,SUB00885,2024-10-30,Credit Card,Paid,0,P003,999,999.0
PAY000886,SUB00886,2026-03-16,UPI,Paid,0,P002,499,499.0
PAY000887,SUB00887,2026-02-24,Credit Card,Paid,0,P003,999,999.0
PAY000888,SUB00888,2024-09-29,UPI,Paid,15,P004,4999,4249.15
PAY000889,SUB00889,2024-12-16,UPI,Paid,20,P001,0,0.0
PAY000890,SUB00890,2025-08-16,Net Banking,Paid,0,P004,4999,4999.0
PAY000891,SUB00891,2025-05-05,Debit Card,Paid,10,P003,999,899.1
PAY000892,SUB00892,2025-04-24,UPI,Refunded,10,P003,999,899.1
PAY000893,SUB00893,2026-02-26,UPI,Paid,0,P003,999,999.0
PAY000894,SUB00894,2024-02-05,Net Banking,Paid,0,P004,4999,4999.0
PAY000895,SUB00895,2024-07-15,UPI,Paid,0,P001,0,0.0
PAY000896,SUB00896,2024-01-19,PayPal,Paid,0,P001,0,0.0
PAY000897,SUB00897,2026-01-19,Credit Card,Paid,15,P002,499,424.15
PAY000898,SUB00898,2025-10-11,UPI,Paid,15,P005,14999,12749.15
PAY000899,SUB00899,2026-07-24,Debit Card,Paid,0,P003,999,999.0
PAY000900,SUB00900,2024-05-22,Net Banking,Paid,0,P003,999,999.0
PAY000901,SUB00901,2024-01-27,Credit Card,Paid,0,P001,0,0.0
PAY000902,SUB00902,2025-06-22,Credit Card,Paid,10,P004,4999,4499.1
PAY000903,SUB00903,2025-10-03,Credit Card,Paid,5,P004,4999,4749.05
PAY000904,SUB00904,2024-08-27,PayPal,Paid,5,P003,999,949.05
PAY000905,SUB00905,2026-03-05,Debit Card,Paid,5,P002,499,474.05
PAY000906,SUB00906,2025-01-21,UPI,Failed,0,P001,0,0.0
PAY000907,SUB00907,2025-06-27,UPI,Refunded,5,P003,999,949.05
PAY000908,SUB00908,2024-11-16,UPI,Paid,20,P003,999,799.2
PAY000909,SUB00909,2024-08-30,UPI,Paid,0,P001,0,0.0
PAY000910,SUB00910,2024-01-31,UPI,Paid,5,P003,999,949.05
PAY000911,SUB00911,2025-07-11,Debit Card,Paid,0,P002,499,499.0
PAY000912,SUB00912,2024-06-14,UPI,Paid,5,P004,4999,4749.05
PAY000913,SUB00913,2025-10-03,Credit Card,Paid,5,P003,999,949.05
PAY000914,SUB00914,2026-05-10,Debit Card,Paid,5,P001,0,0.0
PAY000915,SUB00915,2026-07-11,UPI,Paid,15,P003,999,849.15
PAY000916,SUB00916,2025-12-26,UPI,Paid,0,P002,499,499.0
PAY000917,SUB00917,2025-02-16,UPI,Paid,5,P002,499,474.05
PAY000918,SUB00918,2025-01-08,UPI,Paid,0,P004,4999,4999.0
PAY000919,SUB00919,2024-07-13,Net Banking,Paid,10,P001,0,0.0
PAY000920,SUB00920,2024-06-29,Debit Card,Paid,0,P002,499,499.0
PAY000921,SUB00921,2025-01-20,UPI,Paid,10,P001,0,0.0
PAY000922,SUB00922,2025-05-20,Credit Card,Paid,0,P001,0,0.0
PAY000923,SUB00923,2026-01-30,UPI,Paid,0,P002,499,499.0
PAY000924,SUB00924,2025-01-02,Credit Card,Paid,0,P001,0,0.0
PAY000925,SUB00925,2025-05-10,Credit Card,Paid,20,P003,999,799.2
PAY000926,SUB00926,2024-09-02,Credit Card,Paid,0,P001,0,0.0
PAY000927,SUB00927,2025-08-04,UPI,Paid,0,P003,999,999.0
PAY000928,SUB00928,2025-09-19,UPI,Paid,0,P001,0,0.0
PAY000929,SUB00929,2025-08-18,Debit Card,Paid,0,P001,0,0.0
PAY000930,SUB00930,2024-06-26,Net Banking,Paid,0,P002,499,499.0
PAY000931,SUB00931,2025-06-06,PayPal,Paid,5,P004,4999,4749.05
PAY000932,SUB00932,2025-02-24,UPI,Paid,0,P003,999,999.0
PAY000933,SUB00933,2025-07-28,Debit Card,Paid,5,P004,4999,4749.05
PAY000934,SUB00934,2024-08-15,Debit Card,Paid,0,P001,0,0.0
PAY000935,SUB00935,2024-06-29,PayPal,Paid,0,P004,4999,4999.0
PAY000936,SUB00936,2026-02-28,UPI,Failed,5,P001,0,0.0
PAY000937,SUB00937,2024-02-23,Debit Card,Failed,0,P002,499,499.0
PAY000938,SUB00938,2025-10-29,UPI,Paid,0,P003,999,999.0
PAY000939,SUB00939,2024-01-28,Debit Card,Paid,0,P002,499,499.0
PAY000940,SUB00940,2026-01-28,Credit Card,Paid,0,P005,14999,14999.0
PAY000941,SUB00941,2026-06-24,Net Banking,Refunded,5,P001,0,0.0
PAY000942,SUB00942,2026-03-03,Net Banking,Paid,5,P005,14999,14249.05
PAY000943,SUB00943,2025-02-12,Credit Card,Paid,5,P003,999,949.05
PAY000944,SUB00944,2024-04-24,Credit Card,Paid,0,P003,999,999.0
PAY000945,SUB00945,2024-06-30,UPI,Paid,0,P001,0,0.0
PAY000946,SUB00946,2025-06-12,Credit Card,Paid,0,P002,499,499.0
PAY000947,SUB00947,2024-05-21,Credit Card,Paid,5,P004,4999,4749.05
PAY000948,SUB00948,2025-02-25,UPI,Paid,5,P002,499,474.05
PAY000949,SUB00949,2024-11-09,Net Banking,Paid,0,P003,999,999.0
PAY000950,SUB00950,2025-07-17,UPI,Failed,10,P005,14999,13499.1
PAY000951,SUB00951,2025-03-26,Debit Card,Paid,0,P002,499,499.0
PAY000952,SUB00952,2026-05-21,Net Banking,Paid,20,P003,999,799.2
PAY000953,SUB00953,2024-01-22,PayPal,Paid,0,P003,999,999.0
PAY000954,SUB00954,2025-10-16,Net Banking,Paid,10,P002,499,449.1
PAY000955,SUB00955,2026-06-30,UPI,Paid,0,P001,0,0.0
PAY000956,SUB00956,2024-12-28,Net Banking,Paid,15,P003,999,849.15
PAY000957,SUB00957,2024-08-19,UPI,Refunded,0,P002,499,499.0
PAY000958,SUB00958,2024-05-17,PayPal,Paid,0,P003,999,999.0
PAY000959,SUB00959,2026-03-04,Debit Card,Paid,0,P001,0,0.0
PAY000960,SUB00960,2025-06-15,Net Banking,Paid,20,P005,14999,11999.2
PAY000961,SUB00961,2025-06-17,UPI,Paid,20,P001,0,0.0
PAY000962,SUB00962,2024-03-07,Credit Card,Paid,0,P003,999,999.0
PAY000963,SUB00963,2025-05-23,Net Banking,Paid,5,P003,999,949.05
PAY000964,SUB00964,2026-06-04,Net Banking,Paid,5,P001,0,0.0
PAY000965,SUB00965,2025-04-20,UPI,Paid,0,P002,499,499.0
PAY000966,SUB00966,2024-12-16,PayPal,Paid,0,P004,4999,4999.0
PAY000967,SUB00967,2025-12-07,UPI,Failed,20,P004,4999,3999.2
PAY000968,SUB00968,2025-10-13,Debit Card,Paid,5,P002,499,474.05
PAY000969,SUB00969,2024-07-03,Debit Card,Paid,0,P002,499,499.0
PAY000970,SUB00970,2024-06-22,UPI,Paid,0,P002,499,499.0
PAY000971,SUB00971,2024-10-06,UPI,Failed,0,P001,0,0.0
PAY000972,SUB00972,2026-07-03,Net Banking,Paid,5,P003,999,949.05
PAY000973,SUB00973,2025-06-25,Credit Card,Paid,0,P004,4999,4999.0
PAY000974,SUB00974,2025-07-20,UPI,Paid,5,P002,499,474.05
PAY000975,SUB00975,2024-06-08,Net Banking,Paid,0,P005,14999,14999.0
PAY000976,SUB00976,2025-05-11,Net Banking,Paid,0,P001,0,0.0
PAY000977,SUB00977,2025-03-09,Credit Card,Paid,0,P003,999,999.0
PAY000978,SUB00978,2024-02-02,UPI,Paid,15,P002,499,424.15
PAY000979,SUB00979,2024-02-04,UPI,Paid,0,P002,499,499.0
PAY000980,SUB00980,2024-03-09,Debit Card,Paid,10,P003,999,899.1
PAY000981,SUB00981,2025-07-19,Credit Card,Paid,0,P002,499,499.0
PAY000982,SUB00982,2024-04-21,Debit Card,Paid,5,P003,999,949.05
PAY000983,SUB00983,2024-08-16,Net Banking,Paid,0,P003,999,999.0
PAY000984,SUB00984,2024-07-30,Credit Card,Paid,10,P002,499,449.1
PAY000985,SUB00985,2025-11-04,UPI,Paid,10,P004,4999,4499.1
PAY000986,SUB00986,2024-11-03,PayPal,Paid,0,P002,499,499.0
PAY000987,SUB00987,2025-07-19,Credit Card,Paid,0,P003,999,999.0
PAY000988,SUB00988,2026-06-13,Debit Card,Paid,10,P001,0,0.0
PAY000989,SUB00989,2024-03-05,PayPal,Paid,0,P002,499,499.0
PAY000990,SUB00990,2026-06-02,PayPal,Paid,5,P002,499,474.05
PAY000991,SUB00991,2024-08-12,Credit Card,Failed,0,P003,999,999.0
PAY000992,SUB00992,2026-06-18,UPI,Paid,5,P003,999,949.05
PAY000993,SUB00993,2025-07-14,PayPal,Paid,5,P002,499,474.05
PAY000994,SUB00994,2025-05-16,Debit Card,Paid,0,P001,0,0.0
PAY000995,SUB00995,2024-12-08,Credit Card,Paid,5,P002,499,474.05
PAY000996,SUB00996,2025-05-19,Credit Card,Paid,0,P003,999,999.0
PAY000997,SUB00997,2026-02-20,Credit Card,Paid,0,P003,999,999.0
PAY000998,SUB00998,2024-09-27,Net Banking,Paid,0,P002,499,499.0
PAY000999,SUB00999,2024-04-09,Credit Card,Paid,5,P001,0,0.0
PAY001000,SUB01000,2025-01-24,Net Banking,Paid,0,P004,4999,4999.0
PAY001001,SUB01001,2026-05-02,Net Banking,Paid,20,P001,0,0.0
PAY001002,SUB01002,2026-06-02,Net Banking,Paid,10,P001,0,0.0
PAY001003,SUB01003,2026-04-12,Debit Card,Paid,0,P001,0,0.0
PAY001004,SUB01004,2026-03-15,Net Banking,Paid,10,P002,499,449.1
PAY001005,SUB01005,2026-05-10,Credit Card,Paid,0,P003,999,999.0
PAY001006,SUB01006,2026-06-09,UPI,Paid,5,P003,999,949.05
PAY001007,SUB01007,2025-12-29,Net Banking,Paid,0,P002,499,499.0
PAY001008,SUB01008,2024-05-24,Credit Card,Paid,10,P003,999,899.1
PAY001009,SUB01009,2025-04-05,UPI,Paid,10,P002,499,449.1
PAY001010,SUB01010,2026-03-26,UPI,Paid,5,P004,4999,4749.05
PAY001011,SUB01011,2026-04-03,UPI,Paid,0,P003,999,999.0
PAY001012,SUB01012,2026-05-13,Net Banking,Paid,0,P003,999,999.0
PAY001013,SUB01013,2025-03-24,Debit Card,Paid,0,P002,499,499.0
PAY001014,SUB01014,2024-12-24,UPI,Paid,0,P001,0,0.0
PAY001015,SUB01015,2026-03-11,Net Banking,Paid,0,P003,999,999.0
PAY001016,SUB01016,2025-02-17,UPI,Paid,10,P003,999,899.1
PAY001017,SUB01017,2025-11-19,Net Banking,Paid,10,P001,0,0.0
PAY001018,SUB01018,2026-03-23,Credit Card,Paid,0,P005,14999,14999.0
PAY001019,SUB01019,2025-07-02,Debit Card,Paid,0,P005,14999,14999.0
PAY001020,SUB01020,2025-04-13,Credit Card,Paid,10,P003,999,899.1
PAY001021,SUB01021,2025-03-15,UPI,Paid,15,P005,14999,12749.15
PAY001022,SUB01022,2025-04-15,Net Banking,Paid,0,P002,499,499.0
PAY001023,SUB01023,2025-08-25,UPI,Paid,0,P001,0,0.0
PAY001024,SUB01024,2024-05-02,PayPal,Paid,10,P001,0,0.0
PAY001025,SUB01025,2024-03-02,Debit Card,Paid,10,P003,999,899.1
PAY001026,SUB01026,2025-01-30,Credit Card,Paid,0,P001,0,0.0
PAY001027,SUB01027,2025-12-03,Debit Card,Paid,5,P005,14999,14249.05
PAY001028,SUB01028,2026-03-06,UPI,Paid,5,P001,0,0.0
PAY001029,SUB01029,2025-06-20,Credit Card,Failed,0,P002,499,499.0
PAY001030,SUB01030,2024-08-06,PayPal,Paid,10,P004,4999,4499.1
PAY001031,SUB01031,2026-07-05,UPI,Paid,0,P002,499,499.0
PAY001032,SUB01032,2026-07-09,Debit Card,Paid,10,P002,499,449.1
PAY001033,SUB01033,2026-07-15,Credit Card,Paid,5,P003,999,949.05
PAY001034,SUB01034,2026-05-24,Debit Card,Paid,0,P002,499,499.0
PAY001035,SUB01035,2026-04-02,UPI,Paid,5,P002,499,474.05
PAY001036,SUB01036,2026-07-02,Credit Card,Paid,10,P002,499,449.1
PAY001037,SUB01037,2026-05-24,PayPal,Paid,20,P003,999,799.2
PAY001038,SUB01038,2025-10-11,UPI,Paid,0,P005,14999,14999.0
PAY001039,SUB01039,2025-11-21,Debit Card,Paid,0,P004,4999,4999.0
PAY001040,SUB01040,2025-03-13,Credit Card,Paid,20,P002,499,399.2
PAY001041,SUB01041,2026-03-01,Credit Card,Paid,5,P002,499,474.05
PAY001042,SUB01042,2024-08-25,Debit Card,Paid,15,P003,999,849.15
PAY001043,SUB01043,2025-11-17,Credit Card,Paid,0,P005,14999,14999.0
PAY001044,SUB01044,2024-10-17,UPI,Paid,0,P002,499,499.0
PAY001045,SUB01045,2024-05-20,PayPal,Paid,0,P002,499,499.0
PAY001046,SUB01046,2025-08-31,Net Banking,Paid,10,P003,999,899.1
PAY001047,SUB01047,2026-04-30,UPI,Paid,15,P005,14999,12749.15
PAY001048,SUB01048,2026-01-29,Credit Card,Paid,5,P002,499,474.05
PAY001049,SUB01049,2025-01-17,Net Banking,Failed,0,P002,499,499.0
PAY001050,SUB01050,2024-11-25,PayPal,Paid,0,P002,499,499.0
PAY001051,SUB01051,2026-05-14,PayPal,Paid,5,P001,0,0.0
PAY001052,SUB01052,2024-03-08,Net Banking,Paid,5,P003,999,949.05
PAY001053,SUB01053,2024-07-06,UPI,Paid,10,P003,999,899.1
PAY001054,SUB01054,2025-05-11,PayPal,Paid,0,P003,999,999.0
PAY001055,SUB01055,2024-08-16,Net Banking,Failed,0,P001,0,0.0
PAY001056,SUB01056,2026-07-09,Credit Card,Paid,0,P001,0,0.0
PAY001057,SUB01057,2024-10-04,Credit Card,Paid,5,P002,499,474.05
PAY001058,SUB01058,2024-05-18,Credit Card,Paid,0,P002,499,499.0
PAY001059,SUB01059,2025-01-23,Debit Card,Paid,15,P004,4999,4249.15
PAY001060,SUB01060,2025-07-13,UPI,Paid,5,P002,499,474.05
PAY001061,SUB01061,2024-10-08,UPI,Paid,0,P001,0,0.0
PAY001062,SUB01062,2025-05-24,UPI,Paid,0,P002,499,499.0
PAY001063,SUB01063,2025-06-19,Credit Card,Paid,15,P002,499,424.15
PAY001064,SUB01064,2024-04-22,UPI,Paid,0,P003,999,999.0
PAY001065,SUB01065,2024-06-28,Net Banking,Paid,0,P004,4999,4999.0
PAY001066,SUB01066,2024-05-31,UPI,Paid,15,P001,0,0.0
PAY001067,SUB01067,2024-05-20,PayPal,Paid,10,P003,999,899.1
PAY001068,SUB01068,2025-04-21,Net Banking,Paid,5,P002,499,474.05
PAY001069,SUB01069,2025-08-10,PayPal,Paid,0,P002,499,499.0
PAY001070,SUB01070,2026-04-01,Debit Card,Paid,10,P005,14999,13499.1
PAY001071,SUB01071,2024-02-18,UPI,Paid,0,P002,499,499.0
PAY001072,SUB01072,2026-03-15,Credit Card,Paid,0,P003,999,999.0
PAY001073,SUB01073,2026-02-17,UPI,Paid,0,P002,499,499.0
PAY001074,SUB01074,2026-04-16,PayPal,Paid,0,P003,999,999.0
PAY001075,SUB01075,2024-09-01,UPI,Paid,20,P004,4999,3999.2
PAY001076,SUB01076,2025-01-13,Credit Card,Paid,5,P004,4999,4749.05
PAY001077,SUB01077,2025-07-04,Net Banking,Paid,5,P004,4999,4749.05
PAY001078,SUB01078,2026-05-28,PayPal,Paid,20,P003,999,799.2
PAY001079,SUB01079,2024-08-01,Net Banking,Paid,0,P002,499,499.0
PAY001080,SUB01080,2024-02-19,Debit Card,Paid,0,P003,999,999.0
PAY001081,SUB01081,2025-02-03,Credit Card,Paid,5,P003,999,949.05
PAY001082,SUB01082,2025-12-22,Debit Card,Refunded,5,P001,0,0.0
PAY001083,SUB01083,2026-03-05,UPI,Paid,5,P002,499,474.05
PAY001084,SUB01084,2024-02-27,Net Banking,Paid,0,P004,4999,4999.0
PAY001085,SUB01085,2025-05-01,Credit Card,Paid,5,P003,999,949.05
PAY001086,SUB01086,2024-09-02,UPI,Paid,0,P002,499,499.0
PAY001087,SUB01087,2026-05-14,PayPal,Paid,0,P004,4999,4999.0
PAY001088,SUB01088,2026-03-25,Credit Card,Paid,0,P002,499,499.0
PAY001089,SUB01089,2025-07-11,Net Banking,Paid,0,P002,499,499.0
PAY001090,SUB01090,2024-07-19,Net Banking,Paid,0,P003,999,999.0
PAY001091,SUB01091,2025-03-01,Net Banking,Refunded,0,P002,499,499.0
PAY001092,SUB01092,2024-10-01,UPI,Paid,20,P003,999,799.2
PAY001093,SUB01093,2025-10-24,UPI,Paid,15,P002,499,424.15
PAY001094,SUB01094,2024-05-19,Net Banking,Paid,5,P002,499,474.05
PAY001095,SUB01095,2026-04-27,Net Banking,Paid,20,P002,499,399.2
PAY001096,SUB01096,2025-09-04,Credit Card,Paid,20,P005,14999,11999.2
PAY001097,SUB01097,2025-03-22,Credit Card,Paid,0,P002,499,499.0
PAY001098,SUB01098,2025-02-27,UPI,Paid,0,P002,499,499.0
PAY001099,SUB01099,2024-11-10,PayPal,Paid,20,P001,0,0.0
PAY001100,SUB01100,2025-08-08,UPI,Paid,5,P002,499,474.05
PAY001101,SUB01101,2024-05-17,UPI,Paid,0,P002,499,499.0
PAY001102,SUB01102,2025-01-04,Debit Card,Paid,10,P001,0,0.0
PAY001103,SUB01103,2026-03-29,UPI,Paid,0,P003,999,999.0
PAY001104,SUB01104,2024-09-16,PayPal,Paid,0,P003,999,999.0
PAY001105,SUB01105,2026-01-08,UPI,Paid,0,P004,4999,4999.0
PAY001106,SUB01106,2025-08-02,UPI,Paid,0,P003,999,999.0
PAY001107,SUB01107,2025-12-07,Credit Card,Paid,0,P002,499,499.0
PAY001108,SUB01108,2024-04-19,Credit Card,Paid,15,P002,499,424.15
PAY001109,SUB01109,2024-02-26,UPI,Failed,0,P003,999,999.0
PAY001110,SUB01110,2024-10-09,Credit Card,Paid,0,P003,999,999.0
PAY001111,SUB01111,2024-06-21,Credit Card,Paid,0,P002,499,499.0
PAY001112,SUB01112,2025-09-26,Net Banking,Paid,5,P004,4999,4749.05
PAY001113,SUB01113,2025-12-04,UPI,Paid,20,P001,0,0.0
PAY001114,SUB01114,2026-04-07,PayPal,Failed,0,P001,0,0.0
PAY001115,SUB01115,2024-12-08,Debit Card,Paid,0,P002,499,499.0
PAY001116,SUB01116,2024-05-27,UPI,Paid,0,P004,4999,4999.0
PAY001117,SUB01117,2025-08-10,UPI,Paid,5,P003,999,949.05
PAY001118,SUB01118,2024-08-31,Credit Card,Paid,0,P004,4999,4999.0
PAY001119,SUB01119,2026-07-10,UPI,Paid,0,P002,499,499.0
PAY001120,SUB01120,2026-07-15,UPI,Paid,0,P003,999,999.0
PAY001121,SUB01121,2026-04-11,UPI,Paid,0,P002,499,499.0
PAY001122,SUB01122,2024-05-02,Debit Card,Paid,15,P004,4999,4249.15
PAY001123,SUB01123,2024-09-28,Credit Card,Failed,0,P001,0,0.0
PAY001124,SUB01124,2026-06-30,UPI,Paid,0,P002,499,499.0
PAY001125,SUB01125,2025-09-05,Credit Card,Paid,10,P002,499,449.1
PAY001126,SUB01126,2025-06-27,Net Banking,Paid,10,P004,4999,4499.1
PAY001127,SUB01127,2024-02-14,UPI,Paid,0,P003,999,999.0
PAY001128,SUB01128,2024-07-16,Net Banking,Paid,20,P002,499,399.2
PAY001129,SUB01129,2024-09-01,Credit Card,Paid,10,P002,499,449.1
PAY001130,SUB01130,2025-09-19,PayPal,Paid,0,P005,14999,14999.0
PAY001131,SUB01131,2026-05-24,UPI,Paid,5,P004,4999,4749.05
PAY001132,SUB01132,2025-04-30,PayPal,Paid,0,P003,999,999.0
PAY001133,SUB01133,2024-04-27,Debit Card,Failed,0,P002,499,499.0
PAY001134,SUB01134,2026-05-06,Credit Card,Paid,0,P002,499,499.0
PAY001135,SUB01135,2025-01-17,Credit Card,Failed,5,P004,4999,4749.05
PAY001136,SUB01136,2024-04-14,UPI,Failed,10,P002,499,449.1
PAY001137,SUB01137,2025-12-03,PayPal,Failed,0,P002,499,499.0
PAY001138,SUB01138,2025-11-17,Debit Card,Paid,0,P003,999,999.0
PAY001139,SUB01139,2024-02-26,UPI,Paid,5,P004,4999,4749.05
PAY001140,SUB01140,2025-12-21,UPI,Failed,5,P002,499,474.05
PAY001141,SUB01141,2024-02-14,UPI,Paid,10,P003,999,899.1
PAY001142,SUB01142,2025-08-24,Debit Card,Paid,0,P004,4999,4999.0
PAY001143,SUB01143,2024-07-27,Debit Card,Paid,5,P002,499,474.05
PAY001144,SUB01144,2025-06-09,Credit Card,Paid,0,P002,499,499.0
PAY001145,SUB01145,2025-08-21,UPI,Paid,10,P005,14999,13499.1
PAY001146,SUB01146,2024-10-16,Credit Card,Paid,0,P005,14999,14999.0
PAY001147,SUB01147,2024-09-04,Credit Card,Paid,0,P004,4999,4999.0
PAY001148,SUB01148,2025-10-10,UPI,Paid,0,P003,999,999.0
PAY001149,SUB01149,2024-02-18,UPI,Paid,15,P002,499,424.15
PAY001150,SUB01150,2024-05-15,UPI,Paid,5,P004,4999,4749.05
PAY001151,SUB01151,2026-04-19,PayPal,Paid,20,P002,499,399.2
PAY001152,SUB01152,2024-06-24,Debit Card,Paid,0,P004,4999,4999.0
PAY001153,SUB01153,2026-07-23,PayPal,Paid,5,P004,4999,4749.05
PAY001154,SUB01154,2024-11-04,UPI,Paid,0,P003,999,999.0
PAY001155,SUB01155,2026-05-01,Net Banking,Paid,5,P004,4999,4749.05
PAY001156,SUB01156,2024-03-14,Debit Card,Paid,10,P004,4999,4499.1
PAY001157,SUB01157,2026-07-04,Credit Card,Paid,10,P002,499,449.1
PAY001158,SUB01158,2025-11-04,UPI,Paid,10,P003,999,899.1
PAY001159,SUB01159,2026-05-25,Debit Card,Paid,5,P001,0,0.0
PAY001160,SUB01160,2025-02-17,PayPal,Refunded,15,P003,999,849.15
PAY001161,SUB01161,2025-10-27,UPI,Paid,0,P002,499,499.0
PAY001162,SUB01162,2025-08-23,UPI,Paid,10,P002,499,449.1
PAY001163,SUB01163,2025-08-17,Debit Card,Paid,15,P004,4999,4249.15
PAY001164,SUB01164,2025-11-18,PayPal,Paid,5,P005,14999,14249.05
PAY001165,SUB01165,2025-02-14,Debit Card,Refunded,10,P002,499,449.1
PAY001166,SUB01166,2025-04-09,UPI,Paid,0,P003,999,999.0
PAY001167,SUB01167,2024-05-21,Credit Card,Paid,0,P003,999,999.0
PAY001168,SUB01168,2024-03-28,Credit Card,Paid,5,P005,14999,14249.05
PAY001169,SUB01169,2024-12-27,Net Banking,Paid,0,P003,999,999.0
PAY001170,SUB01170,2026-02-17,Net Banking,Paid,5,P003,999,949.05
PAY001171,SUB01171,2024-12-13,Credit Card,Paid,15,P004,4999,4249.15
PAY001172,SUB01172,2024-07-09,UPI,Paid,0,P002,499,499.0
PAY001173,SUB01173,2025-08-28,PayPal,Paid,0,P004,4999,4999.0
PAY001174,SUB01174,2025-07-09,Debit Card,Paid,5,P004,4999,4749.05
PAY001175,SUB01175,2026-05-17,PayPal,Paid,0,P005,14999,14999.0
PAY001176,SUB01176,2024-06-10,Credit Card,Paid,0,P002,499,499.0
PAY001177,SUB01177,2025-08-22,Net Banking,Paid,0,P002,499,499.0
PAY001178,SUB01178,2025-09-30,Net Banking,Paid,0,P004,4999,4999.0
PAY001179,SUB01179,2026-01-28,UPI,Paid,0,P002,499,499.0
PAY001180,SUB01180,2025-07-07,PayPal,Paid,15,P003,999,849.15
PAY001181,SUB01181,2024-06-04,UPI,Paid,0,P001,0,0.0
PAY001182,SUB01182,2026-03-01,Net Banking,Paid,0,P001,0,0.0
PAY001183,SUB01183,2024-04-20,PayPal,Paid,20,P002,499,399.2
PAY001184,SUB01184,2026-02-06,UPI,Paid,10,P003,999,899.1
PAY001185,SUB01185,2024-10-14,Debit Card,Paid,0,P002,499,499.0
PAY001186,SUB01186,2025-06-25,Credit Card,Paid,5,P003,999,949.05
PAY001187,SUB01187,2026-03-14,Net Banking,Paid,10,P003,999,899.1
PAY001188,SUB01188,2026-01-07,Net Banking,Paid,10,P003,999,899.1
PAY001189,SUB01189,2024-07-27,Debit Card,Paid,10,P003,999,899.1
PAY001190,SUB01190,2024-03-16,Net Banking,Paid,5,P002,499,474.05
PAY001191,SUB01191,2025-01-01,UPI,Paid,0,P002,499,499.0
PAY001192,SUB01192,2024-09-03,UPI,Paid,5,P001,0,0.0
PAY001193,SUB01193,2025-06-16,Credit Card,Paid,5,P003,999,949.05
PAY001194,SUB01194,2025-01-22,Debit Card,Paid,5,P003,999,949.05
PAY001195,SUB01195,2026-03-23,UPI,Paid,0,P003,999,999.0
PAY001196,SUB01196,2026-07-03,Debit Card,Paid,0,P002,499,499.0
PAY001197,SUB01197,2024-06-05,Credit Card,Paid,20,P003,999,799.2
PAY001198,SUB01198,2024-09-29,Net Banking,Paid,0,P001,0,0.0
PAY001199,SUB01199,2026-04-01,UPI,Paid,0,P004,4999,4999.0
PAY001200,SUB01200,2024-03-14,Debit Card,Paid,10,P001,0,0.0
PAY001201,SUB01201,2024-06-25,Debit Card,Failed,0,P005,14999,14999.0
PAY001202,SUB01202,2025-06-24,PayPal,Paid,0,P003,999,999.0
PAY001203,SUB01203,2024-10-02,Debit Card,Paid,5,P002,499,474.05
PAY001204,SUB01204,2026-01-15,Net Banking,Paid,5,P002,499,474.05
PAY001205,SUB01205,2026-02-18,PayPal,Paid,5,P001,0,0.0
PAY001206,SUB01206,2024-05-30,Debit Card,Paid,15,P002,499,424.15
PAY001207,SUB01207,2024-09-01,UPI,Paid,0,P001,0,0.0
PAY001208,SUB01208,2026-03-28,Net Banking,Paid,10,P003,999,899.1
PAY001209,SUB01209,2025-03-19,Debit Card,Paid,0,P002,499,499.0
PAY001210,SUB01210,2024-02-08,Credit Card,Paid,0,P004,4999,4999.0
PAY001211,SUB01211,2026-05-20,Debit Card,Paid,10,P002,499,449.1
PAY001212,SUB01212,2025-08-10,Net Banking,Paid,0,P004,4999,4999.0
PAY001213,SUB01213,2024-12-12,PayPal,Paid,5,P003,999,949.05
PAY001214,SUB01214,2025-05-26,PayPal,Paid,0,P001,0,0.0
PAY001215,SUB01215,2025-02-05,UPI,Paid,0,P002,499,499.0
PAY001216,SUB01216,2025-07-24,Credit Card,Paid,5,P002,499,474.05
PAY001217,SUB01217,2025-09-14,UPI,Paid,10,P002,499,449.1
PAY001218,SUB01218,2025-04-18,UPI,Failed,0,P003,999,999.0
PAY001219,SUB01219,2024-03-07,Net Banking,Paid,15,P003,999,849.15
PAY001220,SUB01220,2025-09-09,Credit Card,Paid,0,P004,4999,4999.0
PAY001221,SUB01221,2025-05-30,Debit Card,Paid,0,P003,999,999.0
PAY001222,SUB01222,2024-08-28,Debit Card,Paid,0,P005,14999,14999.0
PAY001223,SUB01223,2026-07-08,Net Banking,Paid,0,P005,14999,14999.0
PAY001224,SUB01224,2025-08-08,UPI,Paid,0,P004,4999,4999.0
PAY001225,SUB01225,2025-07-25,UPI,Paid,10,P003,999,899.1
PAY001226,SUB01226,2024-05-16,Credit Card,Paid,5,P001,0,0.0
PAY001227,SUB01227,2026-07-14,Credit Card,Paid,0,P002,499,499.0
PAY001228,SUB01228,2025-01-24,PayPal,Paid,20,P003,999,799.2
PAY001229,SUB01229,2025-02-13,Net Banking,Paid,0,P002,499,499.0
PAY001230,SUB01230,2024-04-11,Credit Card,Paid,0,P001,0,0.0
PAY001231,SUB01231,2025-06-17,Net Banking,Paid,0,P003,999,999.0
PAY001232,SUB01232,2026-01-09,UPI,Failed,0,P001,0,0.0
PAY001233,SUB01233,2025-09-18,Net Banking,Paid,5,P003,999,949.05
PAY001234,SUB01234,2025-03-25,UPI,Paid,0,P001,0,0.0
PAY001235,SUB01235,2026-04-22,Net Banking,Paid,5,P003,999,949.05
PAY001236,SUB01236,2024-11-06,Credit Card,Paid,10,P004,4999,4499.1
PAY001237,SUB01237,2024-03-07,UPI,Paid,10,P001,0,0.0
PAY001238,SUB01238,2024-04-05,UPI,Paid,10,P003,999,899.1
PAY001239,SUB01239,2026-03-06,Credit Card,Paid,0,P004,4999,4999.0
PAY001240,SUB01240,2024-05-27,Debit Card,Paid,0,P002,499,499.0
PAY001241,SUB01241,2024-02-18,UPI,Paid,5,P002,499,474.05
PAY001242,SUB01242,2024-12-13,Debit Card,Paid,0,P002,499,499.0
PAY001243,SUB01243,2025-07-14,Debit Card,Paid,0,P003,999,999.0
PAY001244,SUB01244,2024-05-11,Debit Card,Paid,5,P003,999,949.05
PAY001245,SUB01245,2025-12-04,Net Banking,Paid,0,P001,0,0.0
PAY001246,SUB01246,2025-10-31,UPI,Paid,10,P003,999,899.1
PAY001247,SUB01247,2024-06-02,Credit Card,Paid,0,P002,499,499.0
PAY001248,SUB01248,2024-12-01,PayPal,Paid,20,P004,4999,3999.2
PAY001249,SUB01249,2024-07-11,Debit Card,Paid,10,P002,499,449.1
PAY001250,SUB01250,2025-05-24,Debit Card,Paid,0,P004,4999,4999.0
PAY001251,SUB01251,2025-10-29,Debit Card,Paid,5,P002,499,474.05
PAY001252,SUB01252,2025-12-15,UPI,Paid,5,P003,999,949.05
PAY001253,SUB01253,2025-06-20,Debit Card,Paid,10,P003,999,899.1
PAY001254,SUB01254,2024-09-02,PayPal,Paid,5,P003,999,949.05
PAY001255,SUB01255,2025-08-16,UPI,Paid,5,P002,499,474.05
PAY001256,SUB01256,2025-12-28,Net Banking,Paid,0,P004,4999,4999.0
PAY001257,SUB01257,2025-06-02,UPI,Paid,0,P002,499,499.0
PAY001258,SUB01258,2026-05-10,Credit Card,Paid,15,P003,999,849.15
PAY001259,SUB01259,2024-06-20,Net Banking,Paid,0,P003,999,999.0
PAY001260,SUB01260,2025-10-27,Net Banking,Paid,0,P004,4999,4999.0
PAY001261,SUB01261,2025-07-14,Net Banking,Paid,0,P003,999,999.0
PAY001262,SUB01262,2024-08-06,PayPal,Paid,15,P002,499,424.15
PAY001263,SUB01263,2026-01-24,Credit Card,Failed,5,P003,999,949.05
PAY001264,SUB01264,2025-10-19,Debit Card,Paid,10,P003,999,899.1
PAY001265,SUB01265,2025-11-29,Credit Card,Paid,10,P005,14999,13499.1
PAY001266,SUB01266,2026-02-06,Credit Card,Paid,10,P004,4999,4499.1
PAY001267,SUB01267,2025-09-06,Credit Card,Paid,5,P003,999,949.05
PAY001268,SUB01268,2024-01-11,Debit Card,Paid,0,P002,499,499.0
PAY001269,SUB01269,2025-11-23,Credit Card,Paid,0,P004,4999,4999.0
PAY001270,SUB01270,2026-02-08,Net Banking,Paid,5,P003,999,949.05
PAY001271,SUB01271,2026-06-15,Debit Card,Paid,0,P005,14999,14999.0
PAY001272,SUB01272,2024-03-26,UPI,Paid,5,P002,499,474.05
PAY001273,SUB01273,2024-10-02,Debit Card,Paid,5,P001,0,0.0
PAY001274,SUB01274,2026-05-07,Credit Card,Paid,5,P001,0,0.0
PAY001275,SUB01275,2025-05-12,Credit Card,Paid,0,P003,999,999.0
PAY001276,SUB01276,2025-10-12,Net Banking,Paid,0,P005,14999,14999.0
PAY001277,SUB01277,2025-02-11,Credit Card,Paid,10,P001,0,0.0
PAY001278,SUB01278,2025-08-02,Net Banking,Paid,0,P003,999,999.0
PAY001279,SUB01279,2024-11-04,Debit Card,Paid,10,P003,999,899.1
PAY001280,SUB01280,2025-09-19,Credit Card,Paid,5,P003,999,949.05
PAY001281,SUB01281,2025-10-13,Net Banking,Paid,20,P002,499,399.2
PAY001282,SUB01282,2025-07-21,UPI,Paid,10,P004,4999,4499.1
PAY001283,SUB01283,2024-01-27,UPI,Paid,0,P001,0,0.0
PAY001284,SUB01284,2025-06-23,UPI,Paid,5,P004,4999,4749.05
PAY001285,SUB01285,2026-04-15,Credit Card,Paid,0,P002,499,499.0
PAY001286,SUB01286,2026-02-15,UPI,Paid,0,P003,999,999.0
PAY001287,SUB01287,2025-08-18,PayPal,Paid,10,P004,4999,4499.1
PAY001288,SUB01288,2024-04-04,Credit Card,Paid,5,P002,499,474.05
PAY001289,SUB01289,2024-01-13,Debit Card,Paid,5,P002,499,474.05
PAY001290,SUB01290,2025-07-31,UPI,Paid,0,P003,999,999.0
PAY001291,SUB01291,2025-07-31,UPI,Paid,10,P003,999,899.1
PAY001292,SUB01292,2024-05-18,UPI,Paid,0,P003,999,999.0
PAY001293,SUB01293,2025-11-22,Debit Card,Paid,10,P002,499,449.1
PAY001294,SUB01294,2025-05-28,Credit Card,Paid,5,P001,0,0.0
PAY001295,SUB01295,2025-03-27,Credit Card,Refunded,0,P002,499,499.0
PAY001296,SUB01296,2024-02-18,Credit Card,Paid,0,P001,0,0.0
PAY001297,SUB01297,2025-12-28,Net Banking,Paid,0,P004,4999,4999.0
PAY001298,SUB01298,2025-08-16,UPI,Paid,15,P001,0,0.0
PAY001299,SUB01299,2024-12-25,Net Banking,Paid,10,P002,499,449.1
PAY001300,SUB01300,2024-12-22,Credit Card,Paid,5,P001,0,0.0
PAY001301,SUB01301,2025-12-11,Debit Card,Failed,5,P001,0,0.0
PAY001302,SUB01302,2024-07-26,UPI,Paid,5,P003,999,949.05
PAY001303,SUB01303,2024-03-16,Credit Card,Paid,5,P003,999,949.05
PAY001304,SUB01304,2024-01-23,UPI,Paid,5,P001,0,0.0
PAY001305,SUB01305,2025-01-30,PayPal,Paid,0,P001,0,0.0
PAY001306,SUB01306,2025-01-08,Credit Card,Failed,10,P001,0,0.0
PAY001307,SUB01307,2026-07-03,PayPal,Paid,10,P004,4999,4499.1
PAY001308,SUB01308,2024-11-21,Credit Card,Paid,0,P003,999,999.0
PAY001309,SUB01309,2025-05-27,UPI,Paid,10,P001,0,0.0
PAY001310,SUB01310,2026-03-28,Credit Card,Paid,5,P003,999,949.05
PAY001311,SUB01311,2026-01-10,UPI,Paid,0,P003,999,999.0
PAY001312,SUB01312,2024-12-12,PayPal,Paid,0,P004,4999,4999.0
PAY001313,SUB01313,2025-07-24,Net Banking,Paid,10,P005,14999,13499.1
PAY001314,SUB01314,2026-07-17,Debit Card,Paid,15,P002,499,424.15
PAY001315,SUB01315,2025-04-20,Debit Card,Paid,10,P001,0,0.0
PAY001316,SUB01316,2024-05-01,Credit Card,Paid,10,P002,499,449.1
PAY001317,SUB01317,2024-04-22,PayPal,Paid,0,P004,4999,4999.0
PAY001318,SUB01318,2026-06-22,UPI,Paid,0,P005,14999,14999.0
PAY001319,SUB01319,2025-04-05,Net Banking,Paid,0,P003,999,999.0
PAY001320,SUB01320,2024-12-23,Credit Card,Paid,15,P002,499,424.15
PAY001321,SUB01321,2025-01-10,PayPal,Paid,20,P002,499,399.2
PAY001322,SUB01322,2024-06-02,Net Banking,Failed,0,P002,499,499.0
PAY001323,SUB01323,2026-04-21,PayPal,Paid,10,P002,499,449.1
PAY001324,SUB01324,2024-11-30,Credit Card,Paid,5,P003,999,949.05
PAY001325,SUB01325,2026-05-10,UPI,Paid,0,P001,0,0.0
PAY001326,SUB01326,2024-11-16,Credit Card,Paid,5,P002,499,474.05
PAY001327,SUB01327,2024-11-07,Debit Card,Paid,10,P003,999,899.1
PAY001328,SUB01328,2025-06-16,Net Banking,Paid,0,P001,0,0.0
PAY001329,SUB01329,2026-04-24,UPI,Paid,15,P001,0,0.0
PAY001330,SUB01330,2024-11-15,Credit Card,Paid,0,P002,499,499.0
PAY001331,SUB01331,2024-03-18,UPI,Paid,0,P004,4999,4999.0
PAY001332,SUB01332,2026-02-22,Net Banking,Paid,0,P004,4999,4999.0
PAY001333,SUB01333,2025-05-23,UPI,Paid,10,P001,0,0.0
PAY001334,SUB01334,2024-02-01,Debit Card,Paid,0,P003,999,999.0
PAY001335,SUB01335,2025-06-23,UPI,Paid,10,P002,499,449.1
PAY001336,SUB01336,2024-12-08,Credit Card,Paid,5,P003,999,949.05
PAY001337,SUB01337,2026-03-10,PayPal,Paid,5,P003,999,949.05
PAY001338,SUB01338,2026-05-29,UPI,Paid,10,P004,4999,4499.1
PAY001339,SUB01339,2025-06-28,UPI,Paid,0,P003,999,999.0
PAY001340,SUB01340,2024-05-15,UPI,Paid,10,P005,14999,13499.1
PAY001341,SUB01341,2026-04-22,Credit Card,Paid,0,P005,14999,14999.0
PAY001342,SUB01342,2025-06-13,Debit Card,Paid,5,P004,4999,4749.05
PAY001343,SUB01343,2024-06-06,UPI,Paid,10,P003,999,899.1
PAY001344,SUB01344,2025-06-09,Debit Card,Paid,15,P002,499,424.15
PAY001345,SUB01345,2025-03-06,UPI,Paid,0,P002,499,499.0
PAY001346,SUB01346,2025-02-03,Net Banking,Paid,5,P001,0,0.0
PAY001347,SUB01347,2026-06-10,Net Banking,Paid,0,P002,499,499.0
PAY001348,SUB01348,2024-08-21,PayPal,Paid,0,P003,999,999.0
PAY001349,SUB01349,2026-04-26,PayPal,Paid,0,P003,999,999.0
PAY001350,SUB01350,2024-08-03,Credit Card,Paid,0,P004,4999,4999.0
PAY001351,SUB01351,2024-03-29,Credit Card,Refunded,10,P001,0,0.0
PAY001352,SUB01352,2026-05-09,Debit Card,Paid,10,P002,499,449.1
PAY001353,SUB01353,2025-09-19,UPI,Failed,0,P004,4999,4999.0
PAY001354,SUB01354,2024-10-15,UPI,Paid,10,P002,499,449.1
PAY001355,SUB01355,2025-11-03,UPI,Paid,0,P001,0,0.0
PAY001356,SUB01356,2024-08-14,Credit Card,Paid,5,P005,14999,14249.05
PAY001357,SUB01357,2026-03-16,Credit Card,Paid,15,P004,4999,4249.15
PAY001358,SUB01358,2024-10-27,UPI,Paid,10,P002,499,449.1
PAY001359,SUB01359,2025-12-12,UPI,Paid,0,P004,4999,4999.0
PAY001360,SUB01360,2025-01-10,Debit Card,Paid,10,P003,999,899.1
PAY001361,SUB01361,2025-06-06,UPI,Failed,0,P004,4999,4999.0
PAY001362,SUB01362,2024-08-15,PayPal,Failed,10,P004,4999,4499.1
PAY001363,SUB01363,2025-03-21,UPI,Paid,5,P001,0,0.0
PAY001364,SUB01364,2025-04-01,Debit Card,Paid,10,P003,999,899.1
PAY001365,SUB01365,2026-01-11,Credit Card,Paid,0,P001,0,0.0
PAY001366,SUB01366,2025-02-21,UPI,Paid,5,P001,0,0.0
PAY001367,SUB01367,2024-08-02,Credit Card,Paid,5,P004,4999,4749.05
PAY001368,SUB01368,2025-06-04,Credit Card,Paid,5,P003,999,949.05
PAY001369,SUB01369,2025-04-24,Net Banking,Paid,10,P003,999,899.1
PAY001370,SUB01370,2025-08-19,Debit Card,Paid,15,P004,4999,4249.15
PAY001371,SUB01371,2024-08-27,UPI,Paid,10,P005,14999,13499.1
PAY001372,SUB01372,2025-01-23,UPI,Refunded,0,P004,4999,4999.0
PAY001373,SUB01373,2025-05-31,UPI,Paid,10,P003,999,899.1
PAY001374,SUB01374,2024-04-30,UPI,Paid,0,P002,499,499.0
PAY001375,SUB01375,2025-04-15,Credit Card,Paid,5,P002,499,474.05
PAY001376,SUB01376,2025-08-08,PayPal,Paid,15,P002,499,424.15
PAY001377,SUB01377,2024-11-27,Credit Card,Paid,0,P002,499,499.0
PAY001378,SUB01378,2024-01-17,Debit Card,Paid,10,P003,999,899.1
PAY001379,SUB01379,2024-11-24,Debit Card,Paid,10,P003,999,899.1
PAY001380,SUB01380,2024-11-22,Net Banking,Refunded,5,P005,14999,14249.05
PAY001381,SUB01381,2026-04-19,UPI,Paid,0,P003,999,999.0
PAY001382,SUB01382,2025-04-18,Net Banking,Paid,0,P003,999,999.0
PAY001383,SUB01383,2024-10-04,Net Banking,Paid,20,P002,499,399.2
PAY001384,SUB01384,2025-09-01,UPI,Paid,0,P001,0,0.0
PAY001385,SUB01385,2025-07-12,UPI,Paid,5,P002,499,474.05
PAY001386,SUB01386,2026-01-14,PayPal,Paid,0,P004,4999,4999.0
PAY001387,SUB01387,2025-02-13,Net Banking,Paid,0,P002,499,499.0
PAY001388,SUB01388,2024-04-15,UPI,Paid,10,P003,999,899.1
PAY001389,SUB01389,2026-02-18,Credit Card,Paid,0,P003,999,999.0
PAY001390,SUB01390,2024-04-20,Credit Card,Paid,20,P002,499,399.2
PAY001391,SUB01391,2025-02-13,Credit Card,Paid,5,P002,499,474.05
PAY001392,SUB01392,2026-02-10,Credit Card,Paid,5,P003,999,949.05
PAY001393,SUB01393,2025-07-04,UPI,Paid,0,P002,499,499.0
PAY001394,SUB01394,2025-11-10,Debit Card,Paid,20,P004,4999,3999.2
PAY001395,SUB01395,2024-03-16,Net Banking,Refunded,0,P003,999,999.0
PAY001396,SUB01396,2025-10-27,Net Banking,Paid,5,P003,999,949.05
PAY001397,SUB01397,2025-09-02,UPI,Paid,0,P004,4999,4999.0
PAY001398,SUB01398,2025-02-04,Net Banking,Paid,0,P003,999,999.0
PAY001399,SUB01399,2026-01-15,UPI,Paid,5,P005,14999,14249.05
PAY001400,SUB01400,2025-01-27,Credit Card,Paid,10,P002,499,449.1
PAY001401,SUB01401,2024-02-23,PayPal,Paid,0,P003,999,999.0
PAY001402,SUB01402,2026-06-27,Credit Card,Paid,5,P002,499,474.05
PAY001403,SUB01403,2024-06-03,UPI,Paid,10,P002,499,449.1
PAY001404,SUB01404,2025-02-23,UPI,Paid,0,P002,499,499.0
PAY001405,SUB01405,2025-07-19,Credit Card,Paid,0,P003,999,999.0
PAY001406,SUB01406,2025-05-17,Net Banking,Paid,0,P002,499,499.0
PAY001407,SUB01407,2026-06-26,PayPal,Paid,0,P002,499,499.0
PAY001408,SUB01408,2024-06-27,Net Banking,Failed,0,P005,14999,14999.0
PAY001409,SUB01409,2026-02-04,Net Banking,Paid,0,P004,4999,4999.0
PAY001410,SUB01410,2024-09-23,Debit Card,Paid,5,P003,999,949.05
PAY001411,SUB01411,2024-07-17,Net Banking,Paid,0,P004,4999,4999.0
PAY001412,SUB01412,2024-08-04,UPI,Paid,5,P005,14999,14249.05
PAY001413,SUB01413,2026-03-09,PayPal,Paid,20,P003,999,799.2
PAY001414,SUB01414,2024-07-13,Credit Card,Paid,20,P002,499,399.2
PAY001415,SUB01415,2024-06-23,PayPal,Paid,10,P004,4999,4499.1
PAY001416,SUB01416,2026-01-30,UPI,Paid,0,P003,999,999.0
PAY001417,SUB01417,2025-10-06,Debit Card,Paid,0,P002,499,499.0
PAY001418,SUB01418,2024-04-08,Debit Card,Paid,10,P003,999,899.1
PAY001419,SUB01419,2024-08-28,PayPal,Paid,0,P002,499,499.0
PAY001420,SUB01420,2025-06-03,Net Banking,Paid,0,P004,4999,4999.0
PAY001421,SUB01421,2024-08-02,Credit Card,Paid,5,P002,499,474.05
PAY001422,SUB01422,2025-09-28,Credit Card,Paid,0,P005,14999,14999.0
PAY001423,SUB01423,2025-06-02,Credit Card,Paid,10,P004,4999,4499.1
PAY001424,SUB01424,2025-10-07,UPI,Paid,10,P003,999,899.1
PAY001425,SUB01425,2024-04-20,UPI,Paid,10,P003,999,899.1
PAY001426,SUB01426,2026-01-31,UPI,Paid,10,P002,499,449.1
PAY001427,SUB01427,2025-05-27,Credit Card,Paid,0,P001,0,0.0
PAY001428,SUB01428,2025-08-02,PayPal,Paid,10,P001,0,0.0
PAY001429,SUB01429,2026-06-09,PayPal,Paid,0,P004,4999,4999.0
PAY001430,SUB01430,2024-08-07,UPI,Paid,10,P003,999,899.1
PAY001431,SUB01431,2025-06-24,UPI,Paid,0,P001,0,0.0
PAY001432,SUB01432,2024-09-30,UPI,Paid,10,P002,499,449.1
PAY001433,SUB01433,2024-08-29,UPI,Paid,20,P005,14999,11999.2
PAY001434,SUB01434,2026-03-14,UPI,Paid,0,P002,499,499.0
PAY001435,SUB01435,2026-06-09,Credit Card,Paid,0,P004,4999,4999.0
PAY001436,SUB01436,2025-10-29,Credit Card,Paid,0,P002,499,499.0
PAY001437,SUB01437,2024-12-17,Credit Card,Paid,0,P003,999,999.0
PAY001438,SUB01438,2026-05-29,Credit Card,Paid,0,P001,0,0.0
PAY001439,SUB01439,2025-04-15,UPI,Refunded,10,P003,999,899.1
PAY001440,SUB01440,2024-06-27,Debit Card,Paid,5,P003,999,949.05
PAY001441,SUB01441,2024-12-16,Net Banking,Paid,5,P002,499,474.05
PAY001442,SUB01442,2026-04-08,UPI,Paid,10,P003,999,899.1
PAY001443,SUB01443,2025-02-26,UPI,Paid,0,P003,999,999.0
PAY001444,SUB01444,2025-06-25,UPI,Paid,0,P003,999,999.0
PAY001445,SUB01445,2025-03-11,UPI,Paid,10,P004,4999,4499.1
PAY001446,SUB01446,2025-02-06,Credit Card,Paid,10,P002,499,449.1
PAY001447,SUB01447,2026-06-20,UPI,Paid,0,P003,999,999.0
PAY001448,SUB01448,2025-03-04,Credit Card,Paid,0,P005,14999,14999.0
PAY001449,SUB01449,2026-06-01,UPI,Paid,0,P004,4999,4999.0
PAY001450,SUB01450,2024-04-21,Debit Card,Paid,0,P005,14999,14999.0
PAY001451,SUB01451,2024-07-30,UPI,Paid,0,P002,499,499.0
PAY001452,SUB01452,2024-03-01,Credit Card,Paid,10,P004,4999,4499.1
PAY001453,SUB01453,2026-06-02,UPI,Paid,10,P003,999,899.1
PAY001454,SUB01454,2026-05-04,UPI,Paid,0,P001,0,0.0
PAY001455,SUB01455,2026-02-18,Net Banking,Paid,5,P004,4999,4749.05
PAY001456,SUB01456,2024-11-30,Debit Card,Paid,0,P003,999,999.0
PAY001457,SUB01457,2025-01-16,UPI,Paid,5,P002,499,474.05
PAY001458,SUB01458,2024-05-31,Debit Card,Paid,5,P001,0,0.0
PAY001459,SUB01459,2026-03-15,Debit Card,Paid,15,P004,4999,4249.15
PAY001460,SUB01460,2024-05-10,Credit Card,Paid,0,P001,0,0.0
PAY001461,SUB01461,2025-07-01,Credit Card,Paid,0,P001,0,0.0
PAY001462,SUB01462,2026-03-28,Net Banking,Paid,5,P002,499,474.05
PAY001463,SUB01463,2025-07-11,UPI,Paid,0,P001,0,0.0
PAY001464,SUB01464,2024-05-08,Credit Card,Refunded,0,P004,4999,4999.0
PAY001465,SUB01465,2024-12-22,UPI,Paid,0,P003,999,999.0
PAY001466,SUB01466,2025-02-24,Net Banking,Paid,5,P003,999,949.05
PAY001467,SUB01467,2024-03-24,PayPal,Paid,0,P004,4999,4999.0
PAY001468,SUB01468,2025-01-23,Net Banking,Failed,20,P003,999,799.2
PAY001469,SUB01469,2025-08-28,Net Banking,Paid,0,P002,499,499.0
PAY001470,SUB01470,2025-07-11,PayPal,Paid,0,P004,4999,4999.0
PAY001471,SUB01471,2025-12-30,Debit Card,Paid,5,P002,499,474.05
PAY001472,SUB01472,2024-03-17,Net Banking,Paid,0,P002,499,499.0
PAY001473,SUB01473,2024-01-06,PayPal,Paid,5,P003,999,949.05
PAY001474,SUB01474,2025-04-19,UPI,Paid,5,P004,4999,4749.05
PAY001475,SUB01475,2024-04-04,Debit Card,Paid,5,P004,4999,4749.05
PAY001476,SUB01476,2025-07-06,Debit Card,Paid,10,P005,14999,13499.1
PAY001477,SUB01477,2026-02-24,PayPal,Paid,0,P004,4999,4999.0
PAY001478,SUB01478,2025-02-10,Net Banking,Paid,15,P004,4999,4249.15
PAY001479,SUB01479,2025-06-03,Net Banking,Paid,10,P004,4999,4499.1
PAY001480,SUB01480,2024-10-13,PayPal,Paid,0,P001,0,0.0
PAY001481,SUB01481,2026-04-29,Credit Card,Paid,0,P002,499,499.0
PAY001482,SUB01482,2026-05-13,UPI,Paid,0,P003,999,999.0
PAY001483,SUB01483,2024-08-18,UPI,Failed,0,P003,999,999.0
PAY001484,SUB01484,2025-08-10,Credit Card,Paid,5,P002,499,474.05
PAY001485,SUB01485,2024-03-30,Credit Card,Paid,0,P002,499,499.0
PAY001486,SUB01486,2024-11-16,Credit Card,Paid,15,P002,499,424.15
PAY001487,SUB01487,2025-09-24,Credit Card,Paid,0,P003,999,999.0
PAY001488,SUB01488,2024-02-15,PayPal,Paid,0,P004,4999,4999.0
PAY001489,SUB01489,2025-10-15,Credit Card,Paid,0,P005,14999,14999.0
PAY001490,SUB01490,2024-12-23,Net Banking,Paid,0,P004,4999,4999.0
PAY001491,SUB01491,2025-08-19,PayPal,Paid,10,P004,4999,4499.1
PAY001492,SUB01492,2026-02-25,Credit Card,Paid,5,P003,999,949.05
PAY001493,SUB01493,2026-01-29,Credit Card,Paid,0,P002,499,499.0
PAY001494,SUB01494,2025-01-04,Net Banking,Paid,15,P002,499,424.15
PAY001495,SUB01495,2024-04-21,Debit Card,Paid,10,P003,999,899.1
PAY001496,SUB01496,2024-03-03,UPI,Paid,10,P001,0,0.0
PAY001497,SUB01497,2024-07-20,UPI,Paid,10,P003,999,899.1
PAY001498,SUB01498,2024-12-16,UPI,Paid,5,P003,999,949.05
PAY001499,SUB01499,2025-12-05,UPI,Failed,5,P002,499,474.05
PAY001500,SUB01500,2025-01-14,UPI,Paid,0,P005,14999,14999.0
PAY001501,SUB01501,2025-02-14,UPI,Paid,0,P003,999,999.0
PAY001502,SUB01502,2024-05-09,Debit Card,Paid,5,P002,499,474.05
PAY001503,SUB01503,2024-12-28,PayPal,Paid,15,P003,999,849.15
PAY001504,SUB01504,2024-01-22,Debit Card,Paid,5,P003,999,949.05
PAY001505,SUB01505,2024-03-14,PayPal,Paid,15,P002,499,424.15
PAY001506,SUB01506,2026-01-30,Net Banking,Paid,0,P001,0,0.0
PAY001507,SUB01507,2026-02-03,Debit Card,Paid,10,P003,999,899.1
PAY001508,SUB01508,2024-09-05,Credit Card,Paid,5,P005,14999,14249.05
PAY001509,SUB01509,2025-03-26,UPI,Paid,10,P003,999,899.1
PAY001510,SUB01510,2024-02-01,Net Banking,Paid,5,P004,4999,4749.05
PAY001511,SUB01511,2024-02-10,PayPal,Paid,0,P004,4999,4999.0
PAY001512,SUB01512,2026-05-02,Credit Card,Paid,0,P001,0,0.0
PAY001513,SUB01513,2025-10-15,UPI,Paid,20,P003,999,799.2
PAY001514,SUB01514,2024-01-30,Net Banking,Paid,0,P002,499,499.0
PAY001515,SUB01515,2026-05-14,UPI,Paid,5,P002,499,474.05
PAY001516,SUB01516,2024-08-09,UPI,Paid,0,P003,999,999.0
PAY001517,SUB01517,2024-07-07,Net Banking,Paid,0,P003,999,999.0
PAY001518,SUB01518,2024-09-27,Credit Card,Paid,10,P002,499,449.1
PAY001519,SUB01519,2025-08-01,Debit Card,Paid,10,P004,4999,4499.1
PAY001520,SUB01520,2024-04-28,PayPal,Paid,15,P004,4999,4249.15
PAY001521,SUB01521,2025-05-29,Credit Card,Paid,0,P005,14999,14999.0
PAY001522,SUB01522,2025-11-21,Credit Card,Refunded,5,P002,499,474.05
PAY001523,SUB01523,2024-08-16,UPI,Paid,15,P005,14999,12749.15
PAY001524,SUB01524,2024-12-30,UPI,Paid,20,P002,499,399.2
PAY001525,SUB01525,2024-06-28,Net Banking,Paid,20,P001,0,0.0
PAY001526,SUB01526,2025-06-07,Credit Card,Paid,10,P004,4999,4499.1
PAY001527,SUB01527,2024-08-30,UPI,Paid,0,P003,999,999.0
PAY001528,SUB01528,2025-01-27,UPI,Paid,0,P003,999,999.0
PAY001529,SUB01529,2024-05-18,Credit Card,Paid,10,P003,999,899.1
PAY001530,SUB01530,2024-04-21,Credit Card,Paid,10,P001,0,0.0
PAY001531,SUB01531,2024-06-10,Debit Card,Paid,10,P003,999,899.1
PAY001532,SUB01532,2024-07-17,Credit Card,Paid,0,P002,499,499.0
PAY001533,SUB01533,2024-03-14,UPI,Paid,5,P003,999,949.05
PAY001534,SUB01534,2024-03-04,Credit Card,Paid,0,P002,499,499.0
PAY001535,SUB01535,2026-06-09,PayPal,Paid,5,P005,14999,14249.05
PAY001536,SUB01536,2025-12-23,UPI,Paid,0,P003,999,999.0
PAY001537,SUB01537,2025-07-17,Debit Card,Paid,15,P003,999,849.15
PAY001538,SUB01538,2025-12-03,Credit Card,Paid,0,P005,14999,14999.0
PAY001539,SUB01539,2024-01-10,Debit Card,Paid,5,P003,999,949.05
PAY001540,SUB01540,2024-11-12,UPI,Paid,0,P001,0,0.0
PAY001541,SUB01541,2024-05-21,PayPal,Paid,10,P001,0,0.0
PAY001542,SUB01542,2025-09-16,Debit Card,Paid,5,P003,999,949.05
PAY001543,SUB01543,2025-06-24,Net Banking,Paid,15,P002,499,424.15
PAY001544,SUB01544,2026-07-04,UPI,Paid,0,P003,999,999.0
PAY001545,SUB01545,2026-01-14,Debit Card,Paid,0,P002,499,499.0
PAY001546,SUB01546,2024-09-05,Net Banking,Paid,10,P002,499,449.1
PAY001547,SUB01547,2024-12-05,Credit Card,Paid,0,P003,999,999.0
PAY001548,SUB01548,2025-10-07,Credit Card,Failed,0,P005,14999,14999.0
PAY001549,SUB01549,2025-02-22,Debit Card,Paid,5,P003,999,949.05
PAY001550,SUB01550,2025-06-04,UPI,Paid,10,P005,14999,13499.1
PAY001551,SUB01551,2024-05-30,Debit Card,Paid,0,P005,14999,14999.0
PAY001552,SUB01552,2024-09-22,UPI,Paid,0,P002,499,499.0
PAY001553,SUB01553,2026-01-08,UPI,Paid,10,P002,499,449.1
PAY001554,SUB01554,2026-02-26,Debit Card,Paid,5,P004,4999,4749.05
PAY001555,SUB01555,2024-02-02,UPI,Paid,0,P004,4999,4999.0
PAY001556,SUB01556,2024-08-23,PayPal,Paid,0,P003,999,999.0
PAY001557,SUB01557,2026-06-01,Net Banking,Paid,5,P005,14999,14249.05
PAY001558,SUB01558,2024-05-11,Debit Card,Failed,0,P001,0,0.0
PAY001559,SUB01559,2026-01-24,Net Banking,Paid,10,P002,499,449.1
PAY001560,SUB01560,2025-05-20,Net Banking,Paid,10,P003,999,899.1
PAY001561,SUB01561,2024-11-28,UPI,Paid,5,P003,999,949.05
PAY001562,SUB01562,2024-08-30,Net Banking,Paid,15,P001,0,0.0
PAY001563,SUB01563,2024-10-09,UPI,Paid,0,P002,499,499.0
PAY001564,SUB01564,2026-02-25,Credit Card,Refunded,0,P001,0,0.0
PAY001565,SUB01565,2026-07-10,Credit Card,Paid,10,P003,999,899.1
PAY001566,SUB01566,2025-01-01,Debit Card,Paid,5,P004,4999,4749.05
PAY001567,SUB01567,2025-04-19,UPI,Paid,0,P004,4999,4999.0
PAY001568,SUB01568,2025-01-25,UPI,Paid,0,P003,999,999.0
PAY001569,SUB01569,2026-05-21,Debit Card,Paid,0,P003,999,999.0
PAY001570,SUB01570,2025-04-25,Credit Card,Paid,0,P003,999,999.0
PAY001571,SUB01571,2024-08-06,Net Banking,Paid,10,P001,0,0.0
PAY001572,SUB01572,2026-06-05,Debit Card,Paid,10,P002,499,449.1
PAY001573,SUB01573,2025-03-11,UPI,Paid,0,P002,499,499.0
PAY001574,SUB01574,2025-12-23,UPI,Failed,0,P004,4999,4999.0
PAY001575,SUB01575,2026-06-11,Debit Card,Paid,0,P004,4999,4999.0
PAY001576,SUB01576,2026-03-25,Credit Card,Paid,0,P003,999,999.0
PAY001577,SUB01577,2026-05-17,UPI,Paid,0,P003,999,999.0
PAY001578,SUB01578,2025-05-26,UPI,Failed,0,P001,0,0.0
PAY001579,SUB01579,2024-02-11,UPI,Paid,0,P003,999,999.0
PAY001580,SUB01580,2024-07-09,UPI,Paid,5,P003,999,949.05
PAY001581,SUB01581,2024-05-27,Credit Card,Paid,10,P003,999,899.1
PAY001582,SUB01582,2026-06-11,Net Banking,Paid,0,P002,499,499.0
PAY001583,SUB01583,2025-02-22,Credit Card,Paid,15,P004,4999,4249.15
PAY001584,SUB01584,2024-09-23,Net Banking,Paid,10,P003,999,899.1
PAY001585,SUB01585,2026-01-07,UPI,Failed,20,P004,4999,3999.2
PAY001586,SUB01586,2026-04-03,Credit Card,Paid,15,P004,4999,4249.15
PAY001587,SUB01587,2025-07-28,Debit Card,Paid,5,P005,14999,14249.05
PAY001588,SUB01588,2025-09-06,Debit Card,Refunded,5,P002,499,474.05
PAY001589,SUB01589,2024-05-31,Debit Card,Paid,0,P001,0,0.0
PAY001590,SUB01590,2026-04-29,Debit Card,Paid,10,P002,499,449.1
PAY001591,SUB01591,2025-07-22,Debit Card,Paid,5,P001,0,0.0
PAY001592,SUB01592,2024-12-25,UPI,Paid,5,P003,999,949.05
PAY001593,SUB01593,2025-10-31,Debit Card,Paid,10,P003,999,899.1
PAY001594,SUB01594,2025-03-30,Debit Card,Paid,0,P003,999,999.0
PAY001595,SUB01595,2026-05-09,PayPal,Paid,5,P002,499,474.05
PAY001596,SUB01596,2024-03-23,Debit Card,Paid,0,P004,4999,4999.0
PAY001597,SUB01597,2024-08-26,Debit Card,Paid,10,P001,0,0.0
PAY001598,SUB01598,2025-07-16,Credit Card,Paid,15,P002,499,424.15
PAY001599,SUB01599,2025-03-18,Net Banking,Paid,10,P003,999,899.1
PAY001600,SUB01600,2026-04-03,PayPal,Paid,10,P004,4999,4499.1
PAY001601,SUB01601,2024-04-05,Net Banking,Paid,0,P002,499,499.0
PAY001602,SUB01602,2025-04-19,Debit Card,Paid,15,P001,0,0.0
PAY001603,SUB01603,2025-03-25,UPI,Paid,0,P003,999,999.0
PAY001604,SUB01604,2026-01-05,Debit Card,Paid,15,P001,0,0.0
PAY001605,SUB01605,2024-07-20,Debit Card,Paid,0,P001,0,0.0
PAY001606,SUB01606,2024-08-02,Net Banking,Refunded,0,P003,999,999.0
PAY001607,SUB01607,2024-01-30,UPI,Paid,10,P002,499,449.1
PAY001608,SUB01608,2024-09-18,Debit Card,Paid,5,P002,499,474.05
PAY001609,SUB01609,2026-05-31,UPI,Paid,0,P003,999,999.0
PAY001610,SUB01610,2025-08-29,Net Banking,Paid,10,P005,14999,13499.1
PAY001611,SUB01611,2025-04-04,UPI,Failed,5,P005,14999,14249.05
PAY001612,SUB01612,2025-02-15,Debit Card,Paid,0,P002,499,499.0
PAY001613,SUB01613,2026-03-05,UPI,Paid,5,P002,499,474.05
PAY001614,SUB01614,2026-03-12,UPI,Paid,0,P002,499,499.0
PAY001615,SUB01615,2024-02-26,Debit Card,Paid,10,P002,499,449.1
PAY001616,SUB01616,2024-11-18,UPI,Paid,0,P003,999,999.0
PAY001617,SUB01617,2024-08-13,Debit Card,Paid,5,P003,999,949.05
PAY001618,SUB01618,2025-07-11,PayPal,Paid,0,P003,999,999.0
PAY001619,SUB01619,2024-04-29,PayPal,Paid,0,P002,499,499.0
PAY001620,SUB01620,2025-08-16,UPI,Paid,5,P002,499,474.05
PAY001621,SUB01621,2024-12-08,Net Banking,Paid,5,P003,999,949.05
PAY001622,SUB01622,2026-02-12,Credit Card,Paid,20,P002,499,399.2
PAY001623,SUB01623,2024-02-11,PayPal,Paid,10,P003,999,899.1
PAY001624,SUB01624,2025-04-26,Net Banking,Paid,10,P003,999,899.1
PAY001625,SUB01625,2026-02-28,UPI,Paid,5,P003,999,949.05
PAY001626,SUB01626,2026-02-04,Credit Card,Paid,0,P003,999,999.0
PAY001627,SUB01627,2025-07-26,UPI,Paid,0,P003,999,999.0
PAY001628,SUB01628,2025-08-27,Net Banking,Paid,0,P002,499,499.0
PAY001629,SUB01629,2025-02-19,Credit Card,Paid,10,P001,0,0.0
PAY001630,SUB01630,2024-04-25,Debit Card,Refunded,0,P003,999,999.0
PAY001631,SUB01631,2024-02-16,Debit Card,Paid,5,P002,499,474.05
PAY001632,SUB01632,2025-08-25,PayPal,Paid,0,P003,999,999.0
PAY001633,SUB01633,2024-07-27,PayPal,Paid,0,P003,999,999.0
PAY001634,SUB01634,2024-01-26,Credit Card,Refunded,0,P004,4999,4999.0
PAY001635,SUB01635,2024-12-29,Debit Card,Paid,5,P005,14999,14249.05
PAY001636,SUB01636,2026-01-04,Net Banking,Paid,0,P001,0,0.0
PAY001637,SUB01637,2025-07-24,Net Banking,Failed,5,P005,14999,14249.05
PAY001638,SUB01638,2024-05-14,UPI,Paid,5,P003,999,949.05
PAY001639,SUB01639,2024-03-21,UPI,Paid,10,P003,999,899.1
PAY001640,SUB01640,2026-05-11,UPI,Paid,10,P001,0,0.0
PAY001641,SUB01641,2024-04-02,Credit Card,Paid,10,P004,4999,4499.1
PAY001642,SUB01642,2026-04-20,UPI,Paid,5,P001,0,0.0
PAY001643,SUB01643,2024-11-22,Credit Card,Paid,0,P004,4999,4999.0
PAY001644,SUB01644,2024-02-29,Debit Card,Paid,15,P001,0,0.0
PAY001645,SUB01645,2026-02-01,Credit Card,Refunded,0,P003,999,999.0
PAY001646,SUB01646,2025-09-08,Debit Card,Paid,0,P002,499,499.0
PAY001647,SUB01647,2024-03-17,UPI,Paid,0,P002,499,499.0
PAY001648,SUB01648,2025-11-14,Net Banking,Paid,5,P001,0,0.0
PAY001649,SUB01649,2025-10-17,PayPal,Paid,0,P002,499,499.0
PAY001650,SUB01650,2025-12-04,Debit Card,Paid,10,P001,0,0.0
PAY001651,SUB01651,2024-02-26,Net Banking,Paid,5,P003,999,949.05
PAY001652,SUB01652,2026-05-25,UPI,Paid,5,P003,999,949.05
PAY001653,SUB01653,2024-04-18,Net Banking,Paid,0,P004,4999,4999.0
PAY001654,SUB01654,2025-06-12,UPI,Paid,5,P003,999,949.05
PAY001655,SUB01655,2024-02-22,Credit Card,Paid,0,P001,0,0.0
PAY001656,SUB01656,2024-08-10,UPI,Paid,0,P002,499,499.0
PAY001657,SUB01657,2024-11-21,Credit Card,Paid,0,P002,499,499.0
PAY001658,SUB01658,2024-11-17,UPI,Refunded,10,P004,4999,4499.1
PAY001659,SUB01659,2024-02-01,Debit Card,Paid,5,P004,4999,4749.05
PAY001660,SUB01660,2025-12-05,Credit Card,Paid,5,P002,499,474.05
PAY001661,SUB01661,2025-05-03,Net Banking,Paid,5,P001,0,0.0
PAY001662,SUB01662,2025-12-30,Debit Card,Paid,5,P004,4999,4749.05
PAY001663,SUB01663,2025-09-30,UPI,Failed,0,P004,4999,4999.0
PAY001664,SUB01664,2024-10-14,UPI,Paid,0,P004,4999,4999.0
PAY001665,SUB01665,2026-03-23,Net Banking,Paid,15,P004,4999,4249.15
PAY001666,SUB01666,2024-04-05,Credit Card,Paid,5,P003,999,949.05
PAY001667,SUB01667,2025-04-18,Credit Card,Paid,10,P002,499,449.1
PAY001668,SUB01668,2025-10-10,Debit Card,Paid,5,P003,999,949.05
PAY001669,SUB01669,2025-06-28,UPI,Paid,10,P003,999,899.1
PAY001670,SUB01670,2024-06-09,UPI,Paid,5,P003,999,949.05
PAY001671,SUB01671,2026-02-23,Credit Card,Paid,0,P003,999,999.0
PAY001672,SUB01672,2026-02-18,UPI,Paid,15,P002,499,424.15
PAY001673,SUB01673,2026-01-15,UPI,Paid,0,P002,499,499.0
PAY001674,SUB01674,2025-03-14,UPI,Paid,0,P002,499,499.0
PAY001675,SUB01675,2026-02-04,UPI,Paid,0,P001,0,0.0
PAY001676,SUB01676,2026-07-20,UPI,Paid,10,P003,999,899.1
PAY001677,SUB01677,2026-02-08,PayPal,Paid,10,P004,4999,4499.1
PAY001678,SUB01678,2026-02-05,Credit Card,Paid,10,P004,4999,4499.1
PAY001679,SUB01679,2024-09-24,Net Banking,Paid,15,P002,499,424.15
PAY001680,SUB01680,2025-12-11,UPI,Paid,0,P003,999,999.0
PAY001681,SUB01681,2026-07-14,UPI,Failed,5,P001,0,0.0
PAY001682,SUB01682,2026-01-26,Net Banking,Paid,5,P003,999,949.05
PAY001683,SUB01683,2024-03-18,Debit Card,Paid,20,P002,499,399.2
PAY001684,SUB01684,2025-01-12,UPI,Paid,0,P002,499,499.0
PAY001685,SUB01685,2025-02-01,Credit Card,Failed,20,P004,4999,3999.2
PAY001686,SUB01686,2026-03-05,Credit Card,Paid,0,P003,999,999.0
PAY001687,SUB01687,2026-02-27,Net Banking,Paid,10,P001,0,0.0
PAY001688,SUB01688,2024-08-02,UPI,Paid,5,P002,499,474.05
PAY001689,SUB01689,2025-02-24,Credit Card,Paid,10,P003,999,899.1
PAY001690,SUB01690,2024-01-17,Debit Card,Paid,0,P002,499,499.0
PAY001691,SUB01691,2024-11-10,PayPal,Refunded,0,P004,4999,4999.0
PAY001692,SUB01692,2024-08-26,Net Banking,Paid,0,P003,999,999.0
PAY001693,SUB01693,2026-02-24,UPI,Failed,5,P003,999,949.05
PAY001694,SUB01694,2025-01-10,Debit Card,Paid,5,P003,999,949.05
PAY001695,SUB01695,2026-03-14,Net Banking,Paid,15,P002,499,424.15
PAY001696,SUB01696,2024-08-20,Debit Card,Paid,5,P002,499,474.05
PAY001697,SUB01697,2025-10-07,Net Banking,Paid,0,P002,499,499.0
PAY001698,SUB01698,2025-04-12,PayPal,Paid,0,P003,999,999.0
PAY001699,SUB01699,2025-12-12,UPI,Failed,0,P002,499,499.0
PAY001700,SUB01700,2025-07-11,UPI,Failed,10,P004,4999,4499.1
PAY001701,SUB01701,2025-04-18,Net Banking,Paid,10,P002,499,449.1
PAY001702,SUB01702,2024-02-09,UPI,Paid,20,P001,0,0.0
PAY001703,SUB01703,2026-05-10,UPI,Paid,0,P001,0,0.0
PAY001704,SUB01704,2025-03-18,Credit Card,Refunded,0,P001,0,0.0
PAY001705,SUB01705,2025-09-26,Net Banking,Paid,0,P002,499,499.0
PAY001706,SUB01706,2024-07-10,UPI,Paid,5,P002,499,474.05
PAY001707,SUB01707,2024-07-09,Debit Card,Paid,20,P001,0,0.0
PAY001708,SUB01708,2025-09-22,UPI,Paid,0,P003,999,999.0
PAY001709,SUB01709,2024-11-26,UPI,Paid,0,P003,999,999.0
PAY001710,SUB01710,2024-02-05,Credit Card,Paid,10,P001,0,0.0
PAY001711,SUB01711,2025-11-26,UPI,Paid,10,P003,999,899.1
PAY001712,SUB01712,2025-01-31,Net Banking,Failed,0,P003,999,999.0
PAY001713,SUB01713,2025-09-25,Net Banking,Paid,10,P005,14999,13499.1
PAY001714,SUB01714,2024-05-30,Net Banking,Paid,0,P003,999,999.0
PAY001715,SUB01715,2024-03-03,UPI,Paid,15,P002,499,424.15
PAY001716,SUB01716,2024-09-08,Credit Card,Paid,0,P003,999,999.0
PAY001717,SUB01717,2024-09-08,UPI,Paid,0,P003,999,999.0
PAY001718,SUB01718,2024-05-12,UPI,Paid,0,P002,499,499.0
PAY001719,SUB01719,2025-09-19,Credit Card,Paid,0,P004,4999,4999.0
PAY001720,SUB01720,2025-09-09,Debit Card,Paid,5,P002,499,474.05
PAY001721,SUB01721,2025-10-26,UPI,Paid,10,P005,14999,13499.1
PAY001722,SUB01722,2024-05-20,UPI,Paid,5,P003,999,949.05
PAY001723,SUB01723,2025-04-05,PayPal,Paid,10,P003,999,899.1
PAY001724,SUB01724,2024-12-12,Credit Card,Paid,0,P003,999,999.0
PAY001725,SUB01725,2025-03-07,PayPal,Paid,0,P003,999,999.0
PAY001726,SUB01726,2025-09-25,PayPal,Paid,20,P003,999,799.2
PAY001727,SUB01727,2025-04-03,Credit Card,Paid,10,P004,4999,4499.1
PAY001728,SUB01728,2024-07-21,UPI,Paid,0,P003,999,999.0
PAY001729,SUB01729,2024-10-25,Net Banking,Paid,0,P004,4999,4999.0
PAY001730,SUB01730,2026-06-25,UPI,Paid,5,P004,4999,4749.05
PAY001731,SUB01731,2024-01-18,UPI,Paid,0,P005,14999,14999.0
PAY001732,SUB01732,2026-01-10,Net Banking,Paid,5,P003,999,949.05
PAY001733,SUB01733,2026-02-14,Credit Card,Failed,5,P003,999,949.05
PAY001734,SUB01734,2024-12-13,UPI,Paid,0,P002,499,499.0
PAY001735,SUB01735,2024-08-26,Debit Card,Paid,0,P003,999,999.0
PAY001736,SUB01736,2024-03-27,Debit Card,Paid,10,P002,499,449.1
PAY001737,SUB01737,2025-11-03,UPI,Paid,0,P002,499,499.0
PAY001738,SUB01738,2026-05-23,UPI,Paid,0,P002,499,499.0
PAY001739,SUB01739,2025-12-02,UPI,Paid,10,P004,4999,4499.1
PAY001740,SUB01740,2024-03-05,Credit Card,Paid,10,P004,4999,4499.1
PAY001741,SUB01741,2026-04-01,Net Banking,Paid,0,P003,999,999.0
PAY001742,SUB01742,2024-05-03,Debit Card,Paid,15,P003,999,849.15
PAY001743,SUB01743,2026-03-18,Debit Card,Paid,10,P003,999,899.1
PAY001744,SUB01744,2025-07-23,UPI,Paid,0,P003,999,999.0
PAY001745,SUB01745,2024-06-22,UPI,Paid,0,P002,499,499.0
PAY001746,SUB01746,2024-09-28,UPI,Paid,10,P002,499,449.1
PAY001747,SUB01747,2025-10-14,UPI,Paid,0,P002,499,499.0
PAY001748,SUB01748,2024-11-16,UPI,Paid,5,P003,999,949.05
PAY001749,SUB01749,2024-05-29,Credit Card,Paid,10,P003,999,899.1
PAY001750,SUB01750,2025-10-19,UPI,Paid,5,P003,999,949.05
PAY001751,SUB01751,2025-12-19,Net Banking,Paid,5,P005,14999,14249.05
PAY001752,SUB01752,2025-12-29,Net Banking,Paid,5,P001,0,0.0
PAY001753,SUB01753,2025-04-12,Credit Card,Paid,0,P002,499,499.0
PAY001754,SUB01754,2025-02-14,UPI,Paid,0,P002,499,499.0
PAY001755,SUB01755,2026-01-04,Net Banking,Paid,5,P001,0,0.0
PAY001756,SUB01756,2024-08-25,PayPal,Paid,10,P002,499,449.1
PAY001757,SUB01757,2025-06-20,UPI,Paid,10,P002,499,449.1
PAY001758,SUB01758,2025-02-27,Debit Card,Paid,0,P003,999,999.0
PAY001759,SUB01759,2025-08-16,Net Banking,Paid,20,P002,499,399.2
PAY001760,SUB01760,2024-05-19,Credit Card,Paid,0,P003,999,999.0
PAY001761,SUB01761,2024-10-29,UPI,Paid,0,P003,999,999.0
PAY001762,SUB01762,2024-10-10,Credit Card,Paid,0,P001,0,0.0
PAY001763,SUB01763,2026-07-14,Credit Card,Paid,0,P004,4999,4999.0
PAY001764,SUB01764,2026-04-26,Credit Card,Paid,5,P001,0,0.0
PAY001765,SUB01765,2025-01-14,PayPal,Paid,0,P004,4999,4999.0
PAY001766,SUB01766,2024-02-28,Debit Card,Paid,0,P005,14999,14999.0
PAY001767,SUB01767,2025-08-18,UPI,Paid,0,P002,499,499.0
PAY001768,SUB01768,2026-01-18,Credit Card,Paid,10,P004,4999,4499.1
PAY001769,SUB01769,2024-02-03,Debit Card,Paid,15,P004,4999,4249.15
PAY001770,SUB01770,2025-03-18,UPI,Paid,10,P004,4999,4499.1
PAY001771,SUB01771,2026-02-20,Credit Card,Paid,0,P003,999,999.0
PAY001772,SUB01772,2024-08-10,PayPal,Paid,5,P002,499,474.05
PAY001773,SUB01773,2025-10-15,Credit Card,Paid,0,P004,4999,4999.0
PAY001774,SUB01774,2024-09-23,UPI,Refunded,0,P002,499,499.0
PAY001775,SUB01775,2026-04-30,UPI,Paid,10,P002,499,449.1
PAY001776,SUB01776,2026-01-04,Credit Card,Paid,5,P002,499,474.05
PAY001777,SUB01777,2024-07-16,Credit Card,Paid,0,P002,499,499.0
PAY001778,SUB01778,2026-03-21,UPI,Paid,0,P003,999,999.0
PAY001779,SUB01779,2026-02-03,Debit Card,Failed,0,P003,999,999.0
PAY001780,SUB01780,2026-02-08,UPI,Paid,0,P004,4999,4999.0
PAY001781,SUB01781,2025-08-09,UPI,Paid,5,P001,0,0.0
PAY001782,SUB01782,2025-08-08,Credit Card,Failed,0,P005,14999,14999.0
PAY001783,SUB01783,2024-10-14,UPI,Paid,15,P004,4999,4249.15
PAY001784,SUB01784,2026-04-23,Net Banking,Paid,5,P001,0,0.0
PAY001785,SUB01785,2025-03-09,UPI,Paid,10,P002,499,449.1
PAY001786,SUB01786,2025-01-02,Debit Card,Paid,10,P004,4999,4499.1
PAY001787,SUB01787,2024-06-29,Credit Card,Refunded,10,P003,999,899.1
PAY001788,SUB01788,2025-08-08,Credit Card,Paid,5,P004,4999,4749.05
PAY001789,SUB01789,2025-02-09,Net Banking,Paid,0,P003,999,999.0
PAY001790,SUB01790,2025-04-11,Credit Card,Refunded,5,P003,999,949.05
PAY001791,SUB01791,2025-09-23,Debit Card,Paid,0,P001,0,0.0
PAY001792,SUB01792,2025-03-20,Credit Card,Paid,0,P003,999,999.0
PAY001793,SUB01793,2025-05-06,Credit Card,Paid,0,P001,0,0.0
PAY001794,SUB01794,2024-08-19,Net Banking,Paid,10,P003,999,899.1
PAY001795,SUB01795,2024-04-27,Debit Card,Failed,20,P004,4999,3999.2
PAY001796,SUB01796,2024-12-04,Debit Card,Paid,0,P003,999,999.0
PAY001797,SUB01797,2024-10-05,Net Banking,Paid,5,P005,14999,14249.05
PAY001798,SUB01798,2025-06-29,PayPal,Paid,15,P003,999,849.15
PAY001799,SUB01799,2024-12-28,Credit Card,Paid,0,P003,999,999.0
PAY001800,SUB01800,2025-12-07,Credit Card,Paid,0,P003,999,999.0
PAY001801,SUB01801,2026-04-07,UPI,Paid,0,P005,14999,14999.0
PAY001802,SUB01802,2026-06-25,Credit Card,Paid,15,P003,999,849.15
PAY001803,SUB01803,2025-04-07,Credit Card,Paid,0,P002,499,499.0
PAY001804,SUB01804,2025-03-29,Net Banking,Paid,0,P005,14999,14999.0
PAY001805,SUB01805,2024-10-30,Credit Card,Paid,5,P003,999,949.05
PAY001806,SUB01806,2025-01-24,Debit Card,Paid,10,P001,0,0.0
PAY001807,SUB01807,2025-11-01,UPI,Paid,15,P003,999,849.15
PAY001808,SUB01808,2024-09-13,Credit Card,Paid,0,P004,4999,4999.0
PAY001809,SUB01809,2026-06-11,PayPal,Failed,15,P003,999,849.15
PAY001810,SUB01810,2024-07-04,UPI,Paid,0,P002,499,499.0
PAY001811,SUB01811,2025-12-07,UPI,Paid,0,P004,4999,4999.0
PAY001812,SUB01812,2025-10-25,Credit Card,Paid,15,P004,4999,4249.15
PAY001813,SUB01813,2024-04-15,Debit Card,Failed,5,P003,999,949.05
PAY001814,SUB01814,2026-06-17,Credit Card,Paid,0,P002,499,499.0
PAY001815,SUB01815,2024-12-18,Credit Card,Paid,5,P002,499,474.05
PAY001816,SUB01816,2024-03-06,Debit Card,Paid,10,P003,999,899.1
PAY001817,SUB01817,2024-04-02,UPI,Paid,10,P004,4999,4499.1
PAY001818,SUB01818,2025-12-13,Net Banking,Paid,15,P002,499,424.15
PAY001819,SUB01819,2025-12-17,UPI,Paid,5,P002,499,474.05
PAY001820,SUB01820,2024-01-28,Credit Card,Paid,15,P001,0,0.0
PAY001821,SUB01821,2024-11-20,Debit Card,Paid,5,P003,999,949.05
PAY001822,SUB01822,2024-05-17,Net Banking,Paid,5,P001,0,0.0
PAY001823,SUB01823,2024-12-14,Net Banking,Paid,10,P001,0,0.0
PAY001824,SUB01824,2026-05-25,Debit Card,Paid,0,P001,0,0.0
PAY001825,SUB01825,2026-02-06,Credit Card,Paid,0,P003,999,999.0
PAY001826,SUB01826,2024-05-19,UPI,Paid,0,P002,499,499.0
PAY001827,SUB01827,2025-09-27,UPI,Failed,5,P002,499,474.05
PAY001828,SUB01828,2025-11-16,Net Banking,Paid,0,P004,4999,4999.0
PAY001829,SUB01829,2026-03-30,Net Banking,Paid,0,P002,499,499.0
PAY001830,SUB01830,2024-05-02,PayPal,Paid,0,P002,499,499.0
PAY001831,SUB01831,2024-12-21,UPI,Paid,0,P005,14999,14999.0
PAY001832,SUB01832,2025-12-09,Credit Card,Paid,10,P002,499,449.1
PAY001833,SUB01833,2025-07-19,Debit Card,Paid,0,P003,999,999.0
PAY001834,SUB01834,2024-02-24,Debit Card,Paid,0,P001,0,0.0
PAY001835,SUB01835,2025-01-16,Debit Card,Paid,10,P004,4999,4499.1
PAY001836,SUB01836,2025-12-28,Net Banking,Paid,10,P002,499,449.1
PAY001837,SUB01837,2025-03-31,Credit Card,Paid,0,P004,4999,4999.0
PAY001838,SUB01838,2025-07-31,UPI,Paid,0,P002,499,499.0
PAY001839,SUB01839,2025-12-12,UPI,Paid,15,P002,499,424.15
PAY001840,SUB01840,2024-12-10,UPI,Paid,0,P004,4999,4999.0
PAY001841,SUB01841,2024-09-01,Credit Card,Paid,15,P005,14999,12749.15
PAY001842,SUB01842,2024-08-08,UPI,Paid,0,P001,0,0.0
PAY001843,SUB01843,2025-10-31,UPI,Paid,0,P004,4999,4999.0
PAY001844,SUB01844,2026-04-27,Debit Card,Paid,0,P002,499,499.0
PAY001845,SUB01845,2026-01-18,Net Banking,Paid,0,P003,999,999.0
PAY001846,SUB01846,2024-04-04,Net Banking,Paid,15,P002,499,424.15
PAY001847,SUB01847,2025-11-21,UPI,Paid,20,P003,999,799.2
PAY001848,SUB01848,2024-09-04,UPI,Paid,20,P002,499,399.2
PAY001849,SUB01849,2026-05-21,UPI,Paid,15,P002,499,424.15
PAY001850,SUB01850,2025-12-10,PayPal,Paid,10,P001,0,0.0
PAY001851,SUB01851,2024-11-30,Credit Card,Paid,10,P001,0,0.0
PAY001852,SUB01852,2024-08-15,UPI,Paid,10,P004,4999,4499.1
PAY001853,SUB01853,2025-09-13,Net Banking,Paid,0,P005,14999,14999.0
PAY001854,SUB01854,2025-11-24,Credit Card,Paid,0,P004,4999,4999.0
PAY001855,SUB01855,2024-07-05,Net Banking,Paid,5,P002,499,474.05
PAY001856,SUB01856,2024-05-18,UPI,Paid,15,P002,499,424.15
PAY001857,SUB01857,2026-07-04,Credit Card,Paid,10,P003,999,899.1
PAY001858,SUB01858,2026-03-17,Credit Card,Paid,10,P005,14999,13499.1
PAY001859,SUB01859,2026-02-13,Net Banking,Paid,5,P003,999,949.05
PAY001860,SUB01860,2024-12-23,Net Banking,Paid,10,P004,4999,4499.1
PAY001861,SUB01861,2024-10-11,Credit Card,Paid,20,P005,14999,11999.2
PAY001862,SUB01862,2024-10-30,UPI,Paid,0,P004,4999,4999.0
PAY001863,SUB01863,2024-10-20,Credit Card,Paid,15,P002,499,424.15
PAY001864,SUB01864,2026-05-20,PayPal,Paid,5,P001,0,0.0
PAY001865,SUB01865,2024-07-19,Debit Card,Paid,5,P003,999,949.05
PAY001866,SUB01866,2025-07-01,Net Banking,Refunded,15,P003,999,849.15
PAY001867,SUB01867,2025-11-09,Credit Card,Paid,0,P002,499,499.0
PAY001868,SUB01868,2026-01-24,Credit Card,Paid,0,P002,499,499.0
PAY001869,SUB01869,2024-01-23,Credit Card,Paid,5,P004,4999,4749.05
PAY001870,SUB01870,2026-02-09,Debit Card,Paid,0,P003,999,999.0
PAY001871,SUB01871,2026-05-10,Net Banking,Paid,5,P002,499,474.05
PAY001872,SUB01872,2025-12-13,Credit Card,Paid,0,P003,999,999.0
PAY001873,SUB01873,2025-02-25,Credit Card,Paid,15,P003,999,849.15
PAY001874,SUB01874,2024-04-27,UPI,Refunded,0,P004,4999,4999.0
PAY001875,SUB01875,2026-06-16,UPI,Paid,5,P002,499,474.05
PAY001876,SUB01876,2025-12-08,PayPal,Paid,15,P003,999,849.15
PAY001877,SUB01877,2024-02-19,UPI,Paid,15,P003,999,849.15
PAY001878,SUB01878,2025-08-15,Net Banking,Paid,10,P001,0,0.0
PAY001879,SUB01879,2025-12-01,Debit Card,Paid,5,P004,4999,4749.05
PAY001880,SUB01880,2025-02-03,Net Banking,Paid,0,P002,499,499.0
PAY001881,SUB01881,2025-01-18,PayPal,Paid,0,P002,499,499.0
PAY001882,SUB01882,2025-06-09,Debit Card,Failed,0,P002,499,499.0
PAY001883,SUB01883,2025-07-19,Net Banking,Paid,10,P002,499,449.1
PAY001884,SUB01884,2026-05-21,UPI,Paid,0,P002,499,499.0
PAY001885,SUB01885,2024-04-19,Debit Card,Paid,10,P004,4999,4499.1
PAY001886,SUB01886,2026-03-20,Net Banking,Paid,0,P001,0,0.0
PAY001887,SUB01887,2025-07-16,UPI,Paid,5,P005,14999,14249.05
PAY001888,SUB01888,2025-03-23,Debit Card,Paid,5,P003,999,949.05
PAY001889,SUB01889,2024-04-08,Net Banking,Paid,10,P002,499,449.1
PAY001890,SUB01890,2026-04-17,Net Banking,Paid,0,P001,0,0.0
PAY001891,SUB01891,2025-02-19,UPI,Paid,0,P003,999,999.0
PAY001892,SUB01892,2025-11-10,Debit Card,Paid,0,P003,999,999.0
PAY001893,SUB01893,2025-02-25,UPI,Paid,0,P001,0,0.0
PAY001894,SUB01894,2026-04-01,Debit Card,Paid,5,P002,499,474.05
PAY001895,SUB01895,2024-11-03,Credit Card,Paid,0,P004,4999,4999.0
PAY001896,SUB01896,2025-12-04,Credit Card,Paid,0,P001,0,0.0
PAY001897,SUB01897,2025-11-24,Credit Card,Paid,15,P004,4999,4249.15
PAY001898,SUB01898,2025-01-13,UPI,Paid,5,P003,999,949.05
PAY001899,SUB01899,2025-10-17,UPI,Paid,0,P002,499,499.0
PAY001900,SUB01900,2025-03-01,UPI,Paid,0,P002,499,499.0
PAY001901,SUB01901,2026-01-10,Debit Card,Paid,0,P001,0,0.0
PAY001902,SUB01902,2025-11-05,Net Banking,Paid,5,P004,4999,4749.05
PAY001903,SUB01903,2025-12-26,UPI,Paid,10,P001,0,0.0
PAY001904,SUB01904,2025-03-31,UPI,Paid,5,P002,499,474.05
PAY001905,SUB01905,2026-02-19,Credit Card,Paid,0,P003,999,999.0
PAY001906,SUB01906,2025-06-15,Debit Card,Paid,5,P002,499,474.05
PAY001907,SUB01907,2025-08-21,UPI,Paid,0,P003,999,999.0
PAY001908,SUB01908,2024-11-05,UPI,Paid,5,P004,4999,4749.05
PAY001909,SUB01909,2024-04-18,UPI,Paid,10,P003,999,899.1
PAY001910,SUB01910,2025-11-01,Credit Card,Paid,0,P005,14999,14999.0
PAY001911,SUB01911,2024-02-15,UPI,Paid,0,P004,4999,4999.0
PAY001912,SUB01912,2024-12-04,Credit Card,Paid,15,P002,499,424.15
PAY001913,SUB01913,2026-03-25,Debit Card,Paid,0,P002,499,499.0
PAY001914,SUB01914,2026-03-20,Debit Card,Failed,0,P002,499,499.0
PAY001915,SUB01915,2024-06-15,UPI,Paid,10,P003,999,899.1
PAY001916,SUB01916,2025-06-15,Debit Card,Paid,10,P002,499,449.1
PAY001917,SUB01917,2024-10-13,Credit Card,Paid,10,P005,14999,13499.1
PAY001918,SUB01918,2025-11-17,PayPal,Paid,0,P003,999,999.0
PAY001919,SUB01919,2025-07-24,UPI,Paid,0,P002,499,499.0
PAY001920,SUB01920,2024-07-01,Debit Card,Paid,0,P003,999,999.0
PAY001921,SUB01921,2026-02-15,Debit Card,Paid,5,P002,499,474.05
PAY001922,SUB01922,2024-06-13,UPI,Paid,0,P004,4999,4999.0
PAY001923,SUB01923,2026-02-12,PayPal,Paid,10,P003,999,899.1
PAY001924,SUB01924,2026-01-12,Credit Card,Paid,0,P001,0,0.0
PAY001925,SUB01925,2024-07-19,Debit Card,Paid,0,P002,499,499.0
PAY001926,SUB01926,2024-07-06,UPI,Paid,0,P004,4999,4999.0
PAY001927,SUB01927,2024-10-03,UPI,Paid,20,P003,999,799.2
PAY001928,SUB01928,2024-09-27,Credit Card,Paid,15,P005,14999,12749.15
PAY001929,SUB01929,2024-04-11,UPI,Paid,20,P001,0,0.0
PAY001930,SUB01930,2024-08-06,Credit Card,Paid,0,P002,499,499.0
PAY001931,SUB01931,2026-06-25,Credit Card,Paid,0,P002,499,499.0
PAY001932,SUB01932,2025-06-18,Debit Card,Paid,0,P003,999,999.0
PAY001933,SUB01933,2025-10-22,Credit Card,Paid,10,P002,499,449.1
PAY001934,SUB01934,2025-02-02,UPI,Paid,0,P002,499,499.0
PAY001935,SUB01935,2025-02-14,Debit Card,Paid,0,P003,999,999.0
PAY001936,SUB01936,2024-10-24,Credit Card,Paid,0,P003,999,999.0
PAY001937,SUB01937,2024-07-07,UPI,Paid,5,P002,499,474.05
PAY001938,SUB01938,2025-08-15,UPI,Paid,0,P003,999,999.0
PAY001939,SUB01939,2025-11-27,UPI,Paid,0,P003,999,999.0
PAY001940,SUB01940,2024-06-22,UPI,Paid,0,P002,499,499.0
PAY001941,SUB01941,2024-06-09,PayPal,Paid,0,P002,499,499.0
PAY001942,SUB01942,2025-06-13,Credit Card,Paid,5,P002,499,474.05
PAY001943,SUB01943,2025-04-18,UPI,Paid,10,P003,999,899.1
PAY001944,SUB01944,2025-11-17,UPI,Paid,0,P004,4999,4999.0
PAY001945,SUB01945,2024-04-12,UPI,Paid,10,P002,499,449.1
PAY001946,SUB01946,2024-02-27,Credit Card,Paid,0,P002,499,499.0
PAY001947,SUB01947,2025-06-30,UPI,Paid,0,P004,4999,4999.0
PAY001948,SUB01948,2024-05-01,Credit Card,Paid,5,P005,14999,14249.05
PAY001949,SUB01949,2024-02-26,Credit Card,Refunded,20,P003,999,799.2
PAY001950,SUB01950,2025-09-10,Net Banking,Failed,5,P005,14999,14249.05
PAY001951,SUB01951,2026-06-27,UPI,Paid,0,P003,999,999.0
PAY001952,SUB01952,2025-01-22,Credit Card,Paid,5,P003,999,949.05
PAY001953,SUB01953,2026-04-13,Debit Card,Paid,0,P002,499,499.0
PAY001954,SUB01954,2024-02-11,Credit Card,Paid,5,P002,499,474.05
PAY001955,SUB01955,2025-06-14,Net Banking,Paid,0,P001,0,0.0
PAY001956,SUB01956,2025-09-21,Debit Card,Paid,5,P004,4999,4749.05
PAY001957,SUB01957,2026-07-10,Credit Card,Paid,0,P005,14999,14999.0
PAY001958,SUB01958,2024-01-24,Credit Card,Paid,10,P003,999,899.1
PAY001959,SUB01959,2025-05-19,PayPal,Paid,5,P002,499,474.05
PAY001960,SUB01960,2025-06-14,Debit Card,Paid,0,P002,499,499.0
PAY001961,SUB01961,2026-06-05,PayPal,Paid,15,P002,499,424.15
PAY001962,SUB01962,2026-02-15,UPI,Paid,5,P002,499,474.05
PAY001963,SUB01963,2024-02-19,Credit Card,Paid,0,P003,999,999.0
PAY001964,SUB01964,2024-02-05,PayPal,Paid,0,P005,14999,14999.0
PAY001965,SUB01965,2026-04-10,UPI,Paid,5,P001,0,0.0
PAY001966,SUB01966,2025-10-24,PayPal,Paid,0,P001,0,0.0
PAY001967,SUB01967,2025-09-17,UPI,Paid,15,P003,999,849.15
PAY001968,SUB01968,2026-03-11,PayPal,Failed,0,P002,499,499.0
PAY001969,SUB01969,2024-06-11,Credit Card,Paid,0,P004,4999,4999.0
PAY001970,SUB01970,2026-03-29,UPI,Paid,15,P002,499,424.15
PAY001971,SUB01971,2025-03-15,Net Banking,Paid,20,P002,499,399.2
PAY001972,SUB01972,2024-02-17,UPI,Refunded,0,P002,499,499.0
PAY001973,SUB01973,2024-02-24,UPI,Paid,10,P001,0,0.0
PAY001974,SUB01974,2024-06-02,UPI,Paid,0,P003,999,999.0
PAY001975,SUB01975,2024-08-10,Debit Card,Paid,10,P002,499,449.1
PAY001976,SUB01976,2025-09-11,PayPal,Paid,15,P002,499,424.15
PAY001977,SUB01977,2025-06-21,UPI,Paid,0,P003,999,999.0
PAY001978,SUB01978,2025-08-28,Credit Card,Paid,0,P001,0,0.0
PAY001979,SUB01979,2024-12-15,UPI,Paid,0,P001,0,0.0
PAY001980,SUB01980,2025-06-13,Debit Card,Paid,0,P003,999,999.0
PAY001981,SUB01981,2025-11-04,UPI,Paid,0,P003,999,999.0
PAY001982,SUB01982,2026-06-12,UPI,Paid,10,P005,14999,13499.1
PAY001983,SUB01983,2025-03-16,UPI,Paid,0,P002,499,499.0
PAY001984,SUB01984,2024-09-24,Credit Card,Paid,5,P001,0,0.0
PAY001985,SUB01985,2025-04-02,Net Banking,Paid,10,P001,0,0.0
PAY001986,SUB01986,2024-01-29,Credit Card,Paid,5,P002,499,474.05
PAY001987,SUB01987,2025-02-27,UPI,Paid,0,P003,999,999.0
PAY001988,SUB01988,2025-04-13,Credit Card,Paid,0,P004,4999,4999.0
PAY001989,SUB01989,2025-04-04,Net Banking,Paid,5,P003,999,949.05
PAY001990,SUB01990,2024-10-09,UPI,Paid,0,P002,499,499.0
PAY001991,SUB01991,2025-11-02,UPI,Paid,10,P003,999,899.1
PAY001992,SUB01992,2024-07-10,UPI,Paid,0,P004,4999,4999.0
PAY001993,SUB01993,2024-08-14,Debit Card,Failed,10,P002,499,449.1
PAY001994,SUB01994,2026-03-14,Credit Card,Paid,5,P003,999,949.05
PAY001995,SUB01995,2025-07-05,Credit Card,Paid,5,P005,14999,14249.05
PAY001996,SUB01996,2024-09-09,UPI,Failed,0,P003,999,999.0
PAY001997,SUB01997,2024-03-30,UPI,Paid,0,P003,999,999.0
PAY001998,SUB01998,2024-06-01,PayPal,Paid,15,P002,499,424.15
PAY001999,SUB01999,2025-06-17,UPI,Paid,0,P002,499,499.0
PAY002000,SUB02000,2024-03-09,PayPal,Paid,0,P001,0,0.0
PAY002001,SUB02001,2026-03-29,Credit Card,Paid,5,P003,999,949.05
PAY002002,SUB02002,2024-09-05,UPI,Paid,10,P001,0,0.0
PAY002003,SUB02003,2025-12-26,Credit Card,Paid,0,P004,4999,4999.0
PAY002004,SUB02004,2024-04-05,PayPal,Paid,10,P004,4999,4499.1
PAY002005,SUB02005,2026-06-01,Credit Card,Paid,5,P003,999,949.05
PAY002006,SUB02006,2025-09-20,Net Banking,Paid,0,P001,0,0.0
PAY002007,SUB02007,2025-02-23,UPI,Paid,5,P001,0,0.0
PAY002008,SUB02008,2024-04-20,Credit Card,Paid,10,P004,4999,4499.1
PAY002009,SUB02009,2026-02-03,Net Banking,Paid,20,P003,999,799.2
PAY002010,SUB02010,2024-11-13,PayPal,Paid,0,P003,999,999.0
PAY002011,SUB02011,2026-01-26,Credit Card,Paid,10,P002,499,449.1
PAY002012,SUB02012,2024-11-11,Debit Card,Paid,0,P003,999,999.0
PAY002013,SUB02013,2026-01-17,UPI,Paid,0,P003,999,999.0
PAY002014,SUB02014,2024-08-12,UPI,Paid,5,P003,999,949.05
PAY002015,SUB02015,2026-03-04,UPI,Paid,0,P003,999,999.0
PAY002016,SUB02016,2026-01-23,UPI,Paid,0,P004,4999,4999.0
PAY002017,SUB02017,2024-08-07,UPI,Paid,0,P002,499,499.0
PAY002018,SUB02018,2024-09-10,UPI,Paid,0,P001,0,0.0
PAY002019,SUB02019,2025-02-08,PayPal,Paid,5,P003,999,949.05
PAY002020,SUB02020,2024-06-27,Debit Card,Paid,0,P001,0,0.0
PAY002021,SUB02021,2024-12-05,Credit Card,Paid,5,P004,4999,4749.05
PAY002022,SUB02022,2025-03-26,PayPal,Paid,0,P003,999,999.0
PAY002023,SUB02023,2025-07-09,UPI,Refunded,5,P004,4999,4749.05
PAY002024,SUB02024,2026-03-02,Credit Card,Paid,15,P003,999,849.15
PAY002025,SUB02025,2024-08-11,Debit Card,Paid,0,P001,0,0.0
PAY002026,SUB02026,2026-07-07,UPI,Paid,5,P002,499,474.05
PAY002027,SUB02027,2025-09-24,Debit Card,Paid,5,P004,4999,4749.05
PAY002028,SUB02028,2026-04-21,UPI,Refunded,5,P002,499,474.05
PAY002029,SUB02029,2025-06-20,UPI,Paid,0,P003,999,999.0
PAY002030,SUB02030,2025-10-05,UPI,Paid,5,P004,4999,4749.05
PAY002031,SUB02031,2024-04-11,PayPal,Refunded,0,P002,499,499.0
PAY002032,SUB02032,2024-10-18,Debit Card,Paid,0,P002,499,499.0
PAY002033,SUB02033,2025-04-30,Debit Card,Paid,5,P003,999,949.05
PAY002034,SUB02034,2025-03-30,Credit Card,Paid,0,P004,4999,4999.0
PAY002035,SUB02035,2024-12-01,UPI,Paid,5,P002,499,474.05
PAY002036,SUB02036,2024-06-24,Debit Card,Paid,10,P005,14999,13499.1
PAY002037,SUB02037,2025-06-02,Credit Card,Paid,10,P003,999,899.1
PAY002038,SUB02038,2024-11-14,UPI,Paid,0,P005,14999,14999.0
PAY002039,SUB02039,2025-10-06,Debit Card,Paid,20,P001,0,0.0
PAY002040,SUB02040,2024-07-07,UPI,Paid,5,P001,0,0.0
PAY002041,SUB02041,2024-11-30,UPI,Paid,0,P004,4999,4999.0
PAY002042,SUB02042,2026-05-20,Net Banking,Paid,0,P004,4999,4999.0
PAY002043,SUB02043,2024-05-28,Debit Card,Paid,5,P002,499,474.05
PAY002044,SUB02044,2025-11-12,Debit Card,Paid,15,P003,999,849.15
PAY002045,SUB02045,2025-02-08,Credit Card,Paid,5,P004,4999,4749.05
PAY002046,SUB02046,2025-12-05,Credit Card,Paid,10,P001,0,0.0
PAY002047,SUB02047,2024-04-20,Debit Card,Paid,0,P003,999,999.0
PAY002048,SUB02048,2026-02-02,Debit Card,Paid,0,P004,4999,4999.0
PAY002049,SUB02049,2026-03-05,Credit Card,Paid,0,P002,499,499.0
PAY002050,SUB02050,2026-02-02,PayPal,Paid,10,P002,499,449.1
PAY002051,SUB02051,2024-11-07,PayPal,Paid,0,P004,4999,4999.0
PAY002052,SUB02052,2025-07-07,Credit Card,Paid,0,P002,499,499.0
PAY002053,SUB02053,2025-01-17,Net Banking,Paid,0,P001,0,0.0
PAY002054,SUB02054,2025-04-23,Credit Card,Paid,15,P005,14999,12749.15
PAY002055,SUB02055,2024-07-09,Credit Card,Paid,10,P003,999,899.1
PAY002056,SUB02056,2025-02-13,UPI,Paid,0,P004,4999,4999.0
PAY002057,SUB02057,2025-10-08,Credit Card,Failed,15,P004,4999,4249.15
PAY002058,SUB02058,2026-01-16,PayPal,Failed,0,P001,0,0.0
PAY002059,SUB02059,2025-05-07,Net Banking,Paid,0,P002,499,499.0
PAY002060,SUB02060,2024-05-30,Net Banking,Paid,0,P002,499,499.0
PAY002061,SUB02061,2025-05-04,UPI,Paid,0,P002,499,499.0
PAY002062,SUB02062,2025-12-22,Credit Card,Paid,0,P003,999,999.0
PAY002063,SUB02063,2024-02-26,UPI,Failed,10,P003,999,899.1
PAY002064,SUB02064,2024-02-02,UPI,Failed,5,P003,999,949.05
PAY002065,SUB02065,2026-05-29,Credit Card,Paid,5,P002,499,474.05
PAY002066,SUB02066,2025-09-26,Credit Card,Paid,10,P002,499,449.1
PAY002067,SUB02067,2026-05-02,Credit Card,Paid,10,P003,999,899.1
PAY002068,SUB02068,2024-02-24,Credit Card,Paid,0,P003,999,999.0
PAY002069,SUB02069,2025-12-08,UPI,Paid,5,P001,0,0.0
PAY002070,SUB02070,2025-11-18,UPI,Failed,5,P003,999,949.05
PAY002071,SUB02071,2024-06-02,Net Banking,Paid,15,P001,0,0.0
PAY002072,SUB02072,2026-02-20,UPI,Paid,0,P002,499,499.0
PAY002073,SUB02073,2024-11-13,UPI,Paid,0,P003,999,999.0
PAY002074,SUB02074,2025-03-19,Net Banking,Paid,10,P001,0,0.0
PAY002075,SUB02075,2026-05-23,PayPal,Paid,10,P003,999,899.1
PAY002076,SUB02076,2025-02-08,Debit Card,Paid,0,P002,499,499.0
PAY002077,SUB02077,2026-02-06,UPI,Paid,5,P001,0,0.0
PAY002078,SUB02078,2025-10-27,UPI,Paid,0,P002,499,499.0
PAY002079,SUB02079,2025-06-28,PayPal,Paid,20,P005,14999,11999.2
PAY002080,SUB02080,2025-07-23,Net Banking,Paid,0,P003,999,999.0
PAY002081,SUB02081,2026-01-05,Credit Card,Paid,0,P005,14999,14999.0
PAY002082,SUB02082,2026-02-02,UPI,Paid,0,P003,999,999.0
PAY002083,SUB02083,2024-04-20,UPI,Paid,0,P003,999,999.0
PAY002084,SUB02084,2024-12-15,UPI,Paid,0,P002,499,499.0
PAY002085,SUB02085,2025-02-23,Debit Card,Paid,10,P002,499,449.1
PAY002086,SUB02086,2024-09-06,UPI,Paid,15,P002,499,424.15
PAY002087,SUB02087,2026-02-26,PayPal,Paid,0,P002,499,499.0
PAY002088,SUB02088,2026-06-10,UPI,Paid,5,P003,999,949.05
PAY002089,SUB02089,2026-04-25,Debit Card,Paid,0,P002,499,499.0
PAY002090,SUB02090,2024-06-16,UPI,Paid,0,P002,499,499.0
PAY002091,SUB02091,2025-07-25,Credit Card,Paid,0,P002,499,499.0
PAY002092,SUB02092,2025-02-25,UPI,Paid,0,P002,499,499.0
PAY002093,SUB02093,2025-08-17,Net Banking,Paid,5,P003,999,949.05
PAY002094,SUB02094,2025-02-02,Credit Card,Refunded,0,P004,4999,4999.0
PAY002095,SUB02095,2025-05-22,UPI,Paid,15,P002,499,424.15
PAY002096,SUB02096,2025-10-10,Net Banking,Paid,10,P002,499,449.1
PAY002097,SUB02097,2024-09-11,Credit Card,Paid,10,P002,499,449.1
PAY002098,SUB02098,2025-04-26,PayPal,Paid,15,P004,4999,4249.15
PAY002099,SUB02099,2025-08-17,PayPal,Paid,15,P001,0,0.0
PAY002100,SUB02100,2026-02-28,PayPal,Paid,5,P003,999,949.05
PAY002101,SUB02101,2024-02-06,UPI,Paid,5,P003,999,949.05
PAY002102,SUB02102,2024-05-12,UPI,Paid,0,P002,499,499.0
PAY002103,SUB02103,2025-06-22,PayPal,Paid,10,P002,499,449.1
PAY002104,SUB02104,2025-11-13,Credit Card,Failed,5,P002,499,474.05
PAY002105,SUB02105,2024-04-22,UPI,Paid,15,P004,4999,4249.15
PAY002106,SUB02106,2024-10-10,Net Banking,Refunded,0,P003,999,999.0
PAY002107,SUB02107,2025-02-12,UPI,Paid,0,P003,999,999.0
PAY002108,SUB02108,2024-11-08,Debit Card,Paid,0,P003,999,999.0
PAY002109,SUB02109,2025-10-07,Net Banking,Paid,10,P003,999,899.1
PAY002110,SUB02110,2026-01-08,Net Banking,Paid,0,P003,999,999.0
PAY002111,SUB02111,2026-02-01,UPI,Paid,5,P001,0,0.0
PAY002112,SUB02112,2026-02-03,Credit Card,Paid,0,P002,499,499.0
PAY002113,SUB02113,2024-09-09,Credit Card,Paid,0,P002,499,499.0
PAY002114,SUB02114,2025-06-07,Credit Card,Paid,0,P003,999,999.0
PAY002115,SUB02115,2024-02-12,UPI,Paid,5,P001,0,0.0
PAY002116,SUB02116,2024-09-03,Credit Card,Paid,0,P003,999,999.0
PAY002117,SUB02117,2025-09-03,Credit Card,Paid,5,P002,499,474.05
PAY002118,SUB02118,2025-02-25,Credit Card,Paid,20,P005,14999,11999.2
PAY002119,SUB02119,2026-04-12,Net Banking,Paid,20,P002,499,399.2
PAY002120,SUB02120,2025-12-26,Credit Card,Paid,5,P002,499,474.05
PAY002121,SUB02121,2025-08-21,UPI,Paid,5,P004,4999,4749.05
PAY002122,SUB02122,2025-08-01,Debit Card,Paid,0,P002,499,499.0
PAY002123,SUB02123,2024-09-03,Net Banking,Paid,20,P005,14999,11999.2
PAY002124,SUB02124,2025-01-19,UPI,Paid,0,P001,0,0.0
PAY002125,SUB02125,2026-02-28,Debit Card,Paid,5,P002,499,474.05
PAY002126,SUB02126,2026-01-30,UPI,Paid,0,P003,999,999.0
PAY002127,SUB02127,2025-07-02,UPI,Paid,0,P004,4999,4999.0
PAY002128,SUB02128,2024-04-10,PayPal,Refunded,0,P002,499,499.0
PAY002129,SUB02129,2025-10-07,PayPal,Paid,10,P005,14999,13499.1
PAY002130,SUB02130,2024-05-29,Credit Card,Paid,5,P003,999,949.05
PAY002131,SUB02131,2024-03-23,Debit Card,Paid,5,P004,4999,4749.05
PAY002132,SUB02132,2024-09-29,Net Banking,Paid,0,P002,499,499.0
PAY002133,SUB02133,2024-02-08,PayPal,Paid,10,P002,499,449.1
PAY002134,SUB02134,2024-02-29,Credit Card,Paid,0,P004,4999,4999.0
PAY002135,SUB02135,2024-03-05,Credit Card,Paid,0,P005,14999,14999.0
PAY002136,SUB02136,2025-06-18,Credit Card,Paid,10,P003,999,899.1
PAY002137,SUB02137,2026-02-08,UPI,Paid,15,P001,0,0.0
PAY002138,SUB02138,2026-01-08,Credit Card,Paid,0,P001,0,0.0
PAY002139,SUB02139,2025-08-16,Net Banking,Paid,5,P003,999,949.05
PAY002140,SUB02140,2026-03-24,Net Banking,Paid,5,P001,0,0.0
PAY002141,SUB02141,2026-04-09,Net Banking,Paid,15,P002,499,424.15
PAY002142,SUB02142,2025-08-07,UPI,Paid,0,P002,499,499.0
PAY002143,SUB02143,2025-08-22,Credit Card,Refunded,0,P003,999,999.0
PAY002144,SUB02144,2024-11-05,UPI,Paid,0,P001,0,0.0
PAY002145,SUB02145,2024-06-16,UPI,Paid,0,P003,999,999.0
PAY002146,SUB02146,2026-07-09,PayPal,Paid,0,P003,999,999.0
PAY002147,SUB02147,2024-07-24,Credit Card,Paid,20,P003,999,799.2
PAY002148,SUB02148,2024-07-26,Net Banking,Paid,0,P002,499,499.0
PAY002149,SUB02149,2025-03-04,UPI,Paid,15,P002,499,424.15
PAY002150,SUB02150,2024-08-24,Credit Card,Paid,0,P003,999,999.0
PAY002151,SUB02151,2025-01-22,Debit Card,Paid,15,P004,4999,4249.15
PAY002152,SUB02152,2026-02-05,UPI,Paid,10,P003,999,899.1
PAY002153,SUB02153,2024-04-19,UPI,Paid,0,P005,14999,14999.0
PAY002154,SUB02154,2026-02-21,UPI,Paid,5,P003,999,949.05
PAY002155,SUB02155,2025-08-05,Debit Card,Paid,0,P004,4999,4999.0
PAY002156,SUB02156,2024-11-01,PayPal,Failed,0,P002,499,499.0
PAY002157,SUB02157,2025-01-04,Net Banking,Paid,0,P002,499,499.0
PAY002158,SUB02158,2025-05-14,PayPal,Paid,0,P003,999,999.0
PAY002159,SUB02159,2026-06-30,Net Banking,Paid,10,P002,499,449.1
PAY002160,SUB02160,2026-07-01,Net Banking,Failed,10,P003,999,899.1
PAY002161,SUB02161,2024-12-22,Credit Card,Refunded,0,P002,499,499.0
PAY002162,SUB02162,2024-08-05,Credit Card,Paid,15,P003,999,849.15
PAY002163,SUB02163,2024-02-14,Credit Card,Paid,15,P003,999,849.15
PAY002164,SUB02164,2025-07-30,Net Banking,Paid,0,P003,999,999.0
PAY002165,SUB02165,2024-03-28,UPI,Failed,0,P005,14999,14999.0
PAY002166,SUB02166,2025-06-04,UPI,Paid,0,P002,499,499.0
PAY002167,SUB02167,2025-05-23,PayPal,Paid,5,P002,499,474.05
PAY002168,SUB02168,2024-09-25,UPI,Failed,0,P002,499,499.0
PAY002169,SUB02169,2025-01-07,PayPal,Paid,0,P004,4999,4999.0
PAY002170,SUB02170,2025-03-19,Debit Card,Paid,10,P003,999,899.1
PAY002171,SUB02171,2024-02-11,UPI,Paid,5,P003,999,949.05
PAY002172,SUB02172,2026-06-25,Debit Card,Paid,0,P002,499,499.0
PAY002173,SUB02173,2025-09-21,Net Banking,Paid,15,P003,999,849.15
PAY002174,SUB02174,2025-12-22,UPI,Paid,10,P002,499,449.1
PAY002175,SUB02175,2025-08-24,Net Banking,Paid,0,P003,999,999.0
PAY002176,SUB02176,2025-11-23,Net Banking,Paid,10,P004,4999,4499.1
PAY002177,SUB02177,2025-11-01,UPI,Paid,0,P003,999,999.0
PAY002178,SUB02178,2026-01-02,UPI,Refunded,5,P003,999,949.05
PAY002179,SUB02179,2024-11-17,UPI,Paid,0,P003,999,999.0
PAY002180,SUB02180,2024-12-28,UPI,Paid,0,P003,999,999.0
PAY002181,SUB02181,2025-12-29,UPI,Paid,0,P002,499,499.0
PAY002182,SUB02182,2025-06-21,Debit Card,Paid,0,P003,999,999.0
PAY002183,SUB02183,2025-01-01,Credit Card,Refunded,5,P002,499,474.05
PAY002184,SUB02184,2025-05-02,Net Banking,Paid,10,P001,0,0.0
PAY002185,SUB02185,2024-04-26,UPI,Paid,0,P002,499,499.0
PAY002186,SUB02186,2026-03-06,Credit Card,Paid,0,P003,999,999.0
PAY002187,SUB02187,2024-12-06,Debit Card,Paid,10,P002,499,449.1
PAY002188,SUB02188,2025-08-17,Net Banking,Paid,0,P003,999,999.0
PAY002189,SUB02189,2026-06-07,Credit Card,Paid,0,P001,0,0.0
PAY002190,SUB02190,2025-07-04,Credit Card,Paid,5,P002,499,474.05
PAY002191,SUB02191,2025-05-25,Net Banking,Paid,10,P003,999,899.1
PAY002192,SUB02192,2024-03-25,UPI,Paid,10,P002,499,449.1
PAY002193,SUB02193,2026-01-05,UPI,Failed,10,P003,999,899.1
PAY002194,SUB02194,2024-09-08,Credit Card,Paid,0,P003,999,999.0
PAY002195,SUB02195,2026-05-16,Net Banking,Paid,10,P005,14999,13499.1
PAY002196,SUB02196,2024-10-06,UPI,Refunded,0,P003,999,999.0
PAY002197,SUB02197,2024-02-02,Credit Card,Paid,0,P001,0,0.0
PAY002198,SUB02198,2025-05-31,Credit Card,Paid,5,P002,499,474.05
PAY002199,SUB02199,2026-06-22,PayPal,Paid,10,P001,0,0.0
PAY002200,SUB02200,2024-11-03,UPI,Paid,0,P004,4999,4999.0
PAY002201,SUB02201,2025-07-31,UPI,Paid,0,P001,0,0.0
PAY002202,SUB02202,2025-10-19,Credit Card,Failed,10,P002,499,449.1
PAY002203,SUB02203,2026-06-09,Credit Card,Paid,15,P002,499,424.15
PAY002204,SUB02204,2025-07-10,Debit Card,Paid,5,P004,4999,4749.05
PAY002205,SUB02205,2025-01-12,Debit Card,Paid,0,P002,499,499.0
PAY002206,SUB02206,2024-08-15,Net Banking,Paid,10,P005,14999,13499.1
PAY002207,SUB02207,2025-11-30,Net Banking,Paid,10,P001,0,0.0
PAY002208,SUB02208,2026-07-01,PayPal,Paid,5,P001,0,0.0
PAY002209,SUB02209,2024-12-18,Credit Card,Paid,0,P002,499,499.0
PAY002210,SUB02210,2025-09-03,PayPal,Paid,0,P004,4999,4999.0
PAY002211,SUB02211,2024-08-12,UPI,Paid,0,P004,4999,4999.0
PAY002212,SUB02212,2025-10-10,Debit Card,Paid,0,P001,0,0.0
PAY002213,SUB02213,2025-01-03,Credit Card,Paid,0,P001,0,0.0
PAY002214,SUB02214,2025-12-06,Net Banking,Paid,5,P003,999,949.05
PAY002215,SUB02215,2025-11-09,Credit Card,Failed,0,P001,0,0.0
PAY002216,SUB02216,2025-10-19,Net Banking,Paid,10,P001,0,0.0
PAY002217,SUB02217,2024-12-07,PayPal,Paid,0,P001,0,0.0
PAY002218,SUB02218,2026-07-11,Debit Card,Paid,5,P001,0,0.0
PAY002219,SUB02219,2024-08-18,Net Banking,Paid,10,P002,499,449.1
PAY002220,SUB02220,2024-06-13,UPI,Paid,5,P001,0,0.0
PAY002221,SUB02221,2024-11-26,UPI,Paid,0,P002,499,499.0
PAY002222,SUB02222,2025-10-16,PayPal,Paid,5,P004,4999,4749.05
PAY002223,SUB02223,2025-10-13,Debit Card,Paid,10,P002,499,449.1
PAY002224,SUB02224,2024-11-06,Credit Card,Paid,20,P003,999,799.2
PAY002225,SUB02225,2025-01-30,Credit Card,Paid,5,P001,0,0.0
PAY002226,SUB02226,2026-02-01,UPI,Paid,10,P003,999,899.1
PAY002227,SUB02227,2024-12-28,Credit Card,Paid,0,P002,499,499.0
PAY002228,SUB02228,2026-02-11,Credit Card,Paid,15,P003,999,849.15
PAY002229,SUB02229,2026-03-25,UPI,Paid,20,P001,0,0.0
PAY002230,SUB02230,2024-06-25,UPI,Paid,5,P004,4999,4749.05
PAY002231,SUB02231,2026-01-17,Credit Card,Paid,10,P002,499,449.1
PAY002232,SUB02232,2025-08-14,Credit Card,Paid,5,P002,499,474.05
PAY002233,SUB02233,2026-04-08,UPI,Refunded,0,P005,14999,14999.0
PAY002234,SUB02234,2024-09-03,Credit Card,Failed,15,P003,999,849.15
PAY002235,SUB02235,2024-05-18,PayPal,Paid,5,P002,499,474.05
PAY002236,SUB02236,2024-12-22,Credit Card,Paid,5,P005,14999,14249.05
PAY002237,SUB02237,2026-05-21,Net Banking,Paid,10,P002,499,449.1
PAY002238,SUB02238,2025-07-06,PayPal,Paid,15,P001,0,0.0
PAY002239,SUB02239,2024-02-21,UPI,Paid,10,P005,14999,13499.1
PAY002240,SUB02240,2024-05-27,UPI,Paid,0,P002,499,499.0
PAY002241,SUB02241,2024-06-05,Credit Card,Paid,5,P004,4999,4749.05
PAY002242,SUB02242,2025-11-12,Credit Card,Failed,20,P002,499,399.2
PAY002243,SUB02243,2024-05-26,Credit Card,Failed,5,P003,999,949.05
PAY002244,SUB02244,2026-01-10,UPI,Paid,15,P003,999,849.15
PAY002245,SUB02245,2024-03-19,Debit Card,Paid,10,P005,14999,13499.1
PAY002246,SUB02246,2024-10-22,UPI,Paid,10,P003,999,899.1
PAY002247,SUB02247,2024-07-23,PayPal,Paid,0,P001,0,0.0
PAY002248,SUB02248,2024-01-16,UPI,Paid,0,P003,999,999.0
PAY002249,SUB02249,2024-11-01,PayPal,Paid,5,P001,0,0.0
PAY002250,SUB02250,2024-02-02,UPI,Paid,0,P004,4999,4999.0
PAY002251,SUB02251,2024-07-13,UPI,Paid,10,P004,4999,4499.1
PAY002252,SUB02252,2024-12-04,UPI,Paid,10,P003,999,899.1
PAY002253,SUB02253,2026-06-20,PayPal,Failed,0,P004,4999,4999.0
PAY002254,SUB02254,2025-04-24,UPI,Paid,10,P001,0,0.0
PAY002255,SUB02255,2025-05-18,Debit Card,Paid,5,P003,999,949.05
PAY002256,SUB02256,2025-03-25,Net Banking,Paid,0,P002,499,499.0
PAY002257,SUB02257,2026-01-27,Debit Card,Paid,0,P003,999,999.0
PAY002258,SUB02258,2024-09-03,Credit Card,Failed,15,P001,0,0.0
PAY002259,SUB02259,2026-04-30,PayPal,Paid,0,P004,4999,4999.0
PAY002260,SUB02260,2025-11-11,Net Banking,Paid,0,P001,0,0.0
PAY002261,SUB02261,2025-11-04,Credit Card,Paid,0,P003,999,999.0
PAY002262,SUB02262,2025-12-30,Credit Card,Failed,0,P001,0,0.0
PAY002263,SUB02263,2025-02-04,PayPal,Paid,5,P004,4999,4749.05
PAY002264,SUB02264,2026-01-25,PayPal,Paid,0,P002,499,499.0
PAY002265,SUB02265,2024-09-30,Credit Card,Paid,10,P003,999,899.1
PAY002266,SUB02266,2024-11-10,Net Banking,Paid,0,P002,499,499.0
PAY002267,SUB02267,2025-02-23,UPI,Paid,5,P003,999,949.05
PAY002268,SUB02268,2026-03-11,Credit Card,Paid,0,P002,499,499.0
PAY002269,SUB02269,2025-10-30,UPI,Paid,20,P003,999,799.2
PAY002270,SUB02270,2026-01-05,UPI,Paid,5,P002,499,474.05
PAY002271,SUB02271,2024-02-14,Debit Card,Paid,10,P004,4999,4499.1
PAY002272,SUB02272,2024-09-28,Credit Card,Paid,10,P001,0,0.0
PAY002273,SUB02273,2025-02-24,UPI,Paid,10,P002,499,449.1
PAY002274,SUB02274,2025-06-20,Credit Card,Paid,10,P003,999,899.1
PAY002275,SUB02275,2024-03-16,Credit Card,Paid,0,P001,0,0.0
PAY002276,SUB02276,2025-04-04,PayPal,Paid,10,P002,499,449.1
PAY002277,SUB02277,2024-10-20,Net Banking,Paid,0,P005,14999,14999.0
PAY002278,SUB02278,2026-05-05,Credit Card,Paid,10,P005,14999,13499.1
PAY002279,SUB02279,2025-09-15,PayPal,Paid,20,P003,999,799.2
PAY002280,SUB02280,2026-04-20,UPI,Paid,15,P002,499,424.15
PAY002281,SUB02281,2025-10-03,Debit Card,Paid,0,P002,499,499.0
PAY002282,SUB02282,2026-03-23,PayPal,Paid,0,P003,999,999.0
PAY002283,SUB02283,2024-09-20,Credit Card,Paid,0,P001,0,0.0
PAY002284,SUB02284,2025-01-25,Debit Card,Paid,0,P005,14999,14999.0
PAY002285,SUB02285,2024-03-02,UPI,Paid,0,P002,499,499.0
PAY002286,SUB02286,2025-06-19,UPI,Paid,0,P005,14999,14999.0
PAY002287,SUB02287,2025-09-30,Credit Card,Paid,20,P003,999,799.2
PAY002288,SUB02288,2024-05-01,PayPal,Paid,5,P004,4999,4749.05
PAY002289,SUB02289,2025-04-19,Credit Card,Paid,5,P001,0,0.0
PAY002290,SUB02290,2026-02-25,PayPal,Refunded,5,P004,4999,4749.05
PAY002291,SUB02291,2026-06-10,PayPal,Paid,10,P002,499,449.1
PAY002292,SUB02292,2026-06-13,UPI,Failed,20,P003,999,799.2
PAY002293,SUB02293,2025-10-08,Credit Card,Paid,5,P004,4999,4749.05
PAY002294,SUB02294,2025-02-16,Debit Card,Paid,0,P002,499,499.0
PAY002295,SUB02295,2025-11-28,Credit Card,Paid,5,P002,499,474.05
PAY002296,SUB02296,2024-02-03,UPI,Paid,20,P003,999,799.2
PAY002297,SUB02297,2025-12-27,PayPal,Paid,0,P002,499,499.0
PAY002298,SUB02298,2025-01-18,Net Banking,Paid,5,P003,999,949.05
PAY002299,SUB02299,2026-07-16,Credit Card,Paid,0,P002,499,499.0
PAY002300,SUB02300,2026-04-15,Debit Card,Paid,0,P002,499,499.0
PAY002301,SUB02301,2026-05-25,UPI,Paid,15,P003,999,849.15
PAY002302,SUB02302,2024-04-23,Credit Card,Paid,0,P003,999,999.0
PAY002303,SUB02303,2025-06-16,PayPal,Paid,0,P002,499,499.0
PAY002304,SUB02304,2025-11-20,Net Banking,Failed,0,P004,4999,4999.0
PAY002305,SUB02305,2025-09-23,UPI,Paid,20,P004,4999,3999.2
PAY002306,SUB02306,2024-07-17,Credit Card,Paid,0,P003,999,999.0
PAY002307,SUB02307,2025-12-07,Debit Card,Paid,10,P002,499,449.1
PAY002308,SUB02308,2024-08-30,UPI,Paid,0,P002,499,499.0
PAY002309,SUB02309,2024-09-10,UPI,Paid,10,P003,999,899.1
PAY002310,SUB02310,2024-08-09,Credit Card,Paid,20,P003,999,799.2
PAY002311,SUB02311,2024-02-08,Debit Card,Paid,0,P002,499,499.0
PAY002312,SUB02312,2024-04-30,UPI,Paid,0,P003,999,999.0
PAY002313,SUB02313,2024-05-03,UPI,Paid,0,P002,499,499.0
PAY002314,SUB02314,2024-02-26,UPI,Failed,10,P001,0,0.0
PAY002315,SUB02315,2024-10-15,UPI,Paid,0,P003,999,999.0
PAY002316,SUB02316,2025-09-05,Credit Card,Failed,0,P003,999,999.0
PAY002317,SUB02317,2024-05-10,UPI,Paid,0,P002,499,499.0
PAY002318,SUB02318,2025-09-26,UPI,Failed,0,P003,999,999.0
PAY002319,SUB02319,2025-07-31,Net Banking,Paid,0,P005,14999,14999.0
PAY002320,SUB02320,2024-05-16,UPI,Paid,15,P003,999,849.15
PAY002321,SUB02321,2026-05-11,Credit Card,Paid,15,P003,999,849.15
PAY002322,SUB02322,2025-07-24,PayPal,Paid,0,P001,0,0.0
PAY002323,SUB02323,2025-11-30,Debit Card,Paid,5,P002,499,474.05
PAY002324,SUB02324,2025-12-05,Debit Card,Paid,5,P002,499,474.05
PAY002325,SUB02325,2024-11-01,Credit Card,Paid,10,P003,999,899.1
PAY002326,SUB02326,2024-07-30,UPI,Paid,5,P004,4999,4749.05
PAY002327,SUB02327,2024-10-20,Debit Card,Paid,5,P002,499,474.05
PAY002328,SUB02328,2026-06-06,Debit Card,Paid,5,P002,499,474.05
PAY002329,SUB02329,2024-10-11,UPI,Paid,10,P002,499,449.1
PAY002330,SUB02330,2024-08-15,Credit Card,Paid,0,P002,499,499.0
PAY002331,SUB02331,2025-08-01,PayPal,Paid,0,P005,14999,14999.0
PAY002332,SUB02332,2024-03-02,UPI,Paid,0,P003,999,999.0
PAY002333,SUB02333,2024-01-21,Credit Card,Paid,5,P002,499,474.05
PAY002334,SUB02334,2025-01-23,Credit Card,Paid,0,P003,999,999.0
PAY002335,SUB02335,2025-02-24,Net Banking,Paid,5,P003,999,949.05
PAY002336,SUB02336,2026-06-20,Net Banking,Paid,0,P003,999,999.0
PAY002337,SUB02337,2024-08-13,Net Banking,Paid,10,P001,0,0.0
PAY002338,SUB02338,2024-02-14,Credit Card,Paid,0,P002,499,499.0
PAY002339,SUB02339,2025-11-09,UPI,Paid,5,P001,0,0.0
PAY002340,SUB02340,2024-04-23,UPI,Paid,5,P004,4999,4749.05
PAY002341,SUB02341,2025-12-26,Debit Card,Paid,0,P003,999,999.0
PAY002342,SUB02342,2026-04-19,Debit Card,Paid,0,P003,999,999.0
PAY002343,SUB02343,2025-07-20,PayPal,Paid,10,P002,499,449.1
PAY002344,SUB02344,2025-02-24,Credit Card,Paid,0,P002,499,499.0
PAY002345,SUB02345,2024-06-24,Debit Card,Paid,15,P001,0,0.0
PAY002346,SUB02346,2025-12-19,Credit Card,Paid,15,P005,14999,12749.15
PAY002347,SUB02347,2025-12-28,UPI,Paid,10,P002,499,449.1
PAY002348,SUB02348,2024-11-06,Credit Card,Paid,10,P001,0,0.0
PAY002349,SUB02349,2025-08-08,Credit Card,Paid,5,P005,14999,14249.05
PAY002350,SUB02350,2025-08-17,PayPal,Failed,5,P003,999,949.05
PAY002351,SUB02351,2025-12-31,Credit Card,Failed,20,P004,4999,3999.2
PAY002352,SUB02352,2024-05-31,PayPal,Paid,0,P001,0,0.0
PAY002353,SUB02353,2025-03-20,Credit Card,Paid,0,P003,999,999.0
PAY002354,SUB02354,2025-10-11,UPI,Paid,0,P002,499,499.0
PAY002355,SUB02355,2025-04-16,UPI,Paid,5,P004,4999,4749.05
PAY002356,SUB02356,2025-10-14,UPI,Paid,0,P001,0,0.0
PAY002357,SUB02357,2026-05-30,Credit Card,Paid,15,P002,499,424.15
PAY002358,SUB02358,2025-09-11,UPI,Failed,0,P004,4999,4999.0
PAY002359,SUB02359,2026-02-22,Credit Card,Paid,10,P003,999,899.1
PAY002360,SUB02360,2025-07-19,PayPal,Paid,0,P003,999,999.0
PAY002361,SUB02361,2024-03-07,Debit Card,Paid,0,P001,0,0.0
PAY002362,SUB02362,2024-06-13,Net Banking,Paid,0,P001,0,0.0
PAY002363,SUB02363,2026-04-22,UPI,Paid,0,P003,999,999.0
PAY002364,SUB02364,2024-08-12,Credit Card,Paid,5,P003,999,949.05
PAY002365,SUB02365,2026-03-07,UPI,Paid,15,P005,14999,12749.15
PAY002366,SUB02366,2024-06-28,Net Banking,Paid,0,P003,999,999.0
PAY002367,SUB02367,2025-11-21,UPI,Paid,5,P003,999,949.05
PAY002368,SUB02368,2025-06-18,Credit Card,Paid,0,P004,4999,4999.0
PAY002369,SUB02369,2025-08-17,Credit Card,Paid,0,P001,0,0.0
PAY002370,SUB02370,2024-03-31,Credit Card,Paid,5,P002,499,474.05
PAY002371,SUB02371,2024-02-29,Net Banking,Paid,0,P002,499,499.0
PAY002372,SUB02372,2026-02-22,UPI,Paid,15,P001,0,0.0
PAY002373,SUB02373,2025-04-11,Credit Card,Paid,10,P004,4999,4499.1
PAY002374,SUB02374,2025-08-07,Net Banking,Paid,0,P003,999,999.0
PAY002375,SUB02375,2026-01-01,Credit Card,Paid,5,P003,999,949.05
PAY002376,SUB02376,2026-07-27,Credit Card,Refunded,0,P002,499,499.0
PAY002377,SUB02377,2024-06-27,UPI,Paid,10,P003,999,899.1
PAY002378,SUB02378,2024-03-09,Net Banking,Paid,10,P001,0,0.0
PAY002379,SUB02379,2024-03-23,PayPal,Paid,10,P003,999,899.1
PAY002380,SUB02380,2024-04-28,Debit Card,Paid,0,P002,499,499.0
PAY002381,SUB02381,2026-01-29,Net Banking,Paid,0,P004,4999,4999.0
PAY002382,SUB02382,2026-07-05,Credit Card,Paid,5,P002,499,474.05
PAY002383,SUB02383,2026-07-10,UPI,Paid,20,P002,499,399.2
PAY002384,SUB02384,2026-04-03,UPI,Paid,15,P003,999,849.15
PAY002385,SUB02385,2024-07-02,Debit Card,Paid,0,P004,4999,4999.0
PAY002386,SUB02386,2026-03-10,Credit Card,Paid,10,P003,999,899.1
PAY002387,SUB02387,2026-02-18,Net Banking,Paid,15,P003,999,849.15
PAY002388,SUB02388,2026-03-31,Debit Card,Failed,0,P005,14999,14999.0
PAY002389,SUB02389,2024-02-12,PayPal,Paid,10,P005,14999,13499.1
PAY002390,SUB02390,2024-05-01,Credit Card,Failed,0,P003,999,999.0
PAY002391,SUB02391,2024-09-20,Credit Card,Paid,0,P003,999,999.0
PAY002392,SUB02392,2025-06-11,UPI,Paid,0,P002,499,499.0
PAY002393,SUB02393,2024-04-07,Credit Card,Paid,5,P004,4999,4749.05
PAY002394,SUB02394,2024-05-14,Net Banking,Paid,10,P002,499,449.1
PAY002395,SUB02395,2024-10-08,UPI,Paid,5,P005,14999,14249.05
PAY002396,SUB02396,2024-05-08,PayPal,Paid,0,P001,0,0.0
PAY002397,SUB02397,2025-08-18,PayPal,Paid,0,P002,499,499.0
PAY002398,SUB02398,2025-02-04,Credit Card,Paid,5,P003,999,949.05
PAY002399,SUB02399,2025-01-15,UPI,Paid,5,P002,499,474.05
PAY002400,SUB02400,2026-03-11,UPI,Paid,5,P002,499,474.05
PAY002401,SUB02401,2024-07-25,UPI,Paid,0,P003,999,999.0
PAY002402,SUB02402,2025-03-04,UPI,Refunded,10,P004,4999,4499.1
PAY002403,SUB02403,2025-04-25,Credit Card,Paid,15,P003,999,849.15
PAY002404,SUB02404,2026-05-20,UPI,Paid,5,P002,499,474.05
PAY002405,SUB02405,2026-05-07,Debit Card,Paid,10,P003,999,899.1
PAY002406,SUB02406,2025-05-30,Credit Card,Paid,15,P002,499,424.15
PAY002407,SUB02407,2025-10-24,UPI,Paid,5,P002,499,474.05
PAY002408,SUB02408,2025-08-22,Credit Card,Paid,10,P003,999,899.1
PAY002409,SUB02409,2024-05-28,PayPal,Paid,10,P004,4999,4499.1
PAY002410,SUB02410,2025-08-22,Debit Card,Paid,0,P003,999,999.0
PAY002411,SUB02411,2024-11-11,Credit Card,Paid,5,P003,999,949.05
PAY002412,SUB02412,2025-07-09,Net Banking,Paid,10,P002,499,449.1
PAY002413,SUB02413,2025-10-16,Debit Card,Paid,0,P003,999,999.0
PAY002414,SUB02414,2025-04-28,Net Banking,Paid,15,P001,0,0.0
PAY002415,SUB02415,2025-07-26,UPI,Paid,5,P005,14999,14249.05
PAY002416,SUB02416,2024-12-13,Net Banking,Paid,0,P004,4999,4999.0
PAY002417,SUB02417,2025-09-23,UPI,Paid,5,P003,999,949.05
PAY002418,SUB02418,2024-05-19,PayPal,Paid,0,P003,999,999.0
PAY002419,SUB02419,2024-10-11,UPI,Paid,10,P004,4999,4499.1
PAY002420,SUB02420,2026-04-18,PayPal,Paid,5,P003,999,949.05
PAY002421,SUB02421,2025-07-08,PayPal,Paid,15,P002,499,424.15
PAY002422,SUB02422,2026-07-14,UPI,Paid,5,P002,499,474.05
PAY002423,SUB02423,2024-02-08,PayPal,Paid,10,P003,999,899.1
PAY002424,SUB02424,2024-09-17,UPI,Paid,20,P004,4999,3999.2
PAY002425,SUB02425,2025-02-22,UPI,Paid,0,P002,499,499.0
PAY002426,SUB02426,2024-02-24,Credit Card,Paid,10,P002,499,449.1
PAY002427,SUB02427,2024-03-26,PayPal,Failed,0,P002,499,499.0
PAY002428,SUB02428,2024-04-11,Credit Card,Paid,10,P004,4999,4499.1
PAY002429,SUB02429,2025-12-02,Credit Card,Paid,5,P002,499,474.05
PAY002430,SUB02430,2025-01-01,Debit Card,Paid,15,P002,499,424.15
PAY002431,SUB02431,2025-05-09,PayPal,Paid,15,P003,999,849.15
PAY002432,SUB02432,2024-11-02,Net Banking,Paid,0,P003,999,999.0
PAY002433,SUB02433,2024-11-23,UPI,Paid,0,P001,0,0.0
PAY002434,SUB02434,2024-10-14,UPI,Paid,5,P001,0,0.0
PAY002435,SUB02435,2026-06-07,UPI,Paid,5,P003,999,949.05
PAY002436,SUB02436,2025-04-09,Debit Card,Failed,0,P003,999,999.0
PAY002437,SUB02437,2024-08-08,UPI,Failed,0,P005,14999,14999.0
PAY002438,SUB02438,2024-03-29,UPI,Paid,5,P003,999,949.05
PAY002439,SUB02439,2025-02-21,Net Banking,Paid,0,P001,0,0.0
PAY002440,SUB02440,2025-10-16,UPI,Paid,15,P003,999,849.15
PAY002441,SUB02441,2024-02-24,Credit Card,Paid,10,P002,499,449.1
PAY002442,SUB02442,2025-05-13,Credit Card,Paid,10,P001,0,0.0
PAY002443,SUB02443,2026-05-24,UPI,Paid,0,P004,4999,4999.0
PAY002444,SUB02444,2025-06-02,Credit Card,Paid,0,P004,4999,4999.0
PAY002445,SUB02445,2024-12-05,Credit Card,Refunded,5,P002,499,474.05
PAY002446,SUB02446,2024-04-22,Net Banking,Paid,20,P002,499,399.2
PAY002447,SUB02447,2025-01-04,UPI,Paid,0,P001,0,0.0
PAY002448,SUB02448,2026-01-20,Credit Card,Paid,0,P002,499,499.0
PAY002449,SUB02449,2025-04-16,Net Banking,Paid,0,P003,999,999.0
PAY002450,SUB02450,2024-02-13,Net Banking,Paid,10,P002,499,449.1
PAY002451,SUB02451,2026-01-09,Net Banking,Paid,5,P005,14999,14249.05
PAY002452,SUB02452,2025-01-30,PayPal,Refunded,0,P001,0,0.0
PAY002453,SUB02453,2024-10-03,Net Banking,Paid,5,P003,999,949.05
PAY002454,SUB02454,2026-04-19,Credit Card,Paid,10,P004,4999,4499.1
PAY002455,SUB02455,2024-05-09,Net Banking,Paid,5,P003,999,949.05
PAY002456,SUB02456,2024-07-26,Credit Card,Paid,10,P001,0,0.0
PAY002457,SUB02457,2025-07-03,UPI,Paid,10,P002,499,449.1
PAY002458,SUB02458,2024-10-22,UPI,Paid,10,P002,499,449.1
PAY002459,SUB02459,2025-04-16,UPI,Paid,5,P005,14999,14249.05
PAY002460,SUB02460,2024-04-20,UPI,Paid,15,P004,4999,4249.15
PAY002461,SUB02461,2024-11-16,UPI,Paid,15,P005,14999,12749.15
PAY002462,SUB02462,2024-02-07,UPI,Paid,0,P004,4999,4999.0
PAY002463,SUB02463,2025-09-09,Net Banking,Refunded,0,P002,499,499.0
PAY002464,SUB02464,2024-04-20,PayPal,Paid,10,P004,4999,4499.1
PAY002465,SUB02465,2025-04-06,Credit Card,Paid,0,P005,14999,14999.0
PAY002466,SUB02466,2024-11-16,Net Banking,Paid,15,P002,499,424.15
PAY002467,SUB02467,2025-03-05,UPI,Paid,0,P002,499,499.0
PAY002468,SUB02468,2026-01-15,PayPal,Paid,15,P003,999,849.15
PAY002469,SUB02469,2025-10-05,Credit Card,Paid,5,P002,499,474.05
PAY002470,SUB02470,2026-01-08,UPI,Paid,10,P001,0,0.0
PAY002471,SUB02471,2025-10-02,UPI,Paid,0,P005,14999,14999.0
PAY002472,SUB02472,2025-05-19,UPI,Paid,20,P004,4999,3999.2
PAY002473,SUB02473,2024-09-12,UPI,Paid,0,P002,499,499.0
PAY002474,SUB02474,2025-11-24,UPI,Paid,0,P002,499,499.0
PAY002475,SUB02475,2025-08-26,UPI,Paid,0,P004,4999,4999.0
PAY002476,SUB02476,2025-02-09,UPI,Paid,15,P003,999,849.15
PAY002477,SUB02477,2025-06-15,UPI,Paid,5,P002,499,474.05
PAY002478,SUB02478,2024-08-17,PayPal,Paid,10,P003,999,899.1
PAY002479,SUB02479,2025-02-05,UPI,Paid,10,P004,4999,4499.1
PAY002480,SUB02480,2024-01-22,UPI,Paid,15,P004,4999,4249.15
PAY002481,SUB02481,2026-03-30,Debit Card,Paid,10,P002,499,449.1
PAY002482,SUB02482,2025-06-23,Net Banking,Paid,5,P002,499,474.05
PAY002483,SUB02483,2024-12-24,Credit Card,Paid,10,P004,4999,4499.1
PAY002484,SUB02484,2026-01-14,Net Banking,Paid,10,P001,0,0.0
PAY002485,SUB02485,2024-07-25,UPI,Paid,0,P003,999,999.0
PAY002486,SUB02486,2024-05-01,UPI,Paid,0,P001,0,0.0
PAY002487,SUB02487,2025-10-26,UPI,Paid,0,P002,499,499.0
PAY002488,SUB02488,2026-04-03,Debit Card,Failed,0,P002,499,499.0
PAY002489,SUB02489,2026-03-22,Credit Card,Paid,5,P002,499,474.05
PAY002490,SUB02490,2025-02-19,Debit Card,Paid,5,P004,4999,4749.05
PAY002491,SUB02491,2025-06-27,UPI,Paid,20,P001,0,0.0
PAY002492,SUB02492,2026-04-27,Debit Card,Paid,0,P004,4999,4999.0
PAY002493,SUB02493,2024-09-18,UPI,Paid,10,P004,4999,4499.1
PAY002494,SUB02494,2025-09-29,Credit Card,Paid,5,P002,499,474.05
PAY002495,SUB02495,2025-09-20,Credit Card,Paid,0,P003,999,999.0
PAY002496,SUB02496,2024-11-30,Debit Card,Paid,5,P002,499,474.05
PAY002497,SUB02497,2025-12-17,UPI,Paid,20,P004,4999,3999.2
PAY002498,SUB02498,2024-07-14,Net Banking,Paid,0,P003,999,999.0
PAY002499,SUB02499,2026-05-26,Debit Card,Paid,5,P002,499,474.05
PAY002500,SUB02500,2025-01-04,UPI,Paid,0,P002,499,499.0
PAY002501,SUB02501,2024-04-07,PayPal,Paid,0,P003,999,999.0
PAY002502,SUB02502,2025-10-21,Debit Card,Paid,5,P004,4999,4749.05
PAY002503,SUB02503,2025-11-04,Credit Card,Paid,10,P001,0,0.0
PAY002504,SUB02504,2025-06-07,UPI,Paid,10,P003,999,899.1
PAY002505,SUB02505,2025-07-01,Credit Card,Paid,5,P002,499,474.05
PAY002506,SUB02506,2024-07-24,UPI,Paid,15,P004,4999,4249.15
PAY002507,SUB02507,2026-04-29,Credit Card,Paid,0,P001,0,0.0
PAY002508,SUB02508,2024-12-17,Credit Card,Paid,10,P003,999,899.1
PAY002509,SUB02509,2025-05-07,Debit Card,Paid,5,P002,499,474.05
PAY002510,SUB02510,2024-08-14,UPI,Paid,15,P003,999,849.15
PAY002511,SUB02511,2024-03-15,Net Banking,Paid,10,P004,4999,4499.1
PAY002512,SUB02512,2025-10-24,UPI,Paid,15,P004,4999,4249.15
PAY002513,SUB02513,2025-09-24,Credit Card,Paid,0,P004,4999,4999.0
PAY002514,SUB02514,2025-07-23,Net Banking,Refunded,10,P003,999,899.1
PAY002515,SUB02515,2025-11-01,Debit Card,Paid,10,P004,4999,4499.1
PAY002516,SUB02516,2026-07-02,UPI,Paid,10,P003,999,899.1
PAY002517,SUB02517,2024-08-12,Credit Card,Paid,5,P004,4999,4749.05
PAY002518,SUB02518,2026-03-31,UPI,Refunded,0,P003,999,999.0
PAY002519,SUB02519,2025-05-18,Credit Card,Paid,0,P003,999,999.0
PAY002520,SUB02520,2024-05-15,UPI,Paid,0,P002,499,499.0
PAY002521,SUB02521,2026-05-19,Debit Card,Failed,15,P003,999,849.15
PAY002522,SUB02522,2024-03-07,Credit Card,Paid,10,P001,0,0.0
PAY002523,SUB02523,2025-04-21,UPI,Paid,0,P004,4999,4999.0
PAY002524,SUB02524,2024-03-03,UPI,Paid,15,P003,999,849.15
PAY002525,SUB02525,2024-02-15,UPI,Paid,0,P005,14999,14999.0
PAY002526,SUB02526,2024-03-08,Credit Card,Paid,0,P001,0,0.0
PAY002527,SUB02527,2026-04-03,Credit Card,Paid,0,P002,499,499.0
PAY002528,SUB02528,2025-07-17,Credit Card,Paid,15,P004,4999,4249.15
PAY002529,SUB02529,2025-11-10,Net Banking,Paid,10,P002,499,449.1
PAY002530,SUB02530,2026-01-13,UPI,Paid,0,P003,999,999.0
PAY002531,SUB02531,2026-05-08,PayPal,Paid,10,P004,4999,4499.1
PAY002532,SUB02532,2024-02-24,UPI,Paid,0,P003,999,999.0
PAY002533,SUB02533,2026-05-17,UPI,Paid,0,P002,499,499.0
PAY002534,SUB02534,2026-04-09,Debit Card,Paid,0,P004,4999,4999.0
PAY002535,SUB02535,2024-01-24,Net Banking,Paid,0,P001,0,0.0
PAY002536,SUB02536,2025-11-01,Credit Card,Paid,15,P004,4999,4249.15
PAY002537,SUB02537,2024-04-05,Debit Card,Paid,10,P001,0,0.0
PAY002538,SUB02538,2024-07-10,Net Banking,Failed,0,P003,999,999.0
PAY002539,SUB02539,2025-08-09,Net Banking,Paid,0,P001,0,0.0
PAY002540,SUB02540,2024-05-03,UPI,Paid,0,P003,999,999.0
PAY002541,SUB02541,2026-01-13,Net Banking,Paid,0,P001,0,0.0
PAY002542,SUB02542,2025-11-21,Net Banking,Paid,5,P004,4999,4749.05
PAY002543,SUB02543,2024-06-30,Debit Card,Paid,0,P003,999,999.0
PAY002544,SUB02544,2026-05-04,Net Banking,Refunded,10,P001,0,0.0
PAY002545,SUB02545,2024-12-13,PayPal,Paid,0,P003,999,999.0
PAY002546,SUB02546,2025-07-27,Credit Card,Paid,0,P003,999,999.0
PAY002547,SUB02547,2024-03-21,UPI,Refunded,15,P002,499,424.15
PAY002548,SUB02548,2026-07-13,Credit Card,Paid,0,P001,0,0.0
PAY002549,SUB02549,2025-04-03,UPI,Paid,0,P002,499,499.0
PAY002550,SUB02550,2025-03-24,UPI,Paid,0,P001,0,0.0
PAY002551,SUB02551,2025-03-27,Credit Card,Paid,0,P001,0,0.0
PAY002552,SUB02552,2025-01-23,UPI,Paid,0,P002,499,499.0
PAY002553,SUB02553,2025-05-14,Debit Card,Paid,0,P003,999,999.0
PAY002554,SUB02554,2026-01-06,Net Banking,Paid,15,P003,999,849.15
PAY002555,SUB02555,2024-07-18,Credit Card,Paid,10,P001,0,0.0
PAY002556,SUB02556,2025-07-18,PayPal,Paid,10,P005,14999,13499.1
PAY002557,SUB02557,2025-04-18,UPI,Paid,5,P004,4999,4749.05
PAY002558,SUB02558,2026-06-29,Net Banking,Failed,5,P002,499,474.05
PAY002559,SUB02559,2024-04-12,Net Banking,Paid,0,P001,0,0.0
PAY002560,SUB02560,2025-08-06,UPI,Paid,0,P005,14999,14999.0
PAY002561,SUB02561,2024-02-11,UPI,Paid,0,P003,999,999.0
PAY002562,SUB02562,2026-01-24,UPI,Paid,5,P002,499,474.05
PAY002563,SUB02563,2026-06-02,Net Banking,Failed,0,P003,999,999.0
PAY002564,SUB02564,2024-03-01,Net Banking,Paid,0,P004,4999,4999.0
PAY002565,SUB02565,2024-11-09,UPI,Paid,0,P002,499,499.0
PAY002566,SUB02566,2024-02-22,Credit Card,Paid,0,P004,4999,4999.0
PAY002567,SUB02567,2025-10-23,UPI,Paid,0,P003,999,999.0
PAY002568,SUB02568,2025-08-23,Credit Card,Paid,0,P003,999,999.0
PAY002569,SUB02569,2026-07-14,PayPal,Paid,0,P004,4999,4999.0
PAY002570,SUB02570,2025-10-11,UPI,Paid,0,P001,0,0.0
PAY002571,SUB02571,2024-07-30,PayPal,Paid,0,P003,999,999.0
PAY002572,SUB02572,2026-01-25,Net Banking,Paid,0,P002,499,499.0
PAY002573,SUB02573,2024-04-04,PayPal,Paid,0,P002,499,499.0
PAY002574,SUB02574,2024-09-14,UPI,Paid,10,P002,499,449.1
PAY002575,SUB02575,2025-05-06,UPI,Paid,0,P002,499,499.0
PAY002576,SUB02576,2025-06-19,UPI,Paid,0,P001,0,0.0
PAY002577,SUB02577,2024-05-06,Debit Card,Paid,0,P002,499,499.0
PAY002578,SUB02578,2026-06-03,Debit Card,Paid,0,P002,499,499.0
PAY002579,SUB02579,2024-09-21,UPI,Paid,0,P003,999,999.0
PAY002580,SUB02580,2024-10-05,Net Banking,Paid,20,P001,0,0.0
PAY002581,SUB02581,2024-06-04,UPI,Paid,10,P003,999,899.1
PAY002582,SUB02582,2024-04-18,UPI,Paid,0,P002,499,499.0
PAY002583,SUB02583,2025-08-28,Credit Card,Paid,5,P001,0,0.0
PAY002584,SUB02584,2025-04-12,UPI,Paid,0,P002,499,499.0
PAY002585,SUB02585,2025-12-05,UPI,Paid,0,P002,499,499.0
PAY002586,SUB02586,2024-10-31,Credit Card,Paid,10,P003,999,899.1
PAY002587,SUB02587,2025-02-20,Net Banking,Paid,0,P002,499,499.0
PAY002588,SUB02588,2024-11-27,Net Banking,Paid,0,P005,14999,14999.0
PAY002589,SUB02589,2024-04-15,Credit Card,Paid,5,P005,14999,14249.05
PAY002590,SUB02590,2025-01-15,Debit Card,Paid,5,P002,499,474.05
PAY002591,SUB02591,2026-05-21,Credit Card,Paid,20,P004,4999,3999.2
PAY002592,SUB02592,2025-09-30,UPI,Paid,10,P001,0,0.0
PAY002593,SUB02593,2025-12-16,Debit Card,Paid,10,P003,999,899.1
PAY002594,SUB02594,2025-09-14,Debit Card,Paid,0,P003,999,999.0
PAY002595,SUB02595,2025-07-01,Debit Card,Paid,0,P002,499,499.0
PAY002596,SUB02596,2025-09-14,Debit Card,Paid,10,P001,0,0.0
PAY002597,SUB02597,2024-10-22,Debit Card,Paid,20,P002,499,399.2
PAY002598,SUB02598,2024-05-30,Credit Card,Paid,0,P002,499,499.0
PAY002599,SUB02599,2025-03-04,Net Banking,Paid,20,P003,999,799.2
PAY002600,SUB02600,2026-04-13,UPI,Paid,0,P002,499,499.0
PAY002601,SUB02601,2024-01-09,Net Banking,Paid,0,P002,499,499.0
PAY002602,SUB02602,2024-05-06,UPI,Paid,0,P003,999,999.0
PAY002603,SUB02603,2026-05-16,UPI,Paid,5,P004,4999,4749.05
PAY002604,SUB02604,2025-09-13,Debit Card,Paid,10,P001,0,0.0
PAY002605,SUB02605,2024-07-17,Credit Card,Paid,0,P004,4999,4999.0
PAY002606,SUB02606,2024-01-15,Net Banking,Paid,15,P003,999,849.15
PAY002607,SUB02607,2025-05-09,Credit Card,Failed,5,P003,999,949.05
PAY002608,SUB02608,2025-09-19,Debit Card,Paid,5,P003,999,949.05
PAY002609,SUB02609,2024-07-21,UPI,Paid,10,P003,999,899.1
PAY002610,SUB02610,2024-09-22,UPI,Paid,0,P002,499,499.0
PAY002611,SUB02611,2026-05-26,Credit Card,Paid,10,P003,999,899.1
PAY002612,SUB02612,2025-06-23,Debit Card,Paid,0,P005,14999,14999.0
PAY002613,SUB02613,2025-05-01,Debit Card,Paid,0,P003,999,999.0
PAY002614,SUB02614,2025-02-24,Credit Card,Paid,5,P001,0,0.0
PAY002615,SUB02615,2025-05-18,PayPal,Paid,15,P001,0,0.0
PAY002616,SUB02616,2024-08-31,Debit Card,Paid,5,P005,14999,14249.05
PAY002617,SUB02617,2024-06-30,PayPal,Paid,5,P001,0,0.0
PAY002618,SUB02618,2026-01-15,UPI,Paid,10,P001,0,0.0
PAY002619,SUB02619,2025-01-26,UPI,Paid,0,P002,499,499.0
PAY002620,SUB02620,2025-06-13,UPI,Paid,10,P005,14999,13499.1
PAY002621,SUB02621,2025-08-06,UPI,Paid,0,P002,499,499.0
PAY002622,SUB02622,2026-03-15,Credit Card,Paid,0,P002,499,499.0
PAY002623,SUB02623,2026-02-05,Credit Card,Paid,0,P003,999,999.0
PAY002624,SUB02624,2024-09-27,Credit Card,Paid,0,P001,0,0.0
PAY002625,SUB02625,2024-05-25,Debit Card,Paid,0,P004,4999,4999.0
PAY002626,SUB02626,2024-05-06,PayPal,Paid,0,P003,999,999.0
PAY002627,SUB02627,2026-03-28,Net Banking,Paid,0,P003,999,999.0
PAY002628,SUB02628,2026-04-06,UPI,Paid,10,P004,4999,4499.1
PAY002629,SUB02629,2026-01-04,UPI,Paid,5,P005,14999,14249.05
PAY002630,SUB02630,2024-02-06,UPI,Paid,5,P002,499,474.05
PAY002631,SUB02631,2024-08-19,UPI,Paid,0,P002,499,499.0
PAY002632,SUB02632,2024-11-28,Credit Card,Paid,10,P004,4999,4499.1
PAY002633,SUB02633,2024-09-11,Credit Card,Paid,0,P002,499,499.0
PAY002634,SUB02634,2025-05-15,UPI,Paid,5,P005,14999,14249.05
PAY002635,SUB02635,2025-02-12,Debit Card,Paid,0,P005,14999,14999.0
PAY002636,SUB02636,2025-02-22,Debit Card,Paid,5,P001,0,0.0
PAY002637,SUB02637,2024-09-29,UPI,Paid,0,P005,14999,14999.0
PAY002638,SUB02638,2025-02-26,Credit Card,Paid,10,P002,499,449.1
PAY002639,SUB02639,2025-12-18,Net Banking,Paid,15,P003,999,849.15
PAY002640,SUB02640,2024-08-03,Credit Card,Paid,10,P001,0,0.0
PAY002641,SUB02641,2025-04-11,UPI,Paid,0,P004,4999,4999.0
PAY002642,SUB02642,2024-11-19,UPI,Paid,0,P003,999,999.0
PAY002643,SUB02643,2024-03-21,UPI,Paid,15,P003,999,849.15
PAY002644,SUB02644,2024-07-20,UPI,Paid,0,P004,4999,4999.0
PAY002645,SUB02645,2025-12-02,Net Banking,Paid,15,P003,999,849.15
PAY002646,SUB02646,2025-12-15,UPI,Paid,0,P002,499,499.0
PAY002647,SUB02647,2024-01-17,UPI,Paid,20,P004,4999,3999.2
PAY002648,SUB02648,2026-05-25,UPI,Paid,15,P003,999,849.15
PAY002649,SUB02649,2024-09-21,Net Banking,Paid,10,P005,14999,13499.1
PAY002650,SUB02650,2024-02-03,UPI,Paid,0,P005,14999,14999.0
PAY002651,SUB02651,2024-04-21,UPI,Paid,0,P002,499,499.0
PAY002652,SUB02652,2024-02-09,Credit Card,Paid,15,P002,499,424.15
PAY002653,SUB02653,2025-03-12,Credit Card,Paid,15,P002,499,424.15
PAY002654,SUB02654,2024-10-08,UPI,Paid,0,P003,999,999.0
PAY002655,SUB02655,2024-02-21,UPI,Paid,0,P002,499,499.0
PAY002656,SUB02656,2024-01-28,Net Banking,Paid,10,P004,4999,4499.1
PAY002657,SUB02657,2025-11-21,PayPal,Paid,5,P001,0,0.0
PAY002658,SUB02658,2024-10-14,UPI,Paid,10,P001,0,0.0
PAY002659,SUB02659,2025-11-10,UPI,Paid,10,P002,499,449.1
PAY002660,SUB02660,2025-08-21,UPI,Paid,15,P001,0,0.0
PAY002661,SUB02661,2026-05-02,Net Banking,Paid,0,P003,999,999.0
PAY002662,SUB02662,2025-03-18,Credit Card,Paid,0,P001,0,0.0
PAY002663,SUB02663,2024-05-24,Net Banking,Paid,0,P002,499,499.0
PAY002664,SUB02664,2025-01-08,Debit Card,Paid,15,P001,0,0.0
PAY002665,SUB02665,2026-01-14,PayPal,Paid,5,P004,4999,4749.05
PAY002666,SUB02666,2026-02-18,Net Banking,Paid,0,P004,4999,4999.0
PAY002667,SUB02667,2025-08-05,Net Banking,Paid,0,P002,499,499.0
PAY002668,SUB02668,2024-05-09,Credit Card,Paid,0,P003,999,999.0
PAY002669,SUB02669,2025-02-20,UPI,Paid,10,P002,499,449.1
PAY002670,SUB02670,2024-07-28,Credit Card,Paid,10,P002,499,449.1
PAY002671,SUB02671,2025-01-29,Credit Card,Paid,10,P003,999,899.1
PAY002672,SUB02672,2024-10-01,Debit Card,Paid,0,P002,499,499.0
PAY002673,SUB02673,2025-03-25,UPI,Paid,15,P004,4999,4249.15
PAY002674,SUB02674,2024-10-18,Debit Card,Paid,0,P001,0,0.0
PAY002675,SUB02675,2024-04-29,Credit Card,Paid,5,P005,14999,14249.05
PAY002676,SUB02676,2026-04-25,Debit Card,Refunded,0,P001,0,0.0
PAY002677,SUB02677,2025-05-07,UPI,Paid,0,P003,999,999.0
PAY002678,SUB02678,2026-02-04,Credit Card,Paid,0,P004,4999,4999.0
PAY002679,SUB02679,2025-11-21,UPI,Paid,5,P001,0,0.0
PAY002680,SUB02680,2025-02-14,Net Banking,Paid,5,P003,999,949.05
PAY002681,SUB02681,2024-06-17,Credit Card,Paid,0,P002,499,499.0
PAY002682,SUB02682,2024-02-21,UPI,Failed,0,P003,999,999.0
PAY002683,SUB02683,2024-07-26,UPI,Paid,15,P002,499,424.15
PAY002684,SUB02684,2025-08-22,Debit Card,Paid,0,P001,0,0.0
PAY002685,SUB02685,2025-06-05,UPI,Paid,0,P003,999,999.0
PAY002686,SUB02686,2026-03-22,PayPal,Paid,0,P002,499,499.0
PAY002687,SUB02687,2024-10-16,Credit Card,Paid,10,P003,999,899.1
PAY002688,SUB02688,2024-09-08,UPI,Paid,0,P002,499,499.0
PAY002689,SUB02689,2024-10-20,Debit Card,Paid,20,P002,499,399.2
PAY002690,SUB02690,2025-07-12,UPI,Paid,0,P003,999,999.0
PAY002691,SUB02691,2025-10-23,Net Banking,Paid,0,P003,999,999.0
PAY002692,SUB02692,2024-10-19,UPI,Paid,0,P002,499,499.0
PAY002693,SUB02693,2026-02-08,PayPal,Failed,10,P002,499,449.1
PAY002694,SUB02694,2026-04-04,Debit Card,Paid,0,P002,499,499.0
PAY002695,SUB02695,2024-04-21,Net Banking,Paid,5,P002,499,474.05
PAY002696,SUB02696,2024-03-15,UPI,Paid,0,P002,499,499.0
PAY002697,SUB02697,2025-02-08,UPI,Paid,0,P002,499,499.0
PAY002698,SUB02698,2024-07-31,Debit Card,Paid,15,P003,999,849.15
PAY002699,SUB02699,2024-11-14,Debit Card,Paid,10,P003,999,899.1
PAY002700,SUB02700,2024-02-19,UPI,Paid,0,P002,499,499.0
PAY002701,SUB02701,2024-12-22,Credit Card,Paid,5,P002,499,474.05
PAY002702,SUB02702,2025-10-29,UPI,Paid,5,P002,499,474.05
PAY002703,SUB02703,2024-04-20,Debit Card,Paid,0,P003,999,999.0
PAY002704,SUB02704,2026-05-25,UPI,Paid,5,P004,4999,4749.05
PAY002705,SUB02705,2025-09-15,UPI,Paid,0,P003,999,999.0
PAY002706,SUB02706,2024-10-02,UPI,Paid,5,P003,999,949.05
PAY002707,SUB02707,2025-12-24,Credit Card,Paid,10,P004,4999,4499.1
PAY002708,SUB02708,2025-10-14,UPI,Paid,0,P002,499,499.0
PAY002709,SUB02709,2025-09-10,PayPal,Paid,0,P001,0,0.0
PAY002710,SUB02710,2025-07-12,UPI,Paid,0,P003,999,999.0
PAY002711,SUB02711,2024-03-28,PayPal,Paid,20,P002,499,399.2
PAY002712,SUB02712,2024-04-01,Credit Card,Paid,10,P003,999,899.1
PAY002713,SUB02713,2026-06-22,Credit Card,Paid,0,P003,999,999.0
PAY002714,SUB02714,2026-05-14,UPI,Paid,0,P004,4999,4999.0
PAY002715,SUB02715,2026-04-29,Debit Card,Paid,0,P002,499,499.0
PAY002716,SUB02716,2025-07-31,Debit Card,Paid,5,P003,999,949.05
PAY002717,SUB02717,2025-08-11,Credit Card,Paid,5,P003,999,949.05
PAY002718,SUB02718,2026-06-26,UPI,Failed,20,P004,4999,3999.2
PAY002719,SUB02719,2024-05-18,PayPal,Paid,0,P004,4999,4999.0
PAY002720,SUB02720,2024-09-17,PayPal,Paid,5,P005,14999,14249.05
PAY002721,SUB02721,2024-09-12,Credit Card,Paid,10,P001,0,0.0
PAY002722,SUB02722,2025-05-29,Debit Card,Failed,10,P002,499,449.1
PAY002723,SUB02723,2024-06-10,Credit Card,Paid,0,P002,499,499.0
PAY002724,SUB02724,2026-06-08,UPI,Failed,10,P001,0,0.0
PAY002725,SUB02725,2025-04-16,UPI,Paid,0,P004,4999,4999.0
PAY002726,SUB02726,2025-01-03,Credit Card,Paid,0,P005,14999,14999.0
PAY002727,SUB02727,2025-09-17,Net Banking,Paid,15,P002,499,424.15
PAY002728,SUB02728,2025-05-15,UPI,Paid,15,P001,0,0.0
PAY002729,SUB02729,2026-03-30,Credit Card,Paid,10,P002,499,449.1
PAY002730,SUB02730,2024-05-26,Net Banking,Failed,0,P004,4999,4999.0
PAY002731,SUB02731,2024-03-02,UPI,Paid,10,P002,499,449.1
PAY002732,SUB02732,2024-10-04,UPI,Paid,0,P001,0,0.0
PAY002733,SUB02733,2024-04-24,Net Banking,Failed,0,P001,0,0.0
PAY002734,SUB02734,2026-04-30,UPI,Paid,10,P002,499,449.1
PAY002735,SUB02735,2024-09-28,UPI,Paid,0,P005,14999,14999.0
PAY002736,SUB02736,2026-04-22,Credit Card,Paid,20,P002,499,399.2
PAY002737,SUB02737,2025-07-21,Credit Card,Paid,0,P002,499,499.0
PAY002738,SUB02738,2025-02-21,Net Banking,Paid,0,P001,0,0.0
PAY002739,SUB02739,2024-09-02,Debit Card,Paid,10,P003,999,899.1
PAY002740,SUB02740,2026-07-13,Credit Card,Paid,10,P003,999,899.1
PAY002741,SUB02741,2025-09-01,Credit Card,Refunded,5,P002,499,474.05
PAY002742,SUB02742,2025-03-28,PayPal,Paid,0,P002,499,499.0
PAY002743,SUB02743,2024-05-28,UPI,Paid,10,P004,4999,4499.1
PAY002744,SUB02744,2024-10-12,UPI,Refunded,0,P001,0,0.0
PAY002745,SUB02745,2024-04-04,PayPal,Paid,0,P003,999,999.0
PAY002746,SUB02746,2025-04-29,PayPal,Paid,5,P002,499,474.05
PAY002747,SUB02747,2024-07-08,UPI,Paid,0,P002,499,499.0
PAY002748,SUB02748,2024-05-18,UPI,Paid,20,P003,999,799.2
PAY002749,SUB02749,2024-07-08,Credit Card,Paid,5,P004,4999,4749.05
PAY002750,SUB02750,2024-02-05,UPI,Paid,20,P003,999,799.2
PAY002751,SUB02751,2025-07-29,Debit Card,Paid,0,P001,0,0.0
PAY002752,SUB02752,2025-06-12,UPI,Paid,20,P003,999,799.2
PAY002753,SUB02753,2025-05-03,UPI,Paid,0,P003,999,999.0
PAY002754,SUB02754,2026-06-10,Credit Card,Paid,0,P003,999,999.0
PAY002755,SUB02755,2025-08-24,PayPal,Failed,0,P003,999,999.0
PAY002756,SUB02756,2025-02-25,Credit Card,Paid,5,P001,0,0.0
PAY002757,SUB02757,2024-02-18,Credit Card,Paid,0,P003,999,999.0
PAY002758,SUB02758,2024-03-31,PayPal,Paid,5,P003,999,949.05
PAY002759,SUB02759,2025-01-19,Credit Card,Paid,0,P002,499,499.0
PAY002760,SUB02760,2025-01-01,Credit Card,Paid,0,P003,999,999.0
PAY002761,SUB02761,2024-03-09,Credit Card,Paid,5,P002,499,474.05
PAY002762,SUB02762,2025-07-31,UPI,Paid,0,P002,499,499.0
PAY002763,SUB02763,2025-10-18,Credit Card,Paid,10,P005,14999,13499.1
PAY002764,SUB02764,2024-11-01,Credit Card,Paid,5,P002,499,474.05
PAY002765,SUB02765,2026-03-19,UPI,Failed,15,P002,499,424.15
PAY002766,SUB02766,2026-06-18,UPI,Paid,0,P003,999,999.0
PAY002767,SUB02767,2026-04-19,UPI,Paid,20,P005,14999,11999.2
PAY002768,SUB02768,2026-03-26,Credit Card,Paid,5,P005,14999,14249.05
PAY002769,SUB02769,2024-07-29,UPI,Paid,20,P003,999,799.2
PAY002770,SUB02770,2025-05-03,UPI,Paid,0,P001,0,0.0
PAY002771,SUB02771,2026-03-15,PayPal,Paid,10,P004,4999,4499.1
PAY002772,SUB02772,2025-11-07,Credit Card,Paid,10,P003,999,899.1
PAY002773,SUB02773,2026-06-17,UPI,Paid,0,P002,499,499.0
PAY002774,SUB02774,2024-09-06,Debit Card,Paid,5,P004,4999,4749.05
PAY002775,SUB02775,2025-04-26,UPI,Paid,10,P002,499,449.1
PAY002776,SUB02776,2025-02-09,Debit Card,Paid,5,P001,0,0.0
PAY002777,SUB02777,2025-10-20,Debit Card,Paid,0,P004,4999,4999.0
PAY002778,SUB02778,2024-10-14,Debit Card,Paid,10,P003,999,899.1
PAY002779,SUB02779,2026-05-12,Debit Card,Paid,0,P002,499,499.0
PAY002780,SUB02780,2024-05-21,UPI,Paid,10,P002,499,449.1
PAY002781,SUB02781,2024-06-26,Debit Card,Paid,0,P003,999,999.0
PAY002782,SUB02782,2025-02-19,UPI,Paid,0,P002,499,499.0
PAY002783,SUB02783,2024-01-29,UPI,Paid,0,P002,499,499.0
PAY002784,SUB02784,2024-05-19,PayPal,Paid,5,P003,999,949.05
PAY002785,SUB02785,2025-02-19,Credit Card,Paid,20,P004,4999,3999.2
PAY002786,SUB02786,2026-07-04,PayPal,Paid,0,P003,999,999.0
PAY002787,SUB02787,2025-06-17,UPI,Paid,0,P004,4999,4999.0
PAY002788,SUB02788,2024-09-24,Credit Card,Paid,0,P004,4999,4999.0
PAY002789,SUB02789,2026-05-20,UPI,Paid,10,P003,999,899.1
PAY002790,SUB02790,2025-04-01,Debit Card,Paid,5,P002,499,474.05
PAY002791,SUB02791,2025-03-28,UPI,Paid,0,P004,4999,4999.0
PAY002792,SUB02792,2024-08-16,UPI,Paid,5,P002,499,474.05
PAY002793,SUB02793,2025-06-15,UPI,Paid,0,P001,0,0.0
PAY002794,SUB02794,2026-03-16,Debit Card,Paid,0,P002,499,499.0
PAY002795,SUB02795,2024-11-26,UPI,Paid,0,P004,4999,4999.0
PAY002796,SUB02796,2024-02-06,Net Banking,Failed,10,P001,0,0.0
PAY002797,SUB02797,2024-01-31,UPI,Paid,15,P001,0,0.0
PAY002798,SUB02798,2025-01-15,UPI,Paid,10,P003,999,899.1
PAY002799,SUB02799,2024-07-21,Credit Card,Paid,0,P004,4999,4999.0
PAY002800,SUB02800,2025-09-16,PayPal,Paid,5,P003,999,949.05
PAY002801,SUB02801,2026-05-14,UPI,Paid,0,P002,499,499.0
PAY002802,SUB02802,2024-11-29,UPI,Paid,10,P001,0,0.0
PAY002803,SUB02803,2025-11-01,Net Banking,Paid,5,P003,999,949.05
PAY002804,SUB02804,2026-01-03,UPI,Paid,15,P001,0,0.0
PAY002805,SUB02805,2024-09-07,Debit Card,Failed,0,P003,999,999.0
PAY002806,SUB02806,2024-06-10,UPI,Paid,10,P002,499,449.1
PAY002807,SUB02807,2024-12-21,Credit Card,Paid,10,P004,4999,4499.1
PAY002808,SUB02808,2024-12-20,UPI,Paid,0,P003,999,999.0
PAY002809,SUB02809,2024-09-21,Credit Card,Paid,10,P002,499,449.1
PAY002810,SUB02810,2025-02-04,Net Banking,Paid,15,P004,4999,4249.15
PAY002811,SUB02811,2024-12-11,Net Banking,Paid,15,P002,499,424.15
PAY002812,SUB02812,2024-06-25,Credit Card,Paid,10,P002,499,449.1
PAY002813,SUB02813,2024-05-16,PayPal,Paid,0,P004,4999,4999.0
PAY002814,SUB02814,2026-02-27,UPI,Paid,15,P002,499,424.15
PAY002815,SUB02815,2025-02-08,UPI,Paid,10,P002,499,449.1
PAY002816,SUB02816,2024-05-24,Debit Card,Paid,0,P002,499,499.0
PAY002817,SUB02817,2025-08-07,Debit Card,Paid,0,P001,0,0.0
PAY002818,SUB02818,2025-09-16,UPI,Paid,0,P001,0,0.0
PAY002819,SUB02819,2026-06-18,Debit Card,Paid,0,P003,999,999.0
PAY002820,SUB02820,2026-04-11,Credit Card,Paid,10,P003,999,899.1
PAY002821,SUB02821,2026-07-11,Debit Card,Paid,0,P002,499,499.0
PAY002822,SUB02822,2025-03-02,Net Banking,Paid,0,P002,499,499.0
PAY002823,SUB02823,2026-01-28,Credit Card,Paid,0,P005,14999,14999.0
PAY002824,SUB02824,2026-04-27,UPI,Paid,5,P005,14999,14249.05
PAY002825,SUB02825,2024-12-05,Debit Card,Paid,0,P003,999,999.0
PAY002826,SUB02826,2024-02-02,Debit Card,Failed,0,P004,4999,4999.0
PAY002827,SUB02827,2024-08-06,UPI,Refunded,0,P003,999,999.0
PAY002828,SUB02828,2025-09-02,Credit Card,Refunded,10,P002,499,449.1
PAY002829,SUB02829,2025-01-08,PayPal,Paid,0,P001,0,0.0
PAY002830,SUB02830,2024-07-01,UPI,Failed,5,P001,0,0.0
PAY002831,SUB02831,2024-07-13,UPI,Paid,0,P004,4999,4999.0
PAY002832,SUB02832,2026-04-14,UPI,Paid,0,P003,999,999.0
PAY002833,SUB02833,2024-01-20,Credit Card,Failed,0,P003,999,999.0
PAY002834,SUB02834,2026-06-17,PayPal,Failed,0,P001,0,0.0
PAY002835,SUB02835,2024-07-03,Debit Card,Paid,0,P003,999,999.0
PAY002836,SUB02836,2025-01-14,UPI,Paid,0,P004,4999,4999.0
PAY002837,SUB02837,2025-06-29,Debit Card,Paid,0,P004,4999,4999.0
PAY002838,SUB02838,2026-05-26,Debit Card,Paid,10,P001,0,0.0
PAY002839,SUB02839,2025-08-07,Credit Card,Paid,0,P003,999,999.0
PAY002840,SUB02840,2025-01-24,UPI,Paid,15,P001,0,0.0
PAY002841,SUB02841,2025-12-07,Debit Card,Paid,10,P003,999,899.1
PAY002842,SUB02842,2025-08-30,Credit Card,Paid,10,P003,999,899.1
PAY002843,SUB02843,2025-03-24,UPI,Paid,0,P001,0,0.0
PAY002844,SUB02844,2024-08-12,Credit Card,Failed,10,P004,4999,4499.1
PAY002845,SUB02845,2024-02-26,PayPal,Paid,0,P001,0,0.0
PAY002846,SUB02846,2025-07-15,UPI,Paid,0,P004,4999,4999.0
PAY002847,SUB02847,2026-04-30,PayPal,Paid,0,P002,499,499.0
PAY002848,SUB02848,2025-11-12,UPI,Paid,15,P003,999,849.15
PAY002849,SUB02849,2024-05-30,Debit Card,Paid,0,P004,4999,4999.0
PAY002850,SUB02850,2025-04-15,UPI,Paid,15,P002,499,424.15
PAY002851,SUB02851,2025-10-02,UPI,Failed,0,P003,999,999.0
PAY002852,SUB02852,2024-03-01,Credit Card,Paid,15,P003,999,849.15
PAY002853,SUB02853,2026-04-05,Credit Card,Paid,15,P002,499,424.15
PAY002854,SUB02854,2024-08-08,Net Banking,Paid,15,P003,999,849.15
PAY002855,SUB02855,2026-04-17,Debit Card,Paid,5,P003,999,949.05
PAY002856,SUB02856,2024-03-30,Credit Card,Paid,15,P004,4999,4249.15
PAY002857,SUB02857,2025-01-26,PayPal,Paid,20,P004,4999,3999.2
PAY002858,SUB02858,2026-04-27,Credit Card,Paid,0,P003,999,999.0
PAY002859,SUB02859,2025-07-07,UPI,Paid,0,P003,999,999.0
PAY002860,SUB02860,2024-12-17,UPI,Paid,10,P004,4999,4499.1
PAY002861,SUB02861,2025-06-06,Credit Card,Paid,0,P003,999,999.0
PAY002862,SUB02862,2025-10-17,Debit Card,Failed,10,P001,0,0.0
PAY002863,SUB02863,2024-09-23,UPI,Paid,0,P002,499,499.0
PAY002864,SUB02864,2024-11-01,UPI,Paid,5,P004,4999,4749.05
PAY002865,SUB02865,2025-08-07,UPI,Paid,0,P003,999,999.0
PAY002866,SUB02866,2025-03-21,Credit Card,Paid,0,P003,999,999.0
PAY002867,SUB02867,2024-05-19,UPI,Paid,0,P002,499,499.0
PAY002868,SUB02868,2024-10-24,UPI,Paid,10,P005,14999,13499.1
PAY002869,SUB02869,2026-02-04,Credit Card,Paid,0,P002,499,499.0
PAY002870,SUB02870,2024-07-22,Net Banking,Paid,10,P003,999,899.1
PAY002871,SUB02871,2024-06-12,UPI,Paid,10,P001,0,0.0
PAY002872,SUB02872,2025-09-20,Credit Card,Paid,5,P001,0,0.0
PAY002873,SUB02873,2025-10-24,UPI,Paid,0,P004,4999,4999.0
PAY002874,SUB02874,2025-11-24,PayPal,Refunded,0,P005,14999,14999.0
PAY002875,SUB02875,2025-09-09,UPI,Paid,5,P002,499,474.05
PAY002876,SUB02876,2026-04-29,PayPal,Paid,0,P001,0,0.0
PAY002877,SUB02877,2026-04-19,PayPal,Paid,5,P002,499,474.05
PAY002878,SUB02878,2026-05-11,Net Banking,Paid,20,P001,0,0.0
PAY002879,SUB02879,2024-12-31,UPI,Paid,0,P002,499,499.0
PAY002880,SUB02880,2025-08-20,Credit Card,Paid,5,P004,4999,4749.05
PAY002881,SUB02881,2026-05-04,UPI,Refunded,20,P005,14999,11999.2
PAY002882,SUB02882,2024-12-01,Net Banking,Paid,15,P001,0,0.0
PAY002883,SUB02883,2025-07-28,Net Banking,Paid,15,P003,999,849.15
PAY002884,SUB02884,2026-05-06,PayPal,Paid,10,P002,499,449.1
PAY002885,SUB02885,2026-06-24,Debit Card,Paid,0,P001,0,0.0
PAY002886,SUB02886,2024-09-16,Credit Card,Paid,15,P002,499,424.15
PAY002887,SUB02887,2024-11-16,Credit Card,Paid,15,P003,999,849.15
PAY002888,SUB02888,2025-10-23,Credit Card,Paid,5,P001,0,0.0
PAY002889,SUB02889,2025-12-27,Credit Card,Failed,0,P002,499,499.0
PAY002890,SUB02890,2024-06-18,Debit Card,Paid,0,P001,0,0.0
PAY002891,SUB02891,2024-06-25,PayPal,Paid,0,P002,499,499.0
PAY002892,SUB02892,2026-03-26,Credit Card,Failed,0,P002,499,499.0
PAY002893,SUB02893,2024-06-03,Net Banking,Paid,5,P004,4999,4749.05
PAY002894,SUB02894,2025-11-11,Net Banking,Paid,5,P003,999,949.05
PAY002895,SUB02895,2024-02-13,Credit Card,Paid,5,P004,4999,4749.05
PAY002896,SUB02896,2024-10-02,UPI,Refunded,0,P002,499,499.0
PAY002897,SUB02897,2024-03-10,Debit Card,Paid,10,P002,499,449.1
PAY002898,SUB02898,2024-08-16,Credit Card,Paid,0,P002,499,499.0
PAY002899,SUB02899,2024-04-06,UPI,Paid,0,P001,0,0.0
PAY002900,SUB02900,2024-06-11,Credit Card,Paid,5,P003,999,949.05
PAY002901,SUB02901,2024-05-26,PayPal,Paid,0,P002,499,499.0
PAY002902,SUB02902,2025-08-20,UPI,Paid,0,P002,499,499.0
PAY002903,SUB02903,2024-08-27,Debit Card,Failed,0,P003,999,999.0
PAY002904,SUB02904,2026-02-24,Net Banking,Paid,10,P002,499,449.1
PAY002905,SUB02905,2025-08-12,Debit Card,Paid,5,P005,14999,14249.05
PAY002906,SUB02906,2025-03-30,Credit Card,Paid,0,P002,499,499.0
PAY002907,SUB02907,2025-01-31,Debit Card,Paid,0,P003,999,999.0
PAY002908,SUB02908,2024-04-19,Credit Card,Failed,5,P002,499,474.05
PAY002909,SUB02909,2025-09-18,UPI,Paid,15,P005,14999,12749.15
PAY002910,SUB02910,2026-04-20,PayPal,Paid,5,P002,499,474.05
PAY002911,SUB02911,2024-05-02,Credit Card,Paid,10,P003,999,899.1
PAY002912,SUB02912,2024-06-02,Debit Card,Paid,5,P001,0,0.0
PAY002913,SUB02913,2025-08-05,Credit Card,Paid,10,P003,999,899.1
PAY002914,SUB02914,2024-05-21,UPI,Paid,15,P002,499,424.15
PAY002915,SUB02915,2024-07-24,PayPal,Paid,10,P002,499,449.1
PAY002916,SUB02916,2026-06-06,Net Banking,Paid,15,P004,4999,4249.15
PAY002917,SUB02917,2025-05-30,UPI,Paid,0,P005,14999,14999.0
PAY002918,SUB02918,2025-11-15,PayPal,Paid,15,P002,499,424.15
PAY002919,SUB02919,2024-04-04,Debit Card,Paid,5,P004,4999,4749.05
PAY002920,SUB02920,2026-07-07,Credit Card,Paid,15,P001,0,0.0
PAY002921,SUB02921,2025-05-18,Debit Card,Paid,0,P004,4999,4999.0
PAY002922,SUB02922,2025-06-07,UPI,Failed,10,P003,999,899.1
PAY002923,SUB02923,2024-09-16,Credit Card,Paid,10,P003,999,899.1
PAY002924,SUB02924,2026-06-28,UPI,Paid,0,P004,4999,4999.0
PAY002925,SUB02925,2025-09-07,Credit Card,Paid,10,P004,4999,4499.1
PAY002926,SUB02926,2026-04-11,Credit Card,Paid,10,P002,499,449.1
PAY002927,SUB02927,2026-02-18,Net Banking,Paid,0,P004,4999,4999.0
PAY002928,SUB02928,2025-09-06,Debit Card,Paid,0,P001,0,0.0
PAY002929,SUB02929,2025-05-06,UPI,Paid,5,P004,4999,4749.05
PAY002930,SUB02930,2026-04-18,Net Banking,Paid,5,P003,999,949.05
PAY002931,SUB02931,2024-07-19,Credit Card,Paid,0,P001,0,0.0
PAY002932,SUB02932,2026-05-21,Debit Card,Paid,0,P003,999,999.0
PAY002933,SUB02933,2024-02-07,UPI,Paid,0,P003,999,999.0
PAY002934,SUB02934,2026-01-14,Net Banking,Paid,0,P003,999,999.0
PAY002935,SUB02935,2024-11-09,PayPal,Failed,0,P002,499,499.0
PAY002936,SUB02936,2025-02-21,Net Banking,Paid,10,P002,499,449.1
PAY002937,SUB02937,2026-04-08,PayPal,Paid,5,P004,4999,4749.05
PAY002938,SUB02938,2025-05-20,UPI,Paid,10,P002,499,449.1
PAY002939,SUB02939,2024-08-21,Net Banking,Paid,0,P002,499,499.0
PAY002940,SUB02940,2024-08-30,Credit Card,Paid,5,P003,999,949.05
PAY002941,SUB02941,2025-02-15,UPI,Paid,0,P001,0,0.0
PAY002942,SUB02942,2024-09-12,Debit Card,Paid,10,P003,999,899.1
PAY002943,SUB02943,2026-06-22,Debit Card,Paid,10,P003,999,899.1
PAY002944,SUB02944,2024-03-16,UPI,Paid,15,P003,999,849.15
PAY002945,SUB02945,2024-01-16,UPI,Refunded,0,P002,499,499.0
PAY002946,SUB02946,2024-11-27,UPI,Paid,10,P002,499,449.1
PAY002947,SUB02947,2025-03-28,Credit Card,Paid,5,P002,499,474.05
PAY002948,SUB02948,2024-04-26,UPI,Paid,10,P004,4999,4499.1
PAY002949,SUB02949,2025-11-29,UPI,Paid,5,P001,0,0.0
PAY002950,SUB02950,2026-06-17,Credit Card,Paid,5,P005,14999,14249.05
PAY002951,SUB02951,2024-01-20,PayPal,Paid,0,P003,999,999.0
PAY002952,SUB02952,2025-08-12,Net Banking,Failed,10,P004,4999,4499.1
PAY002953,SUB02953,2026-05-03,UPI,Paid,0,P002,499,499.0
PAY002954,SUB02954,2026-02-01,PayPal,Paid,0,P002,499,499.0
PAY002955,SUB02955,2024-09-02,Debit Card,Paid,0,P004,4999,4999.0
PAY002956,SUB02956,2025-04-20,Credit Card,Paid,20,P001,0,0.0
PAY002957,SUB02957,2025-01-24,Credit Card,Paid,0,P001,0,0.0
PAY002958,SUB02958,2025-01-03,Credit Card,Paid,15,P002,499,424.15
PAY002959,SUB02959,2025-12-02,UPI,Failed,20,P005,14999,11999.2
PAY002960,SUB02960,2024-11-06,Credit Card,Paid,15,P003,999,849.15
PAY002961,SUB02961,2025-09-01,Credit Card,Paid,15,P003,999,849.15
PAY002962,SUB02962,2024-04-25,Credit Card,Refunded,15,P003,999,849.15
PAY002963,SUB02963,2024-01-24,Net Banking,Paid,0,P002,499,499.0
PAY002964,SUB02964,2024-06-22,Credit Card,Paid,0,P004,4999,4999.0
PAY002965,SUB02965,2025-05-02,Debit Card,Paid,5,P002,499,474.05
PAY002966,SUB02966,2025-10-10,Credit Card,Paid,5,P004,4999,4749.05
PAY002967,SUB02967,2025-12-27,PayPal,Paid,0,P002,499,499.0
PAY002968,SUB02968,2025-10-17,Credit Card,Paid,10,P002,499,449.1
PAY002969,SUB02969,2024-05-07,PayPal,Paid,5,P003,999,949.05
PAY002970,SUB02970,2025-06-03,Net Banking,Paid,15,P002,499,424.15
PAY002971,SUB02971,2024-06-26,Debit Card,Failed,5,P003,999,949.05
PAY002972,SUB02972,2024-02-27,Debit Card,Paid,5,P002,499,474.05
PAY002973,SUB02973,2025-02-14,UPI,Paid,0,P002,499,499.0
PAY002974,SUB02974,2024-06-12,PayPal,Paid,5,P003,999,949.05
PAY002975,SUB02975,2026-04-22,UPI,Paid,20,P003,999,799.2
PAY002976,SUB02976,2024-05-30,Credit Card,Paid,0,P001,0,0.0
PAY002977,SUB02977,2024-06-23,UPI,Paid,0,P003,999,999.0
PAY002978,SUB02978,2024-10-21,Credit Card,Paid,10,P002,499,449.1
PAY002979,SUB02979,2025-12-15,Debit Card,Paid,0,P002,499,499.0
PAY002980,SUB02980,2024-04-13,PayPal,Paid,0,P002,499,499.0
PAY002981,SUB02981,2026-04-16,Credit Card,Paid,0,P005,14999,14999.0
PAY002982,SUB02982,2024-03-12,PayPal,Paid,0,P003,999,999.0
PAY002983,SUB02983,2025-12-22,Credit Card,Paid,0,P002,499,499.0
PAY002984,SUB02984,2025-07-24,UPI,Paid,15,P003,999,849.15
PAY002985,SUB02985,2024-12-08,UPI,Paid,5,P004,4999,4749.05
PAY002986,SUB02986,2025-07-12,Debit Card,Paid,0,P002,499,499.0
PAY002987,SUB02987,2025-09-02,UPI,Paid,0,P004,4999,4999.0
PAY002988,SUB02988,2026-02-01,Credit Card,Refunded,0,P002,499,499.0
PAY002989,SUB02989,2024-06-12,UPI,Paid,15,P004,4999,4249.15
PAY002990,SUB02990,2024-09-05,Credit Card,Paid,0,P003,999,999.0
PAY002991,SUB02991,2026-06-12,Debit Card,Paid,20,P002,499,399.2
PAY002992,SUB02992,2025-06-18,Credit Card,Paid,0,P002,499,499.0
PAY002993,SUB02993,2024-08-23,UPI,Paid,10,P005,14999,13499.1
PAY002994,SUB02994,2024-11-30,UPI,Failed,0,P004,4999,4999.0
PAY002995,SUB02995,2025-08-24,Credit Card,Paid,0,P003,999,999.0
PAY002996,SUB02996,2024-07-08,UPI,Paid,0,P001,0,0.0
PAY002997,SUB02997,2026-03-09,Credit Card,Paid,5,P002,499,474.05
PAY002998,SUB02998,2024-08-25,Debit Card,Paid,0,P002,499,499.0
PAY002999,SUB02999,2024-02-11,UPI,Paid,0,P001,0,0.0
PAY003000,SUB03000,2025-11-04,Credit Card,Paid,10,P003,999,899.1
