Subscription_ID,Customer_ID,Plan_ID,Start_Date,End_Date,Status,Auto_Renewal
SUB00001,CUST01780,P001,2024-05-11,2024-08-12,Paused,Yes
SUB00002,CUST01027,P001,2024-08-13,2024-10-23,Churned,No
SUB00003,CUST01661,P004,2024-11-03,,Active,Yes
SUB00004,CUST01292,P001,2025-04-19,,Active,Yes
SUB00005,CUST00596,P005,2026-06-24,,Active,Yes
SUB00006,CUST01040,P001,2024-08-09,,Active,Yes
SUB00007,CUST01358,P004,2024-06-21,2024-09-01,Churned,Yes
SUB00008,CUST01488,P004,2024-12-05,2025-05-08,Paused,Yes
SUB00009,CUST01083,P005,2026-03-07,,Active,Yes
SUB00010,CUST01013,P004,2025-05-20,,Active,Yes
SUB00011,CUST00177,P002,2026-03-31,,Active,No
SUB00012,CUST00063,P002,2024-06-05,,Active,Yes
SUB00013,CUST00958,P002,2024-05-30,,Active,No
SUB00014,CUST01003,P001,2025-11-27,,Active,Yes
SUB00015,CUST00561,P001,2024-06-26,2025-08-22,Churned,Yes
SUB00016,CUST01331,P004,2025-06-16,,Active,Yes
SUB00017,CUST01270,P003,2024-04-21,2025-02-14,Paused,Yes
SUB00018,CUST01313,P003,2025-11-13,,Active,Yes
SUB00019,CUST01822,P004,2024-05-17,2025-05-28,Churned,No
SUB00020,CUST00955,P003,2024-08-20,,Active,Yes
SUB00021,CUST01356,P003,2024-11-27,2025-08-16,Churned,Yes
SUB00022,CUST01551,P004,2025-06-25,,Active,Yes
SUB00023,CUST00850,P001,2026-06-11,,Active,Yes
SUB00024,CUST01279,P002,2024-11-02,,Active,Yes
SUB00025,CUST00604,P005,2024-06-09,2024-11-17,Paused,No
SUB00026,CUST01534,P004,2025-02-05,,Active,No
SUB00027,CUST01815,P004,2025-08-12,,Active,Yes
SUB00028,CUST01742,P003,2024-10-04,,Active,Yes
SUB00029,CUST00606,P004,2024-11-15,,Active,Yes
SUB00030,CUST01761,P001,2025-06-16,2025-07-17,Churned,Yes
SUB00031,CUST01837,P001,2026-06-15,,Active,Yes
SUB00032,CUST00830,P002,2025-05-11,,Active,No
SUB00033,CUST01487,P003,2024-12-28,2025-05-21,Paused,No
SUB00034,CUST01223,P002,2025-01-06,2026-05-19,Churned,No
SUB00035,CUST01295,P002,2026-06-10,2026-07-10,Churned,Yes
SUB00036,CUST00746,P002,2025-10-16,,Active,Yes
SUB00037,CUST00558,P003,2024-02-05,,Active,Yes
SUB00038,CUST00064,P004,2024-10-29,,Active,Yes
SUB00039,CUST01254,P003,2025-03-13,2026-03-08,Churned,Yes
SUB00040,CUST00942,P001,2025-12-26,,Active,Yes
SUB00041,CUST01976,P003,2024-02-01,,Active,Yes
SUB00042,CUST00249,P003,2024-07-04,,Active,No
SUB00043,CUST01270,P003,2024-06-22,,Active,Yes
SUB00044,CUST00940,P002,2025-07-19,2025-10-21,Churned,No
SUB00045,CUST01611,P003,2025-11-03,,Active,Yes
SUB00046,CUST00157,P005,2024-09-06,,Active,Yes
SUB00047,CUST00735,P001,2026-02-01,2026-09-30,Paused,No
SUB00048,CUST01726,P002,2024-10-05,,Active,Yes
SUB00049,CUST00985,P002,2025-11-13,,Active,Yes
SUB00050,CUST01588,P003,2025-11-25,2026-09-30,Paused,Yes
SUB00051,CUST01974,P002,2024-01-02,2025-05-04,Paused,Yes
SUB00052,CUST01112,P002,2024-07-12,,Active,Yes
SUB00053,CUST01337,P002,2024-06-14,,Active,No
SUB00054,CUST01875,P005,2026-01-28,,Active,No
SUB00055,CUST01090,P003,2026-01-25,2026-06-28,Churned,Yes
SUB00056,CUST00662,P003,2024-04-19,2025-01-29,Churned,Yes
SUB00057,CUST01044,P004,2025-01-14,,Active,No
SUB00058,CUST00033,P001,2026-04-14,,Active,Yes
SUB00059,CUST01864,P004,2025-08-05,,Active,Yes
SUB00060,CUST01817,P003,2025-11-06,,Active,No
SUB00061,CUST00558,P002,2024-10-11,,Active,No
SUB00062,CUST00073,P004,2026-06-05,2026-09-30,Churned,No
SUB00063,CUST01890,P004,2025-02-24,,Active,Yes
SUB00064,CUST00825,P004,2024-04-22,,Active,Yes
SUB00065,CUST01367,P001,2024-08-15,,Active,No
SUB00066,CUST01157,P005,2025-04-15,,Active,Yes
SUB00067,CUST01079,P005,2026-03-23,,Active,No
SUB00068,CUST00061,P002,2025-06-11,,Active,Yes
SUB00069,CUST01881,P001,2025-05-10,,Active,No
SUB00070,CUST01544,P002,2024-01-31,,Active,Yes
SUB00071,CUST00272,P005,2024-06-10,,Active,Yes
SUB00072,CUST00246,P003,2026-03-28,2026-09-30,Churned,Yes
SUB00073,CUST01200,P002,2025-12-05,,Active,Yes
SUB00074,CUST00628,P002,2025-12-22,,Active,Yes
SUB00075,CUST01341,P002,2025-01-12,2025-07-03,Churned,Yes
SUB00076,CUST01807,P003,2025-03-21,,Active,No
SUB00077,CUST00705,P002,2026-01-13,2026-09-30,Paused,Yes
SUB00078,CUST00662,P005,2025-03-02,,Active,Yes
SUB00079,CUST01155,P003,2025-11-26,2026-08-28,Churned,Yes
SUB00080,CUST01126,P004,2025-05-18,2025-10-10,Paused,No
SUB00081,CUST00310,P002,2025-06-10,2026-07-21,Churned,Yes
SUB00082,CUST01806,P001,2026-03-27,,Active,Yes
SUB00083,CUST01316,P003,2025-12-21,,Active,No
SUB00084,CUST01746,P002,2025-11-14,,Active,Yes
SUB00085,CUST00495,P002,2026-02-16,,Active,Yes
SUB00086,CUST01385,P005,2025-06-15,2026-05-13,Churned,Yes
SUB00087,CUST00338,P002,2025-08-04,,Active,No
SUB00088,CUST00579,P002,2025-06-03,,Active,Yes
SUB00089,CUST00010,P002,2024-02-03,,Active,No
SUB00090,CUST00049,P002,2026-01-05,,Active,No
SUB00091,CUST01511,P005,2025-11-21,2026-03-20,Churned,Yes
SUB00092,CUST00623,P002,2026-01-27,2026-09-30,Churned,Yes
SUB00093,CUST01345,P002,2025-05-04,,Active,Yes
SUB00094,CUST00731,P003,2026-02-10,,Active,Yes
SUB00095,CUST01593,P002,2025-09-11,,Active,Yes
SUB00096,CUST00795,P002,2026-01-23,,Active,No
SUB00097,CUST00971,P002,2025-02-26,2025-05-08,Paused,Yes
SUB00098,CUST01649,P002,2025-04-12,2026-07-20,Churned,Yes
SUB00099,CUST00133,P001,2024-01-24,,Active,Yes
SUB00100,CUST01607,P001,2024-08-03,,Active,Yes
SUB00101,CUST00083,P004,2024-02-24,,Active,Yes
SUB00102,CUST00057,P001,2024-01-26,,Active,Yes
SUB00103,CUST00376,P004,2024-10-07,,Active,Yes
SUB00104,CUST00349,P004,2026-03-14,,Active,Yes
SUB00105,CUST00271,P003,2024-11-22,,Active,Yes
SUB00106,CUST01507,P002,2024-07-04,,Active,Yes
SUB00107,CUST00111,P001,2025-05-09,,Active,No
SUB00108,CUST00869,P003,2024-01-12,2024-03-16,Paused,No
SUB00109,CUST00887,P003,2025-10-02,2025-12-11,Churned,Yes
SUB00110,CUST00076,P003,2026-06-02,,Active,Yes
SUB00111,CUST01182,P001,2025-03-09,,Active,No
SUB00112,CUST01556,P004,2024-07-26,,Active,Yes
SUB00113,CUST01957,P001,2024-05-12,,Active,Yes
SUB00114,CUST01667,P002,2024-12-04,,Active,Yes
SUB00115,CUST00329,P002,2024-07-14,2025-07-19,Churned,Yes
SUB00116,CUST00122,P001,2024-09-18,,Active,Yes
SUB00117,CUST00041,P003,2024-10-08,,Active,Yes
SUB00118,CUST01191,P004,2025-01-03,,Active,No
SUB00119,CUST00922,P004,2024-04-12,2024-09-12,Paused,Yes
SUB00120,CUST00642,P004,2025-09-23,2025-12-18,Paused,Yes
SUB00121,CUST01047,P003,2024-07-01,,Active,No
SUB00122,CUST00279,P003,2025-02-26,,Active,No
SUB00123,CUST00763,P001,2024-01-09,,Active,No
SUB00124,CUST00469,P003,2025-07-10,,Active,No
SUB00125,CUST01424,P002,2024-08-31,,Active,Yes
SUB00126,CUST00009,P002,2026-02-20,,Active,No
SUB00127,CUST00013,P002,2025-09-15,,Active,Yes
SUB00128,CUST00924,P002,2025-07-20,,Active,Yes
SUB00129,CUST00923,P003,2025-01-27,,Active,Yes
SUB00130,CUST01843,P004,2025-06-10,2026-04-29,Churned,Yes
SUB00131,CUST01856,P002,2024-02-06,,Active,No
SUB00132,CUST01076,P005,2024-06-26,,Active,Yes
SUB00133,CUST01233,P004,2025-09-30,,Active,Yes
SUB00134,CUST01574,P003,2025-09-20,,Active,Yes
SUB00135,CUST01636,P003,2026-05-01,,Active,Yes
SUB00136,CUST01729,P001,2024-03-12,,Active,Yes
SUB00137,CUST01426,P004,2024-12-17,,Active,Yes
SUB00138,CUST01215,P003,2025-09-14,,Active,No
SUB00139,CUST01075,P005,2024-05-28,,Active,Yes
SUB00140,CUST01417,P003,2025-11-27,,Active,Yes
SUB00141,CUST00653,P004,2024-04-14,2025-08-12,Paused,Yes
SUB00142,CUST01704,P004,2025-10-20,,Active,Yes
SUB00143,CUST01847,P002,2024-08-08,,Active,Yes
SUB00144,CUST00621,P002,2026-04-05,,Active,Yes
SUB00145,CUST01743,P002,2026-05-12,2026-09-30,Churned,Yes
SUB00146,CUST01963,P003,2025-01-08,,Active,Yes
SUB00147,CUST01324,P002,2025-06-01,2025-10-04,Churned,Yes
SUB00148,CUST01646,P004,2024-09-16,2025-11-11,Churned,Yes
SUB00149,CUST00196,P003,2024-10-25,,Active,Yes
SUB00150,CUST00417,P005,2026-05-10,,Active,Yes
SUB00151,CUST00664,P004,2024-02-11,,Active,Yes
SUB00152,CUST01444,P003,2026-02-09,2026-09-30,Churned,No
SUB00153,CUST01779,P005,2026-06-15,,Active,Yes
SUB00154,CUST01664,P003,2025-05-06,,Active,Yes
SUB00155,CUST01641,P004,2025-03-14,,Active,Yes
SUB00156,CUST01546,P002,2026-02-21,,Active,Yes
SUB00157,CUST01380,P002,2024-02-16,,Active,Yes
SUB00158,CUST00148,P002,2024-03-25,,Active,No
SUB00159,CUST01001,P003,2025-11-16,,Active,No
SUB00160,CUST01389,P003,2024-02-27,,Active,No
SUB00161,CUST00364,P003,2025-12-11,,Active,No
SUB00162,CUST01995,P002,2024-07-27,2025-07-10,Paused,Yes
SUB00163,CUST01676,P004,2024-09-04,,Active,Yes
SUB00164,CUST01726,P003,2024-07-29,2025-08-05,Churned,Yes
SUB00165,CUST00402,P002,2024-02-08,,Active,No
SUB00166,CUST00606,P003,2024-09-08,,Active,Yes
SUB00167,CUST01516,P004,2025-10-04,2026-03-14,Churned,Yes
SUB00168,CUST00229,P005,2026-03-13,,Active,Yes
SUB00169,CUST01599,P003,2026-01-31,2026-08-24,Paused,No
SUB00170,CUST01876,P001,2025-02-16,2025-05-08,Churned,Yes
SUB00171,CUST00537,P002,2025-03-21,,Active,Yes
SUB00172,CUST00268,P003,2024-02-21,,Active,No
SUB00173,CUST01429,P004,2025-01-08,,Active,Yes
SUB00174,CUST01817,P002,2025-06-09,,Active,No
SUB00175,CUST01035,P005,2024-06-04,,Active,Yes
SUB00176,CUST01344,P003,2025-06-25,,Active,Yes
SUB00177,CUST01737,P005,2024-03-30,,Active,No
SUB00178,CUST00126,P001,2026-06-21,,Active,Yes
SUB00179,CUST00306,P004,2025-11-09,2026-01-15,Churned,Yes
SUB00180,CUST01726,P005,2024-12-16,2025-12-23,Churned,Yes
SUB00181,CUST01535,P005,2024-03-09,,Active,Yes
SUB00182,CUST01113,P001,2024-06-11,2024-07-15,Churned,Yes
SUB00183,CUST01379,P002,2024-08-29,,Active,Yes
SUB00184,CUST00628,P003,2025-05-09,,Active,Yes
SUB00185,CUST01376,P001,2025-01-17,,Active,No
SUB00186,CUST00689,P001,2024-02-21,,Active,Yes
SUB00187,CUST01038,P002,2025-10-15,,Active,Yes
SUB00188,CUST01281,P003,2024-03-03,2024-10-31,Churned,Yes
SUB00189,CUST01233,P003,2025-05-23,2025-10-19,Paused,Yes
SUB00190,CUST00281,P001,2024-10-18,,Active,No
SUB00191,CUST00443,P002,2024-03-31,2025-03-21,Churned,Yes
SUB00192,CUST01864,P003,2025-10-25,,Active,No
SUB00193,CUST00837,P003,2025-02-27,,Active,Yes
SUB00194,CUST00389,P001,2025-10-30,2026-09-30,Churned,Yes
SUB00195,CUST00617,P002,2026-03-31,,Active,Yes
SUB00196,CUST01507,P004,2024-12-30,,Active,Yes
SUB00197,CUST00147,P005,2024-05-29,,Active,Yes
SUB00198,CUST01303,P005,2026-04-19,,Active,Yes
SUB00199,CUST00521,P004,2024-09-27,,Active,Yes
SUB00200,CUST00630,P002,2026-05-30,,Active,No
SUB00201,CUST01630,P003,2025-08-03,,Active,Yes
SUB00202,CUST00434,P002,2024-04-25,,Active,Yes
SUB00203,CUST00144,P003,2025-12-04,,Active,Yes
SUB00204,CUST00289,P002,2025-05-30,,Active,Yes
SUB00205,CUST01410,P003,2025-08-09,2026-04-04,Churned,No
SUB00206,CUST00014,P003,2026-03-20,,Active,Yes
SUB00207,CUST00257,P001,2024-08-28,,Active,Yes
SUB00208,CUST01370,P004,2024-01-30,,Active,Yes
SUB00209,CUST01722,P001,2024-05-22,,Active,Yes
SUB00210,CUST01369,P002,2024-11-21,,Active,Yes
SUB00211,CUST01424,P001,2025-11-25,,Active,Yes
SUB00212,CUST01231,P002,2024-01-16,2024-09-18,Paused,No
SUB00213,CUST00858,P001,2024-04-20,,Active,Yes
SUB00214,CUST00943,P004,2026-05-21,,Active,Yes
SUB00215,CUST01196,P002,2025-12-13,,Active,Yes
SUB00216,CUST00464,P003,2024-04-16,,Active,Yes
SUB00217,CUST00270,P002,2025-01-13,,Active,No
SUB00218,CUST01245,P003,2024-06-10,,Active,No
SUB00219,CUST01176,P004,2024-10-09,2024-12-01,Churned,Yes
SUB00220,CUST00623,P003,2024-09-25,,Active,Yes
SUB00221,CUST01207,P003,2025-04-28,2026-05-04,Churned,Yes
SUB00222,CUST01423,P004,2025-10-28,,Active,Yes
SUB00223,CUST01875,P004,2024-03-13,,Active,Yes
SUB00224,CUST00072,P003,2024-07-15,,Active,No
SUB00225,CUST01442,P002,2024-08-30,,Active,Yes
SUB00226,CUST01922,P003,2025-08-20,2026-04-11,Paused,Yes
SUB00227,CUST01307,P003,2026-03-09,,Active,No
SUB00228,CUST00074,P003,2024-09-15,,Active,Yes
SUB00229,CUST00355,P004,2026-03-08,2026-09-30,Paused,No
SUB00230,CUST01751,P003,2024-05-28,2025-10-01,Churned,Yes
SUB00231,CUST00497,P004,2026-05-16,2026-09-30,Churned,No
SUB00232,CUST01352,P001,2025-01-24,2025-09-28,Paused,Yes
SUB00233,CUST00988,P001,2025-02-19,,Active,Yes
SUB00234,CUST01559,P002,2025-03-01,2025-10-27,Churned,Yes
SUB00235,CUST00580,P004,2025-12-02,,Active,Yes
SUB00236,CUST00910,P004,2024-08-04,2024-09-28,Churned,Yes
SUB00237,CUST01471,P003,2026-05-16,2026-09-30,Churned,No
SUB00238,CUST00373,P003,2024-03-26,,Active,No
SUB00239,CUST00362,P003,2024-08-03,2024-09-04,Churned,Yes
SUB00240,CUST00093,P005,2025-02-26,,Active,Yes
SUB00241,CUST01345,P004,2024-11-15,,Active,Yes
SUB00242,CUST00324,P003,2024-04-27,,Active,Yes
SUB00243,CUST00384,P003,2026-05-31,2026-07-01,Paused,Yes
SUB00244,CUST00575,P002,2025-02-18,,Active,No
SUB00245,CUST00736,P003,2025-08-21,,Active,Yes
SUB00246,CUST00737,P002,2024-02-09,,Active,Yes
SUB00247,CUST01905,P002,2024-06-09,2024-10-08,Paused,Yes
SUB00248,CUST00346,P004,2025-12-03,,Active,No
SUB00249,CUST01873,P003,2025-06-20,2025-07-21,Churned,Yes
SUB00250,CUST01127,P005,2025-02-23,2025-08-21,Churned,Yes
SUB00251,CUST01239,P002,2025-10-25,,Active,Yes
SUB00252,CUST01216,P003,2024-04-04,,Active,Yes
SUB00253,CUST01696,P002,2025-03-17,2025-06-25,Churned,Yes
SUB00254,CUST01908,P001,2025-07-11,2025-08-13,Paused,Yes
SUB00255,CUST00719,P002,2025-10-11,2025-12-17,Churned,Yes
SUB00256,CUST00781,P002,2025-04-10,,Active,Yes
SUB00257,CUST01020,P002,2024-10-14,2025-11-06,Churned,No
SUB00258,CUST01218,P002,2026-05-14,,Active,Yes
SUB00259,CUST01404,P002,2025-11-06,,Active,Yes
SUB00260,CUST01427,P003,2025-02-15,2026-06-27,Churned,Yes
SUB00261,CUST00664,P001,2025-02-03,,Active,Yes
SUB00262,CUST01773,P003,2025-06-11,2025-09-18,Churned,Yes
SUB00263,CUST00600,P004,2024-01-18,,Active,Yes
SUB00264,CUST00011,P003,2024-05-15,2024-12-31,Churned,Yes
SUB00265,CUST00187,P005,2025-04-08,,Active,No
SUB00266,CUST00726,P003,2026-01-28,,Active,No
SUB00267,CUST01039,P003,2024-09-04,2025-08-07,Churned,Yes
SUB00268,CUST00778,P002,2026-04-22,,Active,Yes
SUB00269,CUST01321,P004,2025-12-10,,Active,No
SUB00270,CUST00411,P004,2024-01-01,2024-10-08,Paused,Yes
SUB00271,CUST00956,P002,2025-12-02,,Active,Yes
SUB00272,CUST00585,P002,2025-01-15,2025-11-27,Paused,No
SUB00273,CUST01076,P002,2025-05-23,,Active,No
SUB00274,CUST01664,P003,2025-04-04,,Active,Yes
SUB00275,CUST01052,P002,2025-05-19,2026-08-01,Churned,Yes
SUB00276,CUST00577,P003,2026-03-16,,Active,Yes
SUB00277,CUST01041,P001,2025-04-20,,Active,No
SUB00278,CUST01375,P004,2025-07-10,,Active,No
SUB00279,CUST01452,P002,2026-04-28,2026-09-30,Churned,Yes
SUB00280,CUST01674,P002,2026-06-15,,Active,No
SUB00281,CUST01855,P003,2024-02-01,,Active,Yes
SUB00282,CUST01253,P001,2026-06-22,,Active,Yes
SUB00283,CUST01790,P001,2024-04-27,,Active,No
SUB00284,CUST00989,P002,2026-03-18,,Active,Yes
SUB00285,CUST01234,P003,2024-07-02,,Active,Yes
SUB00286,CUST01455,P004,2024-07-09,,Active,Yes
SUB00287,CUST01318,P004,2026-01-16,,Active,Yes
SUB00288,CUST00743,P003,2026-01-19,,Active,Yes
SUB00289,CUST01777,P001,2025-12-28,,Active,Yes
SUB00290,CUST01606,P003,2024-03-14,,Active,No
SUB00291,CUST01128,P003,2025-09-14,2026-03-16,Churned,Yes
SUB00292,CUST00204,P002,2024-04-12,,Active,No
SUB00293,CUST01077,P001,2026-05-20,,Active,Yes
SUB00294,CUST00974,P002,2025-08-08,,Active,Yes
SUB00295,CUST00940,P004,2025-02-23,,Active,Yes
SUB00296,CUST01399,P002,2025-04-17,2026-07-02,Churned,No
SUB00297,CUST01866,P004,2026-02-02,2026-07-14,Paused,Yes
SUB00298,CUST01078,P002,2024-04-23,,Active,Yes
SUB00299,CUST01300,P002,2025-01-13,,Active,No
SUB00300,CUST01359,P002,2024-11-08,,Active,Yes
SUB00301,CUST01055,P003,2024-11-25,,Active,No
SUB00302,CUST01159,P001,2024-12-04,2026-01-08,Churned,No
SUB00303,CUST01082,P001,2024-08-25,,Active,Yes
SUB00304,CUST00105,P002,2024-06-21,,Active,Yes
SUB00305,CUST01290,P001,2024-03-19,,Active,Yes
SUB00306,CUST01546,P002,2025-04-08,2025-07-20,Churned,Yes
SUB00307,CUST01520,P005,2026-06-16,,Active,No
SUB00308,CUST00253,P003,2025-08-27,2026-06-26,Paused,No
SUB00309,CUST00295,P003,2025-05-15,,Active,Yes
SUB00310,CUST00668,P002,2025-07-15,,Active,Yes
SUB00311,CUST01182,P002,2024-10-11,2025-08-07,Churned,Yes
SUB00312,CUST00549,P001,2024-08-10,,Active,Yes
SUB00313,CUST00631,P003,2025-08-15,,Active,Yes
SUB00314,CUST01091,P003,2024-09-22,,Active,Yes
SUB00315,CUST01778,P002,2025-10-28,,Active,Yes
SUB00316,CUST00299,P004,2025-01-07,,Active,Yes
SUB00317,CUST01487,P003,2024-08-20,2025-03-22,Paused,Yes
SUB00318,CUST01749,P002,2026-06-29,,Active,Yes
SUB00319,CUST01844,P001,2026-04-07,2026-09-30,Churned,No
SUB00320,CUST00101,P003,2024-08-23,,Active,Yes
SUB00321,CUST01080,P004,2025-11-01,,Active,No
SUB00322,CUST00332,P002,2026-04-07,,Active,Yes
SUB00323,CUST00836,P002,2026-02-01,2026-03-07,Paused,No
SUB00324,CUST01775,P003,2024-11-09,2025-09-27,Churned,No
SUB00325,CUST00393,P002,2026-03-23,2026-09-30,Churned,Yes
SUB00326,CUST01767,P003,2025-01-14,,Active,Yes
SUB00327,CUST00874,P003,2026-03-04,,Active,No
SUB00328,CUST00381,P001,2025-09-05,,Active,Yes
SUB00329,CUST00092,P001,2025-07-16,2025-11-08,Paused,No
SUB00330,CUST01815,P003,2025-02-23,,Active,No
SUB00331,CUST00447,P002,2024-02-21,,Active,Yes
SUB00332,CUST00109,P001,2025-12-21,,Active,Yes
SUB00333,CUST00317,P004,2026-03-29,,Active,Yes
SUB00334,CUST01192,P002,2025-10-04,,Active,No
SUB00335,CUST01836,P003,2025-05-23,2026-01-21,Churned,Yes
SUB00336,CUST01944,P002,2026-02-20,,Active,Yes
SUB00337,CUST01459,P003,2024-07-23,2025-10-01,Churned,Yes
SUB00338,CUST00442,P002,2025-12-31,2026-09-30,Churned,Yes
SUB00339,CUST00218,P005,2024-09-13,,Active,Yes
SUB00340,CUST01246,P003,2024-07-03,,Active,Yes
SUB00341,CUST00673,P001,2024-05-24,,Active,Yes
SUB00342,CUST01552,P002,2025-11-20,2026-01-03,Paused,Yes
SUB00343,CUST00278,P002,2024-01-14,,Active,No
SUB00344,CUST01009,P003,2024-09-02,,Active,Yes
SUB00345,CUST00569,P004,2024-07-05,,Active,No
SUB00346,CUST01598,P003,2024-12-02,,Active,No
SUB00347,CUST01010,P001,2024-09-15,,Active,Yes
SUB00348,CUST00875,P003,2026-05-15,,Active,Yes
SUB00349,CUST00466,P001,2024-02-09,2024-12-07,Churned,Yes
SUB00350,CUST00839,P004,2025-08-23,2025-11-11,Churned,Yes
SUB00351,CUST00754,P003,2025-09-28,,Active,Yes
SUB00352,CUST01626,P002,2025-02-21,,Active,No
SUB00353,CUST01608,P002,2024-12-16,2025-09-24,Churned,Yes
SUB00354,CUST00838,P004,2024-01-09,,Active,No
SUB00355,CUST00030,P004,2024-12-15,2025-02-27,Churned,Yes
SUB00356,CUST00359,P002,2024-03-24,,Active,Yes
SUB00357,CUST01943,P002,2025-06-16,,Active,No
SUB00358,CUST01312,P003,2026-03-03,,Active,Yes
SUB00359,CUST00086,P001,2024-12-23,,Active,Yes
SUB00360,CUST01258,P001,2025-01-12,2025-08-20,Churned,Yes
SUB00361,CUST00747,P001,2024-06-20,,Active,Yes
SUB00362,CUST00313,P002,2024-01-25,,Active,Yes
SUB00363,CUST00365,P003,2025-01-27,,Active,Yes
SUB00364,CUST01801,P005,2024-04-12,2024-09-10,Churned,Yes
SUB00365,CUST01823,P003,2025-12-02,,Active,Yes
SUB00366,CUST01863,P001,2024-08-23,2025-11-07,Churned,No
SUB00367,CUST00905,P003,2025-02-13,,Active,Yes
SUB00368,CUST01293,P003,2026-04-04,,Active,Yes
SUB00369,CUST00698,P001,2025-07-02,2026-02-03,Churned,Yes
SUB00370,CUST00131,P004,2026-02-22,,Active,Yes
SUB00371,CUST00803,P002,2026-03-15,,Active,Yes
SUB00372,CUST00789,P005,2024-11-27,,Active,Yes
SUB00373,CUST01856,P002,2025-10-25,,Active,Yes
SUB00374,CUST00351,P003,2026-03-04,,Active,Yes
SUB00375,CUST00180,P001,2025-06-15,,Active,Yes
SUB00376,CUST01826,P003,2025-10-10,,Active,No
SUB00377,CUST01504,P002,2026-05-20,,Active,Yes
SUB00378,CUST01913,P004,2024-01-29,,Active,Yes
SUB00379,CUST01187,P004,2025-06-26,,Active,Yes
SUB00380,CUST01807,P004,2024-01-19,2024-09-18,Paused,Yes
SUB00381,CUST01912,P003,2024-05-27,2024-11-21,Churned,No
SUB00382,CUST01120,P004,2025-04-15,,Active,Yes
SUB00383,CUST00774,P002,2025-05-05,,Active,No
SUB00384,CUST00510,P003,2024-10-09,2025-04-26,Paused,Yes
SUB00385,CUST00365,P003,2026-05-11,,Active,Yes
SUB00386,CUST00981,P003,2026-05-02,,Active,No
SUB00387,CUST00353,P003,2026-03-22,2026-09-30,Churned,Yes
SUB00388,CUST00800,P002,2025-11-05,,Active,No
SUB00389,CUST01460,P001,2024-04-22,,Active,Yes
SUB00390,CUST01107,P004,2025-03-30,2026-07-25,Paused,Yes
SUB00391,CUST01249,P003,2025-10-23,,Active,Yes
SUB00392,CUST00412,P002,2024-11-25,,Active,Yes
SUB00393,CUST00735,P004,2024-09-11,,Active,Yes
SUB00394,CUST00981,P004,2025-08-21,,Active,Yes
SUB00395,CUST00118,P002,2025-02-02,2025-05-24,Churned,Yes
SUB00396,CUST00482,P004,2026-05-11,,Active,Yes
SUB00397,CUST00192,P005,2025-09-01,,Active,Yes
SUB00398,CUST00591,P005,2026-06-27,2026-09-30,Paused,No
SUB00399,CUST00590,P004,2025-05-22,,Active,Yes
SUB00400,CUST00659,P003,2025-10-05,,Active,Yes
SUB00401,CUST00107,P002,2025-04-10,,Active,Yes
SUB00402,CUST00382,P001,2026-04-03,,Active,No
SUB00403,CUST00783,P001,2025-02-10,,Active,Yes
SUB00404,CUST00390,P002,2025-08-31,2026-04-13,Paused,No
SUB00405,CUST00244,P002,2024-04-07,2025-01-07,Churned,No
SUB00406,CUST00585,P002,2024-10-16,,Active,Yes
SUB00407,CUST00869,P002,2026-05-17,,Active,Yes
SUB00408,CUST00468,P002,2026-01-08,,Active,No
SUB00409,CUST00866,P004,2025-10-18,,Active,Yes
SUB00410,CUST00934,P002,2024-06-04,,Active,Yes
SUB00411,CUST01562,P003,2026-02-20,2026-09-30,Paused,No
SUB00412,CUST01234,P003,2024-06-10,,Active,Yes
SUB00413,CUST00604,P001,2025-09-15,,Active,No
SUB00414,CUST01661,P005,2026-04-22,,Active,No
SUB00415,CUST01015,P003,2025-11-27,,Active,Yes
SUB00416,CUST01971,P002,2025-12-17,,Active,Yes
SUB00417,CUST01097,P002,2024-04-06,,Active,Yes
SUB00418,CUST01659,P002,2025-01-11,,Active,Yes
SUB00419,CUST01333,P001,2025-07-20,,Active,No
SUB00420,CUST01720,P002,2025-03-25,,Active,No
SUB00421,CUST01723,P003,2024-04-26,,Active,Yes
SUB00422,CUST01734,P004,2025-08-27,,Active,Yes
SUB00423,CUST01614,P003,2026-03-15,2026-09-30,Churned,Yes
SUB00424,CUST00860,P001,2025-12-16,,Active,No
SUB00425,CUST01210,P001,2026-03-04,,Active,Yes
SUB00426,CUST01880,P002,2025-05-20,,Active,No
SUB00427,CUST01277,P002,2024-07-07,2025-07-28,Churned,Yes
SUB00428,CUST00013,P001,2025-04-20,,Active,No
SUB00429,CUST00299,P004,2024-11-18,,Active,Yes
SUB00430,CUST01100,P001,2025-08-18,,Active,Yes
SUB00431,CUST01075,P004,2024-06-28,,Active,Yes
SUB00432,CUST00787,P001,2026-02-24,,Active,No
SUB00433,CUST00149,P005,2024-06-29,,Active,Yes
SUB00434,CUST01755,P003,2025-11-23,2026-01-31,Churned,Yes
SUB00435,CUST00122,P003,2026-03-05,,Active,Yes
SUB00436,CUST01235,P001,2024-10-13,,Active,Yes
SUB00437,CUST01304,P004,2025-04-19,,Active,Yes
SUB00438,CUST00538,P004,2025-09-09,,Active,Yes
SUB00439,CUST01709,P003,2025-10-02,,Active,Yes
SUB00440,CUST01180,P003,2024-09-18,2025-04-03,Churned,Yes
SUB00441,CUST01262,P003,2025-06-06,2025-08-17,Paused,Yes
SUB00442,CUST00376,P001,2024-06-10,,Active,No
SUB00443,CUST00082,P003,2025-05-01,,Active,Yes
SUB00444,CUST00492,P004,2024-06-29,,Active,Yes
SUB00445,CUST00356,P002,2025-12-25,,Active,Yes
SUB00446,CUST00925,P001,2025-04-13,,Active,Yes
SUB00447,CUST01297,P002,2026-02-24,2026-09-30,Churned,Yes
SUB00448,CUST01604,P003,2024-01-21,2024-09-17,Churned,No
SUB00449,CUST01068,P001,2024-10-01,,Active,No
SUB00450,CUST01005,P002,2024-09-16,,Active,Yes
SUB00451,CUST01597,P001,2024-11-28,,Active,Yes
SUB00452,CUST00123,P004,2025-04-10,,Active,Yes
SUB00453,CUST01373,P001,2024-04-25,,Active,No
SUB00454,CUST00708,P003,2025-02-16,,Active,No
SUB00455,CUST00330,P002,2025-06-20,,Active,Yes
SUB00456,CUST01433,P004,2026-04-24,,Active,Yes
SUB00457,CUST00991,P005,2026-02-04,,Active,No
SUB00458,CUST00323,P001,2025-12-23,2026-07-19,Churned,Yes
SUB00459,CUST01135,P002,2026-03-27,,Active,Yes
SUB00460,CUST00770,P004,2026-04-12,,Active,No
SUB00461,CUST01113,P002,2026-04-30,,Active,Yes
SUB00462,CUST00433,P002,2024-09-13,,Active,Yes
SUB00463,CUST00710,P004,2024-06-16,,Active,No
SUB00464,CUST00794,P005,2026-04-28,,Active,Yes
SUB00465,CUST00712,P003,2025-06-16,,Active,Yes
SUB00466,CUST01123,P002,2025-08-20,,Active,Yes
SUB00467,CUST00539,P002,2024-01-15,2025-05-15,Paused,Yes
SUB00468,CUST00601,P002,2024-02-19,,Active,Yes
SUB00469,CUST01170,P004,2024-10-30,,Active,Yes
SUB00470,CUST01718,P004,2025-05-01,,Active,Yes
SUB00471,CUST00257,P004,2025-02-19,,Active,No
SUB00472,CUST01213,P001,2024-10-31,2024-12-22,Churned,Yes
SUB00473,CUST01264,P003,2024-07-14,,Active,No
SUB00474,CUST00871,P002,2026-05-25,,Active,Yes
SUB00475,CUST00899,P002,2026-03-23,,Active,No
SUB00476,CUST01527,P004,2026-03-10,,Active,Yes
SUB00477,CUST01732,P002,2025-01-22,2025-05-26,Churned,Yes
SUB00478,CUST00809,P003,2026-01-26,,Active,Yes
SUB00479,CUST00677,P003,2026-05-14,,Active,Yes
SUB00480,CUST01843,P005,2025-03-30,2025-10-05,Churned,Yes
SUB00481,CUST00271,P004,2025-12-13,2026-09-12,Churned,Yes
SUB00482,CUST01544,P004,2025-12-05,,Active,No
SUB00483,CUST00550,P003,2026-04-27,,Active,No
SUB00484,CUST01138,P002,2025-10-19,,Active,No
SUB00485,CUST01363,P002,2024-11-05,,Active,Yes
SUB00486,CUST00568,P003,2024-05-06,2025-07-24,Paused,No
SUB00487,CUST01967,P003,2024-06-23,,Active,No
SUB00488,CUST00986,P003,2024-05-13,,Active,Yes
SUB00489,CUST00359,P002,2024-03-06,2024-04-21,Churned,Yes
SUB00490,CUST01674,P002,2025-01-27,,Active,Yes
SUB00491,CUST01638,P002,2024-12-30,,Active,Yes
SUB00492,CUST01358,P003,2024-10-05,2025-02-23,Paused,Yes
SUB00493,CUST01713,P003,2026-01-27,2026-06-08,Churned,Yes
SUB00494,CUST01193,P003,2024-12-28,2025-12-06,Churned,Yes
SUB00495,CUST01363,P002,2026-01-18,,Active,Yes
SUB00496,CUST00798,P002,2024-06-19,2024-10-12,Churned,Yes
SUB00497,CUST01285,P004,2024-02-20,,Active,No
SUB00498,CUST00887,P004,2024-11-23,,Active,No
SUB00499,CUST01759,P003,2026-05-20,2026-07-23,Paused,No
SUB00500,CUST01223,P003,2025-10-26,,Active,Yes
SUB00501,CUST00211,P002,2025-08-14,2025-10-12,Churned,Yes
SUB00502,CUST00287,P003,2024-05-24,,Active,Yes
SUB00503,CUST01716,P004,2024-09-30,,Active,Yes
SUB00504,CUST01786,P003,2024-06-03,2025-01-10,Churned,Yes
SUB00505,CUST00743,P003,2026-06-29,,Active,Yes
SUB00506,CUST01496,P003,2025-05-22,,Active,No
SUB00507,CUST01506,P003,2026-04-28,,Active,Yes
SUB00508,CUST01047,P003,2024-12-28,2026-04-08,Paused,Yes
SUB00509,CUST01584,P003,2024-11-20,,Active,Yes
SUB00510,CUST01133,P003,2026-04-27,,Active,Yes
SUB00511,CUST00296,P001,2025-10-16,,Active,Yes
SUB00512,CUST00006,P005,2024-10-24,2025-05-20,Paused,Yes
SUB00513,CUST00550,P004,2025-05-08,2025-09-18,Churned,Yes
SUB00514,CUST00681,P002,2025-06-29,2026-01-09,Churned,Yes
SUB00515,CUST01892,P003,2024-10-30,,Active,Yes
SUB00516,CUST00795,P001,2025-04-11,,Active,Yes
SUB00517,CUST00203,P001,2026-06-22,,Active,Yes
SUB00518,CUST00325,P002,2024-08-26,,Active,No
SUB00519,CUST00825,P003,2025-10-11,,Active,Yes
SUB00520,CUST01809,P004,2026-02-04,2026-07-05,Paused,Yes
SUB00521,CUST00244,P003,2025-05-31,2025-11-10,Churned,Yes
SUB00522,CUST00327,P003,2026-06-02,,Active,Yes
SUB00523,CUST00987,P002,2024-06-24,,Active,Yes
SUB00524,CUST01071,P002,2026-06-03,2026-09-30,Churned,Yes
SUB00525,CUST00761,P001,2025-02-13,,Active,Yes
SUB00526,CUST01615,P004,2025-12-26,,Active,Yes
SUB00527,CUST01646,P004,2024-12-29,,Active,Yes
SUB00528,CUST01037,P003,2024-01-23,,Active,No
SUB00529,CUST00907,P003,2024-11-13,2025-10-20,Churned,No
SUB00530,CUST01404,P004,2025-06-08,,Active,Yes
SUB00531,CUST00365,P001,2026-06-23,,Active,Yes
SUB00532,CUST01626,P004,2026-01-22,,Active,Yes
SUB00533,CUST01366,P003,2024-10-02,2025-06-12,Churned,Yes
SUB00534,CUST01884,P003,2025-08-26,,Active,Yes
SUB00535,CUST01816,P002,2025-09-11,,Active,Yes
SUB00536,CUST01245,P003,2024-08-16,2024-10-09,Paused,No
SUB00537,CUST00073,P004,2025-10-25,2026-09-30,Paused,Yes
SUB00538,CUST01770,P001,2024-04-17,2024-05-29,Paused,Yes
SUB00539,CUST01796,P003,2026-03-11,2026-09-30,Churned,Yes
SUB00540,CUST01649,P001,2024-06-24,,Active,Yes
SUB00541,CUST01070,P004,2024-11-15,,Active,No
SUB00542,CUST01528,P003,2024-10-12,,Active,Yes
SUB00543,CUST00274,P004,2026-05-25,,Active,No
SUB00544,CUST01579,P002,2024-11-24,2025-08-10,Paused,Yes
SUB00545,CUST00208,P001,2026-05-26,2026-09-30,Churned,Yes
SUB00546,CUST01953,P001,2026-01-22,2026-09-30,Churned,No
SUB00547,CUST01885,P002,2025-10-18,,Active,Yes
SUB00548,CUST01639,P002,2024-12-21,2026-02-01,Paused,Yes
SUB00549,CUST00124,P003,2024-01-14,2025-02-22,Churned,Yes
SUB00550,CUST01034,P001,2024-10-01,,Active,Yes
SUB00551,CUST01353,P003,2024-03-11,2025-05-03,Churned,Yes
SUB00552,CUST01211,P002,2026-04-06,,Active,No
SUB00553,CUST00543,P003,2024-07-13,,Active,No
SUB00554,CUST01692,P003,2026-05-14,,Active,Yes
SUB00555,CUST00060,P003,2026-03-22,,Active,Yes
SUB00556,CUST01785,P005,2026-05-28,,Active,Yes
SUB00557,CUST00899,P001,2025-06-06,,Active,No
SUB00558,CUST00886,P002,2024-04-15,2024-12-03,Paused,No
SUB00559,CUST01975,P002,2026-02-08,,Active,Yes
SUB00560,CUST00782,P002,2026-06-11,2026-09-30,Churned,Yes
SUB00561,CUST00442,P003,2024-07-14,,Active,Yes
SUB00562,CUST01241,P003,2024-05-24,,Active,Yes
SUB00563,CUST00911,P003,2026-01-01,,Active,Yes
SUB00564,CUST01026,P002,2024-12-15,,Active,Yes
SUB00565,CUST01560,P005,2025-02-27,,Active,Yes
SUB00566,CUST01742,P004,2025-04-15,,Active,No
SUB00567,CUST00832,P002,2025-11-16,,Active,No
SUB00568,CUST01008,P001,2024-08-03,,Active,No
SUB00569,CUST01735,P004,2024-04-02,2025-08-06,Churned,Yes
SUB00570,CUST01380,P005,2024-09-16,,Active,Yes
SUB00571,CUST00626,P002,2025-07-28,,Active,Yes
SUB00572,CUST01816,P002,2025-06-24,,Active,Yes
SUB00573,CUST01691,P005,2026-02-25,,Active,Yes
SUB00574,CUST01189,P003,2026-05-08,,Active,No
SUB00575,CUST00998,P002,2024-10-11,2025-11-09,Paused,Yes
SUB00576,CUST00734,P003,2025-04-28,2026-01-04,Churned,No
SUB00577,CUST00091,P005,2025-01-06,,Active,No
SUB00578,CUST00167,P004,2024-03-10,,Active,No
SUB00579,CUST00959,P003,2025-01-13,,Active,No
SUB00580,CUST00207,P003,2024-10-05,2025-02-15,Churned,Yes
SUB00581,CUST01306,P002,2026-01-12,,Active,No
SUB00582,CUST01089,P004,2024-10-28,,Active,Yes
SUB00583,CUST01912,P002,2024-09-11,2025-01-29,Churned,No
SUB00584,CUST00516,P005,2025-11-14,2026-09-30,Churned,Yes
SUB00585,CUST01181,P002,2025-11-22,2026-09-30,Churned,Yes
SUB00586,CUST01785,P004,2024-09-20,2024-12-27,Churned,Yes
SUB00587,CUST01793,P002,2025-11-25,2026-09-30,Paused,Yes
SUB00588,CUST00747,P003,2026-04-13,,Active,Yes
SUB00589,CUST00306,P001,2025-12-17,,Active,Yes
SUB00590,CUST01902,P003,2025-02-27,2025-12-11,Churned,No
SUB00591,CUST00395,P004,2026-01-30,,Active,Yes
SUB00592,CUST01098,P003,2024-07-31,2025-02-13,Paused,Yes
SUB00593,CUST00187,P003,2025-11-01,,Active,Yes
SUB00594,CUST01598,P001,2024-04-09,,Active,Yes
SUB00595,CUST01361,P005,2026-04-08,,Active,Yes
SUB00596,CUST01700,P003,2024-04-21,,Active,Yes
SUB00597,CUST01592,P003,2024-11-03,,Active,Yes
SUB00598,CUST00623,P004,2025-11-08,2026-09-26,Churned,Yes
SUB00599,CUST00730,P003,2025-04-19,,Active,Yes
SUB00600,CUST00240,P002,2025-07-01,2026-08-08,Churned,Yes
SUB00601,CUST00533,P003,2024-04-21,,Active,Yes
SUB00602,CUST00141,P003,2024-03-27,,Active,No
SUB00603,CUST01289,P004,2024-07-01,,Active,Yes
SUB00604,CUST00139,P004,2025-08-19,,Active,Yes
SUB00605,CUST00459,P001,2026-02-19,2026-05-08,Churned,Yes
SUB00606,CUST00070,P002,2024-06-13,2025-03-19,Churned,Yes
SUB00607,CUST00385,P001,2026-03-25,2026-09-30,Churned,Yes
SUB00608,CUST00630,P001,2024-03-30,2025-06-22,Paused,Yes
SUB00609,CUST00198,P003,2025-03-30,,Active,Yes
SUB00610,CUST00205,P004,2024-08-25,2024-12-07,Paused,No
SUB00611,CUST01750,P001,2025-06-17,2026-02-02,Churned,Yes
SUB00612,CUST00568,P003,2025-11-09,2026-09-30,Churned,No
SUB00613,CUST01823,P004,2025-12-27,,Active,Yes
SUB00614,CUST00982,P004,2024-02-27,2024-04-30,Paused,Yes
SUB00615,CUST00805,P003,2025-06-25,,Active,No
SUB00616,CUST01711,P004,2025-09-09,2026-08-18,Churned,No
SUB00617,CUST00859,P003,2025-02-05,,Active,Yes
SUB00618,CUST00882,P002,2026-04-21,,Active,No
SUB00619,CUST00974,P001,2025-11-09,,Active,Yes
SUB00620,CUST00640,P002,2026-05-11,,Active,Yes
SUB00621,CUST01455,P002,2025-10-27,,Active,Yes
SUB00622,CUST01914,P005,2026-04-18,2026-09-05,Churned,Yes
SUB00623,CUST00325,P004,2025-06-02,,Active,No
SUB00624,CUST00442,P002,2024-07-15,,Active,Yes
SUB00625,CUST00804,P003,2026-04-12,,Active,Yes
SUB00626,CUST00288,P002,2024-02-15,,Active,No
SUB00627,CUST00226,P003,2025-06-13,,Active,Yes
SUB00628,CUST01088,P004,2025-01-31,,Active,Yes
SUB00629,CUST00967,P002,2025-10-26,,Active,Yes
SUB00630,CUST00938,P001,2026-02-14,,Active,Yes
SUB00631,CUST00560,P003,2024-03-14,,Active,No
SUB00632,CUST00714,P003,2025-02-19,,Active,Yes
SUB00633,CUST00498,P002,2025-10-18,,Active,Yes
SUB00634,CUST00849,P003,2025-09-05,2026-09-30,Paused,Yes
SUB00635,CUST00926,P003,2024-11-30,,Active,Yes
SUB00636,CUST01941,P002,2026-04-26,,Active,Yes
SUB00637,CUST00060,P002,2025-09-24,,Active,No
SUB00638,CUST01421,P002,2025-11-18,,Active,Yes
SUB00639,CUST00257,P004,2025-07-28,,Active,Yes
SUB00640,CUST00577,P005,2024-10-22,,Active,Yes
SUB00641,CUST00239,P004,2024-03-24,,Active,Yes
SUB00642,CUST01825,P003,2024-01-15,,Active,Yes
SUB00643,CUST00038,P003,2026-05-16,,Active,Yes
SUB00644,CUST00025,P003,2024-05-13,,Active,No
SUB00645,CUST00410,P005,2025-04-22,2026-05-08,Paused,Yes
SUB00646,CUST00461,P002,2025-09-24,,Active,Yes
SUB00647,CUST01595,P003,2024-11-14,,Active,No
SUB00648,CUST00988,P003,2025-01-26,2026-01-06,Paused,Yes
SUB00649,CUST01441,P003,2025-04-23,2026-06-22,Churned,Yes
SUB00650,CUST00357,P002,2025-10-01,,Active,Yes
SUB00651,CUST00383,P003,2025-01-02,2025-09-25,Churned,Yes
SUB00652,CUST01833,P004,2025-01-01,,Active,No
SUB00653,CUST01182,P003,2024-10-14,,Active,Yes
SUB00654,CUST00569,P004,2026-03-23,,Active,No
SUB00655,CUST01457,P002,2025-01-12,,Active,Yes
SUB00656,CUST01072,P005,2025-11-22,,Active,Yes
SUB00657,CUST01352,P003,2025-04-07,,Active,Yes
SUB00658,CUST00433,P003,2025-08-16,,Active,Yes
SUB00659,CUST01455,P001,2024-01-13,,Active,Yes
SUB00660,CUST00056,P002,2025-06-19,,Active,Yes
SUB00661,CUST00577,P003,2024-06-16,,Active,No
SUB00662,CUST00268,P002,2024-09-26,,Active,Yes
SUB00663,CUST00069,P003,2024-03-10,,Active,Yes
SUB00664,CUST01752,P001,2024-11-13,2025-01-13,Paused,Yes
SUB00665,CUST00902,P004,2025-01-10,,Active,Yes
SUB00666,CUST01625,P004,2024-03-29,,Active,Yes
SUB00667,CUST01473,P002,2025-12-01,2026-07-27,Churned,Yes
SUB00668,CUST00793,P003,2024-09-13,,Active,Yes
SUB00669,CUST00257,P004,2024-08-04,2025-01-12,Churned,No
SUB00670,CUST00672,P003,2025-03-25,,Active,Yes
SUB00671,CUST00490,P002,2026-06-12,,Active,Yes
SUB00672,CUST00746,P003,2025-06-27,,Active,Yes
SUB00673,CUST01667,P002,2024-05-20,,Active,Yes
SUB00674,CUST00049,P002,2024-06-09,,Active,Yes
SUB00675,CUST01683,P002,2024-02-01,2024-06-15,Churned,Yes
SUB00676,CUST00316,P003,2026-04-03,2026-06-04,Churned,Yes
SUB00677,CUST00413,P001,2024-05-31,,Active,No
SUB00678,CUST00434,P005,2026-05-08,2026-07-19,Churned,Yes
SUB00679,CUST01026,P002,2024-09-16,,Active,Yes
SUB00680,CUST01865,P002,2025-12-28,,Active,Yes
SUB00681,CUST01976,P003,2024-10-05,,Active,No
SUB00682,CUST01169,P002,2024-10-11,2025-11-12,Churned,Yes
SUB00683,CUST01980,P003,2025-09-01,,Active,No
SUB00684,CUST01390,P002,2025-06-25,,Active,No
SUB00685,CUST00420,P001,2025-08-24,2026-01-07,Churned,Yes
SUB00686,CUST01597,P002,2024-05-27,,Active,No
SUB00687,CUST01809,P002,2025-10-17,,Active,Yes
SUB00688,CUST01585,P001,2024-03-07,,Active,Yes
SUB00689,CUST00844,P004,2026-05-18,,Active,Yes
SUB00690,CUST01468,P003,2025-07-23,,Active,Yes
SUB00691,CUST00916,P003,2026-03-03,2026-09-30,Paused,Yes
SUB00692,CUST00434,P003,2024-10-05,,Active,Yes
SUB00693,CUST00643,P003,2026-01-17,,Active,Yes
SUB00694,CUST01579,P005,2025-03-18,,Active,No
SUB00695,CUST00057,P001,2026-06-15,,Active,Yes
SUB00696,CUST01586,P001,2026-05-14,,Active,Yes
SUB00697,CUST00964,P002,2025-02-02,2025-10-15,Paused,No
SUB00698,CUST00977,P002,2024-05-07,,Active,Yes
SUB00699,CUST01202,P002,2024-12-02,,Active,Yes
SUB00700,CUST01317,P003,2025-04-26,,Active,No
SUB00701,CUST00046,P003,2025-12-21,,Active,Yes
SUB00702,CUST01194,P005,2024-07-04,2025-01-28,Churned,Yes
SUB00703,CUST01295,P002,2024-06-17,2025-02-23,Churned,Yes
SUB00704,CUST00417,P002,2025-11-14,,Active,No
SUB00705,CUST00848,P005,2024-09-16,2025-10-20,Paused,Yes
SUB00706,CUST00139,P004,2025-12-17,,Active,Yes
SUB00707,CUST00247,P003,2025-10-08,,Active,No
SUB00708,CUST01172,P003,2025-07-11,,Active,Yes
SUB00709,CUST00230,P004,2025-05-21,,Active,No
SUB00710,CUST00792,P003,2025-06-04,2025-11-05,Paused,No
SUB00711,CUST00637,P002,2025-04-15,,Active,No
SUB00712,CUST01728,P004,2024-06-09,,Active,No
SUB00713,CUST00374,P003,2024-10-15,2025-08-16,Churned,Yes
SUB00714,CUST01104,P002,2024-12-05,,Active,No
SUB00715,CUST01630,P003,2026-06-18,2026-09-30,Churned,Yes
SUB00716,CUST00738,P002,2026-04-12,,Active,Yes
SUB00717,CUST01089,P004,2025-05-16,,Active,Yes
SUB00718,CUST00088,P001,2024-04-15,2024-10-12,Paused,No
SUB00719,CUST01112,P004,2026-03-12,,Active,Yes
SUB00720,CUST00713,P003,2025-04-19,2025-06-28,Churned,No
SUB00721,CUST01750,P002,2026-05-02,,Active,Yes
SUB00722,CUST01228,P002,2025-08-22,2026-07-17,Churned,No
SUB00723,CUST01937,P003,2025-04-07,,Active,No
SUB00724,CUST01406,P004,2025-04-27,,Active,Yes
SUB00725,CUST00601,P002,2025-12-04,2026-09-30,Churned,Yes
SUB00726,CUST01500,P002,2024-06-01,,Active,Yes
SUB00727,CUST01597,P003,2026-04-02,2026-06-05,Churned,Yes
SUB00728,CUST01807,P004,2025-10-10,2026-09-30,Churned,Yes
SUB00729,CUST01630,P001,2026-02-23,2026-09-30,Churned,Yes
SUB00730,CUST01843,P003,2024-05-28,2025-04-26,Paused,Yes
SUB00731,CUST00539,P003,2024-07-06,,Active,Yes
SUB00732,CUST00214,P002,2025-10-14,,Active,Yes
SUB00733,CUST00074,P003,2024-05-10,,Active,Yes
SUB00734,CUST00061,P002,2025-03-27,,Active,No
SUB00735,CUST00698,P004,2025-05-30,,Active,Yes
SUB00736,CUST01567,P003,2025-05-05,,Active,Yes
SUB00737,CUST01243,P003,2025-04-20,,Active,Yes
SUB00738,CUST00012,P002,2024-09-19,,Active,Yes
SUB00739,CUST00814,P002,2025-06-21,,Active,No
SUB00740,CUST01439,P004,2025-04-03,2025-12-19,Churned,Yes
SUB00741,CUST00032,P003,2025-06-19,,Active,Yes
SUB00742,CUST01184,P003,2026-02-16,,Active,No
SUB00743,CUST01001,P003,2026-01-10,2026-09-11,Churned,Yes
SUB00744,CUST00237,P002,2026-02-19,,Active,Yes
SUB00745,CUST01763,P002,2025-09-28,2026-09-06,Paused,Yes
SUB00746,CUST01205,P001,2025-11-14,,Active,Yes
SUB00747,CUST01853,P001,2026-01-15,,Active,No
SUB00748,CUST00558,P004,2024-10-21,,Active,Yes
SUB00749,CUST01365,P002,2025-03-10,2025-07-18,Churned,No
SUB00750,CUST01482,P001,2024-10-01,,Active,No
SUB00751,CUST01104,P004,2025-08-10,2025-11-04,Churned,Yes
SUB00752,CUST00647,P002,2024-11-03,,Active,Yes
SUB00753,CUST01796,P003,2025-12-26,,Active,Yes
SUB00754,CUST00987,P002,2025-01-10,,Active,Yes
SUB00755,CUST00820,P001,2024-06-06,,Active,Yes
SUB00756,CUST01783,P002,2026-03-24,,Active,Yes
SUB00757,CUST00473,P001,2024-07-22,2025-03-23,Paused,Yes
SUB00758,CUST01695,P004,2025-10-22,,Active,No
SUB00759,CUST01739,P003,2024-03-15,,Active,Yes
SUB00760,CUST00112,P001,2025-01-14,,Active,Yes
SUB00761,CUST01316,P002,2026-01-10,2026-09-30,Churned,No
SUB00762,CUST01974,P002,2024-10-30,2025-05-03,Paused,Yes
SUB00763,CUST01846,P002,2024-03-02,2024-06-03,Churned,Yes
SUB00764,CUST01655,P002,2025-07-23,2025-10-22,Paused,Yes
SUB00765,CUST00383,P003,2026-02-24,2026-09-30,Churned,Yes
SUB00766,CUST00017,P004,2024-04-17,2025-05-20,Paused,Yes
SUB00767,CUST00493,P002,2024-07-05,2025-08-06,Churned,Yes
SUB00768,CUST01355,P003,2024-08-16,,Active,Yes
SUB00769,CUST00926,P004,2024-02-17,,Active,No
SUB00770,CUST01763,P002,2026-04-10,,Active,Yes
SUB00771,CUST01897,P004,2024-09-24,,Active,Yes
SUB00772,CUST01510,P004,2025-12-27,,Active,Yes
SUB00773,CUST01430,P002,2026-03-12,,Active,Yes
SUB00774,CUST00117,P005,2024-09-10,2024-12-10,Paused,Yes
SUB00775,CUST01579,P002,2026-05-19,,Active,No
SUB00776,CUST00880,P002,2024-03-27,2024-07-28,Churned,Yes
SUB00777,CUST00115,P004,2024-06-29,2025-11-09,Churned,Yes
SUB00778,CUST01819,P002,2024-01-25,2025-01-29,Paused,Yes
SUB00779,CUST01573,P002,2025-01-22,2025-03-18,Paused,Yes
SUB00780,CUST00814,P002,2024-08-09,2025-11-16,Churned,Yes
SUB00781,CUST01649,P004,2025-01-31,,Active,Yes
SUB00782,CUST01571,P004,2025-05-25,,Active,Yes
SUB00783,CUST00644,P003,2025-07-14,,Active,Yes
SUB00784,CUST01360,P005,2026-04-25,2026-09-22,Churned,Yes
SUB00785,CUST00336,P002,2025-03-15,2025-06-02,Churned,Yes
SUB00786,CUST00922,P002,2024-06-23,2025-07-28,Churned,Yes
SUB00787,CUST01913,P003,2026-06-22,,Active,No
SUB00788,CUST01764,P004,2024-11-06,,Active,Yes
SUB00789,CUST00147,P002,2024-09-30,,Active,No
SUB00790,CUST00122,P001,2024-02-04,,Active,Yes
SUB00791,CUST00081,P004,2024-08-04,,Active,Yes
SUB00792,CUST00685,P005,2025-12-21,,Active,Yes
SUB00793,CUST01690,P003,2025-11-02,2026-08-10,Churned,Yes
SUB00794,CUST00662,P002,2025-02-11,,Active,Yes
SUB00795,CUST00375,P005,2025-06-02,,Active,Yes
SUB00796,CUST01594,P004,2024-09-25,2024-11-29,Paused,No
SUB00797,CUST00063,P003,2025-09-29,,Active,Yes
SUB00798,CUST00504,P004,2025-04-19,,Active,Yes
SUB00799,CUST00668,P004,2026-05-29,,Active,Yes
SUB00800,CUST00449,P005,2024-11-20,,Active,No
SUB00801,CUST01452,P004,2024-12-21,,Active,Yes
SUB00802,CUST00868,P003,2024-03-30,,Active,Yes
SUB00803,CUST01451,P003,2024-02-11,,Active,No
SUB00804,CUST01445,P003,2024-12-30,,Active,Yes
SUB00805,CUST01346,P003,2025-11-01,,Active,Yes
SUB00806,CUST01937,P004,2024-07-20,2025-10-02,Churned,Yes
SUB00807,CUST00680,P005,2024-12-31,,Active,No
SUB00808,CUST01190,P003,2026-03-04,2026-09-30,Paused,No
SUB00809,CUST01621,P003,2026-04-23,,Active,No
SUB00810,CUST01981,P002,2024-10-14,,Active,Yes
SUB00811,CUST01673,P003,2025-08-25,2026-09-30,Churned,No
SUB00812,CUST00461,P003,2025-04-25,,Active,Yes
SUB00813,CUST00459,P001,2025-09-28,,Active,Yes
SUB00814,CUST01213,P003,2025-05-15,,Active,Yes
SUB00815,CUST00464,P001,2025-09-29,,Active,Yes
SUB00816,CUST00912,P001,2024-02-21,2024-06-29,Churned,Yes
SUB00817,CUST00379,P004,2024-04-12,2025-03-31,Paused,Yes
SUB00818,CUST01026,P002,2024-12-26,,Active,No
SUB00819,CUST01642,P002,2025-02-27,,Active,Yes
SUB00820,CUST00364,P001,2025-11-29,,Active,Yes
SUB00821,CUST00072,P002,2024-07-23,2025-07-16,Paused,No
SUB00822,CUST01451,P004,2024-01-14,2024-06-27,Churned,Yes
SUB00823,CUST00638,P003,2025-09-07,2026-04-18,Paused,Yes
SUB00824,CUST01194,P004,2025-09-20,,Active,Yes
SUB00825,CUST01229,P002,2025-04-14,2025-12-20,Churned,Yes
SUB00826,CUST01849,P002,2025-04-10,,Active,Yes
SUB00827,CUST00337,P002,2024-10-30,,Active,Yes
SUB00828,CUST01496,P003,2025-08-27,2026-07-01,Paused,No
SUB00829,CUST00195,P003,2025-03-02,,Active,Yes
SUB00830,CUST01694,P004,2025-10-17,2026-09-30,Paused,Yes
SUB00831,CUST01012,P003,2024-04-19,,Active,Yes
SUB00832,CUST00653,P003,2025-11-05,2026-01-28,Churned,Yes
SUB00833,CUST01299,P004,2025-07-18,,Active,Yes
SUB00834,CUST00007,P005,2025-05-29,,Active,No
SUB00835,CUST00905,P002,2024-03-08,,Active,Yes
SUB00836,CUST00979,P002,2024-09-02,,Active,Yes
SUB00837,CUST00566,P003,2025-01-23,,Active,No
SUB00838,CUST00616,P003,2025-10-11,,Active,Yes
SUB00839,CUST01878,P005,2024-11-03,,Active,Yes
SUB00840,CUST01874,P003,2024-12-17,,Active,Yes
SUB00841,CUST00573,P001,2026-03-09,,Active,Yes
SUB00842,CUST00599,P005,2024-03-06,,Active,No
SUB00843,CUST00770,P004,2025-04-04,2026-07-04,Churned,Yes
SUB00844,CUST01202,P002,2024-12-12,2025-04-30,Churned,Yes
SUB00845,CUST00242,P004,2024-11-20,,Active,Yes
SUB00846,CUST01227,P002,2025-10-28,,Active,No
SUB00847,CUST01567,P002,2025-08-21,2026-02-15,Churned,No
SUB00848,CUST01825,P004,2024-02-02,,Active,Yes
SUB00849,CUST01486,P003,2024-03-08,,Active,Yes
SUB00850,CUST01104,P001,2024-07-05,,Active,Yes
SUB00851,CUST01547,P002,2024-07-10,,Active,Yes
SUB00852,CUST01441,P003,2024-07-31,,Active,No
SUB00853,CUST00766,P002,2025-08-22,,Active,No
SUB00854,CUST00384,P003,2025-03-03,,Active,No
SUB00855,CUST00391,P003,2024-12-16,,Active,Yes
SUB00856,CUST00896,P002,2024-04-17,,Active,No
SUB00857,CUST01823,P003,2024-08-27,,Active,No
SUB00858,CUST00688,P004,2024-08-03,,Active,Yes
SUB00859,CUST01150,P003,2024-06-25,,Active,Yes
SUB00860,CUST01518,P002,2025-07-18,2026-09-26,Paused,No
SUB00861,CUST00047,P002,2024-11-25,,Active,Yes
SUB00862,CUST01742,P003,2025-07-14,,Active,No
SUB00863,CUST01500,P004,2026-05-30,,Active,Yes
SUB00864,CUST01973,P002,2025-09-17,,Active,Yes
SUB00865,CUST00619,P002,2025-03-25,,Active,No
SUB00866,CUST00464,P002,2025-08-29,,Active,Yes
SUB00867,CUST01811,P003,2025-03-22,2026-01-10,Churned,No
SUB00868,CUST01873,P002,2025-06-20,,Active,Yes
SUB00869,CUST00123,P004,2025-10-05,2026-04-14,Churned,Yes
SUB00870,CUST01498,P002,2024-06-27,,Active,Yes
SUB00871,CUST00134,P003,2025-01-29,2025-09-02,Paused,Yes
SUB00872,CUST01643,P003,2024-05-24,2025-08-06,Churned,Yes
SUB00873,CUST01841,P003,2026-05-25,2026-09-30,Paused,No
SUB00874,CUST00841,P002,2024-07-16,,Active,Yes
SUB00875,CUST01586,P003,2026-04-16,,Active,Yes
SUB00876,CUST00849,P002,2024-03-24,2024-08-08,Churned,Yes
SUB00877,CUST00607,P001,2025-10-30,2026-09-30,Churned,Yes
SUB00878,CUST01804,P003,2024-03-25,2025-06-22,Paused,No
SUB00879,CUST00023,P003,2025-04-01,,Active,Yes
SUB00880,CUST00566,P001,2025-04-20,2026-08-09,Churned,Yes
SUB00881,CUST01910,P001,2024-09-09,,Active,Yes
SUB00882,CUST00766,P004,2026-06-05,,Active,Yes
SUB00883,CUST00965,P004,2024-03-12,,Active,Yes
SUB00884,CUST00235,P002,2024-08-10,,Active,Yes
SUB00885,CUST00996,P003,2024-10-02,2025-12-11,Paused,Yes
SUB00886,CUST01083,P002,2026-03-05,,Active,No
SUB00887,CUST01188,P003,2026-02-14,,Active,No
SUB00888,CUST01795,P004,2024-09-02,,Active,No
SUB00889,CUST00826,P001,2024-12-06,,Active,No
SUB00890,CUST00216,P004,2025-07-26,,Active,No
SUB00891,CUST01207,P003,2025-04-15,,Active,Yes
SUB00892,CUST01593,P003,2025-03-29,,Active,Yes
SUB00893,CUST00657,P003,2026-02-09,2026-05-17,Churned,Yes
SUB00894,CUST00935,P004,2024-01-07,2025-04-12,Paused,No
SUB00895,CUST01114,P001,2024-07-06,,Active,Yes
SUB00896,CUST01988,P001,2024-01-04,,Active,Yes
SUB00897,CUST00311,P002,2026-01-12,,Active,Yes
SUB00898,CUST00557,P005,2025-10-06,2026-01-09,Churned,Yes
SUB00899,CUST00972,P003,2026-06-25,,Active,Yes
SUB00900,CUST00257,P003,2024-05-04,,Active,Yes
SUB00901,CUST00533,P001,2024-01-15,,Active,Yes
SUB00902,CUST01557,P004,2025-06-08,2025-11-28,Paused,Yes
SUB00903,CUST00052,P004,2025-09-21,,Active,Yes
SUB00904,CUST01362,P003,2024-08-27,,Active,Yes
SUB00905,CUST01195,P002,2026-02-13,2026-09-30,Paused,Yes
SUB00906,CUST01972,P001,2024-12-25,,Active,Yes
SUB00907,CUST01091,P003,2025-06-01,2025-08-22,Churned,Yes
SUB00908,CUST01649,P003,2024-11-15,,Active,Yes
SUB00909,CUST00300,P001,2024-08-18,2025-01-22,Paused,Yes
SUB00910,CUST00672,P003,2024-01-30,,Active,No
SUB00911,CUST00778,P002,2025-06-17,2026-09-30,Churned,Yes
SUB00912,CUST00832,P004,2024-06-04,,Active,Yes
SUB00913,CUST00232,P003,2025-09-21,2026-09-06,Churned,No
SUB00914,CUST00975,P001,2026-05-01,,Active,Yes
SUB00915,CUST01861,P003,2026-06-19,,Active,Yes
SUB00916,CUST01092,P002,2025-12-05,2026-07-29,Churned,Yes
SUB00917,CUST01530,P002,2025-02-02,,Active,No
SUB00918,CUST00028,P004,2024-12-11,,Active,No
SUB00919,CUST01973,P001,2024-07-13,,Active,Yes
SUB00920,CUST01652,P002,2024-06-16,2025-05-31,Churned,Yes
SUB00921,CUST01075,P001,2025-01-11,,Active,Yes
SUB00922,CUST01717,P001,2025-05-03,2026-01-03,Churned,Yes
SUB00923,CUST01284,P002,2026-01-20,,Active,Yes
SUB00924,CUST00591,P001,2024-12-27,,Active,Yes
SUB00925,CUST00785,P003,2025-04-26,,Active,Yes
SUB00926,CUST00620,P001,2024-08-31,,Active,Yes
SUB00927,CUST01987,P003,2025-08-03,,Active,Yes
SUB00928,CUST00586,P001,2025-08-29,,Active,Yes
SUB00929,CUST01711,P001,2025-08-11,,Active,Yes
SUB00930,CUST01002,P002,2024-06-19,2024-09-24,Paused,Yes
SUB00931,CUST00184,P004,2025-05-27,,Active,No
SUB00932,CUST01047,P003,2025-02-09,,Active,Yes
SUB00933,CUST01810,P004,2025-07-27,,Active,Yes
SUB00934,CUST00129,P001,2024-07-25,,Active,Yes
SUB00935,CUST00291,P004,2024-06-02,,Active,Yes
SUB00936,CUST01856,P001,2026-02-24,,Active,Yes
SUB00937,CUST00501,P002,2024-02-17,2025-06-07,Churned,No
SUB00938,CUST00186,P003,2025-10-10,,Active,Yes
SUB00939,CUST00479,P002,2024-01-01,,Active,Yes
SUB00940,CUST01595,P005,2026-01-16,,Active,Yes
SUB00941,CUST00492,P001,2026-06-23,,Active,No
SUB00942,CUST00513,P005,2026-02-06,,Active,No
SUB00943,CUST01667,P003,2025-02-10,,Active,Yes
SUB00944,CUST01091,P003,2024-04-16,,Active,Yes
SUB00945,CUST01829,P001,2024-06-21,,Active,Yes
SUB00946,CUST00467,P002,2025-05-20,2025-08-19,Churned,Yes
SUB00947,CUST00285,P004,2024-05-09,,Active,Yes
SUB00948,CUST00601,P002,2025-02-01,,Active,No
SUB00949,CUST01441,P003,2024-10-20,,Active,Yes
SUB00950,CUST01124,P005,2025-07-05,,Active,Yes
SUB00951,CUST00189,P002,2025-03-22,,Active,Yes
SUB00952,CUST00989,P003,2026-04-29,,Active,Yes
SUB00953,CUST00890,P003,2024-01-16,2024-09-11,Churned,Yes
SUB00954,CUST01882,P002,2025-09-30,,Active,Yes
SUB00955,CUST00388,P001,2026-06-03,,Active,Yes
SUB00956,CUST00241,P003,2024-12-14,,Active,Yes
SUB00957,CUST01806,P002,2024-07-21,,Active,Yes
SUB00958,CUST01755,P003,2024-05-13,,Active,No
SUB00959,CUST00417,P001,2026-02-09,,Active,Yes
SUB00960,CUST01942,P005,2025-06-09,,Active,Yes
SUB00961,CUST00176,P001,2025-05-22,,Active,Yes
SUB00962,CUST00387,P003,2024-03-06,,Active,Yes
SUB00963,CUST01495,P003,2025-04-24,2026-04-25,Churned,No
SUB00964,CUST00853,P001,2026-05-12,,Active,No
SUB00965,CUST01257,P002,2025-04-03,,Active,Yes
SUB00966,CUST00663,P004,2024-12-07,2025-11-28,Churned,Yes
SUB00967,CUST00452,P004,2025-12-07,2026-09-30,Churned,Yes
SUB00968,CUST00277,P002,2025-09-17,2026-09-30,Churned,No
SUB00969,CUST01253,P002,2024-06-07,,Active,Yes
SUB00970,CUST01195,P002,2024-06-09,2024-08-29,Churned,Yes
SUB00971,CUST01759,P001,2024-09-10,,Active,Yes
SUB00972,CUST00213,P003,2026-06-15,,Active,No
SUB00973,CUST01306,P004,2025-06-10,,Active,Yes
SUB00974,CUST00041,P002,2025-07-02,2025-11-24,Churned,Yes
SUB00975,CUST01146,P005,2024-06-03,,Active,Yes
SUB00976,CUST01251,P001,2025-04-30,,Active,No
SUB00977,CUST00294,P003,2025-03-07,,Active,Yes
SUB00978,CUST00600,P002,2024-01-27,,Active,No
SUB00979,CUST01291,P002,2024-01-12,2025-02-25,Churned,Yes
SUB00980,CUST00541,P003,2024-03-07,,Active,Yes
SUB00981,CUST01783,P002,2025-06-25,,Active,No
SUB00982,CUST01852,P003,2024-04-05,2025-08-05,Churned,No
SUB00983,CUST00451,P003,2024-08-02,,Active,Yes
SUB00984,CUST01473,P002,2024-07-12,,Active,Yes
SUB00985,CUST01780,P004,2025-10-08,2026-09-30,Churned,Yes
SUB00986,CUST01085,P002,2024-10-16,2025-01-18,Paused,Yes
SUB00987,CUST01526,P003,2025-06-27,2025-12-03,Churned,Yes
SUB00988,CUST01171,P001,2026-06-03,,Active,Yes
SUB00989,CUST01710,P002,2024-02-08,,Active,Yes
SUB00990,CUST01969,P002,2026-05-13,,Active,Yes
SUB00991,CUST00790,P003,2024-07-24,,Active,Yes
SUB00992,CUST00334,P003,2026-06-17,,Active,Yes
SUB00993,CUST01905,P002,2025-07-08,,Active,Yes
SUB00994,CUST01977,P001,2025-04-28,2025-11-20,Churned,Yes
SUB00995,CUST00891,P002,2024-12-02,,Active,Yes
SUB00996,CUST01166,P003,2025-05-10,,Active,Yes
SUB00997,CUST00044,P003,2026-02-09,,Active,Yes
SUB00998,CUST00144,P002,2024-09-05,,Active,Yes
SUB00999,CUST01889,P001,2024-03-14,2025-01-15,Paused,Yes
SUB01000,CUST00333,P004,2025-01-07,,Active,No
SUB01001,CUST00998,P001,2026-04-10,,Active,Yes
SUB01002,CUST01521,P001,2026-05-28,,Active,Yes
SUB01003,CUST01420,P001,2026-03-18,,Active,Yes
SUB01004,CUST00055,P002,2026-02-24,,Active,No
SUB01005,CUST01331,P003,2026-04-14,2026-09-30,Churned,Yes
SUB01006,CUST00870,P003,2026-05-20,,Active,No
SUB01007,CUST01447,P002,2025-12-02,,Active,Yes
SUB01008,CUST01441,P003,2024-05-17,,Active,No
SUB01009,CUST01697,P002,2025-04-01,2025-10-10,Churned,Yes
SUB01010,CUST00797,P004,2026-03-24,2026-09-30,Churned,Yes
SUB01011,CUST00325,P003,2026-04-02,,Active,No
SUB01012,CUST01734,P003,2026-04-22,,Active,Yes
SUB01013,CUST01695,P002,2025-03-19,2026-03-15,Churned,Yes
SUB01014,CUST00080,P001,2024-12-18,2025-06-17,Churned,Yes
SUB01015,CUST01055,P003,2026-03-04,2026-09-30,Churned,Yes
SUB01016,CUST00985,P003,2025-02-14,2025-11-06,Churned,No
SUB01017,CUST01136,P001,2025-11-08,,Active,Yes
SUB01018,CUST00558,P005,2026-02-28,,Active,No
SUB01019,CUST00865,P005,2025-06-21,2025-12-25,Churned,No
SUB01020,CUST00717,P003,2025-03-28,2026-08-07,Paused,Yes
SUB01021,CUST01588,P005,2025-02-22,,Active,Yes
SUB01022,CUST01674,P002,2025-03-25,,Active,No
SUB01023,CUST00472,P001,2025-08-07,2026-09-30,Paused,Yes
SUB01024,CUST00074,P001,2024-04-24,,Active,No
SUB01025,CUST01577,P003,2024-02-20,2025-02-10,Churned,Yes
SUB01026,CUST01503,P001,2025-01-03,,Active,Yes
SUB01027,CUST00589,P005,2025-11-13,,Active,No
SUB01028,CUST01411,P001,2026-02-18,,Active,Yes
SUB01029,CUST01723,P002,2025-05-29,,Active,Yes
SUB01030,CUST01906,P004,2024-07-28,,Active,Yes
SUB01031,CUST00564,P002,2026-06-06,,Active,No
SUB01032,CUST01954,P002,2026-06-21,2026-09-30,Churned,Yes
SUB01033,CUST01457,P003,2026-06-20,2026-09-30,Paused,Yes
SUB01034,CUST01436,P002,2026-04-29,,Active,Yes
SUB01035,CUST00467,P002,2026-03-23,,Active,Yes
SUB01036,CUST00599,P002,2026-06-13,,Active,Yes
SUB01037,CUST01645,P003,2026-05-03,,Active,Yes
SUB01038,CUST00992,P005,2025-09-18,,Active,Yes
SUB01039,CUST01933,P004,2025-11-09,,Active,No
SUB01040,CUST00737,P002,2025-03-10,,Active,Yes
SUB01041,CUST00994,P002,2026-02-15,,Active,Yes
SUB01042,CUST00248,P003,2024-08-14,,Active,No
SUB01043,CUST01605,P005,2025-10-24,2026-08-04,Churned,Yes
SUB01044,CUST01144,P002,2024-09-24,,Active,No
SUB01045,CUST00067,P002,2024-04-25,2025-05-17,Churned,Yes
SUB01046,CUST00573,P003,2025-08-22,2026-09-30,Paused,Yes
SUB01047,CUST01980,P005,2026-04-09,2026-09-30,Paused,Yes
SUB01048,CUST01351,P002,2026-01-23,2026-06-14,Paused,Yes
SUB01049,CUST01944,P002,2024-12-25,,Active,Yes
SUB01050,CUST00703,P002,2024-11-24,,Active,Yes
SUB01051,CUST00470,P001,2026-04-24,,Active,Yes
SUB01052,CUST00493,P003,2024-02-09,2024-04-08,Churned,Yes
SUB01053,CUST01725,P003,2024-06-30,2024-08-10,Churned,Yes
SUB01054,CUST00663,P003,2025-05-04,2025-11-26,Churned,Yes
SUB01055,CUST00286,P001,2024-07-27,,Active,Yes
SUB01056,CUST01980,P001,2026-06-21,2026-09-30,Churned,Yes
SUB01057,CUST01938,P002,2024-09-29,,Active,Yes
SUB01058,CUST01632,P002,2024-04-28,,Active,Yes
SUB01059,CUST00312,P004,2025-01-16,2025-04-01,Churned,Yes
SUB01060,CUST00309,P002,2025-06-19,,Active,Yes
SUB01061,CUST00775,P001,2024-09-14,2025-04-02,Paused,Yes
SUB01062,CUST01121,P002,2025-04-27,,Active,No
SUB01063,CUST00965,P002,2025-05-23,2025-10-29,Churned,Yes
SUB01064,CUST01137,P003,2024-04-01,,Active,Yes
SUB01065,CUST01661,P004,2024-06-09,2025-03-10,Churned,No
SUB01066,CUST00456,P001,2024-05-28,2025-06-14,Churned,Yes
SUB01067,CUST01487,P003,2024-04-26,2024-12-14,Paused,Yes
SUB01068,CUST01972,P002,2025-04-02,,Active,Yes
SUB01069,CUST00132,P002,2025-07-18,2026-03-30,Paused,Yes
SUB01070,CUST00930,P005,2026-03-24,,Active,Yes
SUB01071,CUST00965,P002,2024-02-14,,Active,Yes
SUB01072,CUST00929,P003,2026-02-15,,Active,Yes
SUB01073,CUST00121,P002,2026-02-12,2026-06-01,Churned,Yes
SUB01074,CUST01221,P003,2026-03-29,,Active,Yes
SUB01075,CUST01830,P004,2024-08-21,2025-07-26,Churned,Yes
SUB01076,CUST01506,P004,2025-01-09,2025-03-14,Churned,Yes
SUB01077,CUST00634,P004,2025-06-30,,Active,Yes
SUB01078,CUST01818,P003,2026-04-29,2026-07-19,Paused,Yes
SUB01079,CUST00897,P002,2024-07-15,,Active,Yes
SUB01080,CUST00772,P003,2024-01-25,2024-08-02,Churned,No
SUB01081,CUST01063,P003,2025-01-29,,Active,Yes
SUB01082,CUST00566,P001,2025-12-14,,Active,Yes
SUB01083,CUST00512,P002,2026-02-23,,Active,Yes
SUB01084,CUST01498,P004,2024-02-05,,Active,Yes
SUB01085,CUST01185,P003,2025-04-18,,Active,Yes
SUB01086,CUST00289,P002,2024-08-10,,Active,No
SUB01087,CUST00200,P004,2026-05-13,,Active,Yes
SUB01088,CUST01812,P002,2026-02-27,,Active,No
SUB01089,CUST00528,P002,2025-06-13,,Active,Yes
SUB01090,CUST00917,P003,2024-07-06,2025-11-16,Churned,No
SUB01091,CUST01709,P002,2025-02-05,,Active,Yes
SUB01092,CUST01527,P003,2024-09-13,2025-01-04,Churned,Yes
SUB01093,CUST01272,P002,2025-10-15,,Active,No
SUB01094,CUST01407,P002,2024-05-15,,Active,Yes
SUB01095,CUST01242,P002,2026-03-29,,Active,No
SUB01096,CUST01111,P005,2025-08-13,,Active,Yes
SUB01097,CUST01106,P002,2025-03-19,,Active,Yes
SUB01098,CUST01086,P002,2025-02-21,,Active,Yes
SUB01099,CUST00799,P001,2024-10-18,2025-10-10,Churned,Yes
SUB01100,CUST01524,P002,2025-07-27,2026-09-30,Churned,Yes
SUB01101,CUST01066,P002,2024-05-08,,Active,Yes
SUB01102,CUST00012,P001,2024-12-06,2025-01-30,Churned,Yes
SUB01103,CUST00833,P003,2026-03-20,,Active,Yes
SUB01104,CUST01770,P003,2024-09-13,,Active,Yes
SUB01105,CUST00841,P004,2025-12-24,,Active,Yes
SUB01106,CUST00643,P003,2025-07-19,2026-03-30,Churned,Yes
SUB01107,CUST01139,P002,2025-11-17,2026-09-30,Churned,Yes
SUB01108,CUST01242,P002,2024-04-09,2025-03-21,Churned,Yes
SUB01109,CUST01673,P003,2024-02-08,,Active,No
SUB01110,CUST00106,P003,2024-09-19,,Active,Yes
SUB01111,CUST00691,P002,2024-05-29,2024-11-28,Churned,Yes
SUB01112,CUST00528,P004,2025-09-24,,Active,Yes
SUB01113,CUST01496,P001,2025-11-20,,Active,No
SUB01114,CUST01778,P001,2026-03-23,,Active,Yes
SUB01115,CUST00846,P002,2024-11-25,,Active,Yes
SUB01116,CUST00893,P004,2024-04-29,,Active,Yes
SUB01117,CUST00387,P003,2025-08-06,,Active,Yes
SUB01118,CUST01250,P004,2024-08-06,,Active,No
SUB01119,CUST00481,P002,2026-06-24,,Active,No
SUB01120,CUST01778,P003,2026-06-28,,Active,No
SUB01121,CUST00408,P002,2026-03-24,,Active,Yes
SUB01122,CUST01481,P004,2024-05-02,,Active,Yes
SUB01123,CUST01677,P001,2024-08-31,,Active,No
SUB01124,CUST00898,P002,2026-06-04,,Active,Yes
SUB01125,CUST00711,P002,2025-08-09,,Active,Yes
SUB01126,CUST01648,P004,2025-06-01,2026-04-19,Churned,Yes
SUB01127,CUST00639,P003,2024-01-21,2025-04-08,Churned,Yes
SUB01128,CUST01045,P002,2024-07-08,,Active,Yes
SUB01129,CUST01683,P002,2024-08-12,,Active,No
SUB01130,CUST01625,P005,2025-09-06,2026-01-08,Churned,Yes
SUB01131,CUST00815,P004,2026-05-05,,Active,Yes
SUB01132,CUST00918,P003,2025-04-10,,Active,Yes
SUB01133,CUST00203,P002,2024-04-08,,Active,Yes
SUB01134,CUST00417,P002,2026-04-09,,Active,Yes
SUB01135,CUST00416,P004,2024-12-28,,Active,Yes
SUB01136,CUST01472,P002,2024-03-23,2024-12-02,Paused,Yes
SUB01137,CUST01536,P002,2025-11-23,2026-09-15,Churned,No
SUB01138,CUST00085,P003,2025-10-25,,Active,Yes
SUB01139,CUST00167,P004,2024-02-25,,Active,No
SUB01140,CUST00384,P002,2025-12-02,,Active,Yes
SUB01141,CUST00468,P003,2024-01-22,,Active,Yes
SUB01142,CUST01096,P004,2025-08-02,,Active,Yes
SUB01143,CUST00810,P002,2024-07-03,,Active,Yes
SUB01144,CUST00997,P002,2025-06-05,,Active,Yes
SUB01145,CUST01545,P005,2025-07-31,,Active,Yes
SUB01146,CUST01817,P005,2024-09-20,,Active,Yes
SUB01147,CUST00473,P004,2024-08-12,2025-11-21,Paused,Yes
SUB01148,CUST00993,P003,2025-09-26,,Active,Yes
SUB01149,CUST01282,P002,2024-02-07,2024-04-17,Paused,Yes
SUB01150,CUST00275,P004,2024-05-02,,Active,Yes
SUB01151,CUST01774,P002,2026-04-09,,Active,Yes
SUB01152,CUST01044,P004,2024-06-04,,Active,Yes
SUB01153,CUST01514,P004,2026-06-24,,Active,Yes
SUB01154,CUST01769,P003,2024-10-27,,Active,Yes
SUB01155,CUST00490,P004,2026-04-12,2026-09-21,Paused,Yes
SUB01156,CUST01757,P004,2024-03-07,2024-06-10,Paused,Yes
SUB01157,CUST00326,P002,2026-06-23,,Active,No
SUB01158,CUST00529,P003,2025-10-06,,Active,Yes
SUB01159,CUST00892,P001,2026-05-23,,Active,No
SUB01160,CUST00089,P003,2025-01-28,,Active,Yes
SUB01161,CUST00486,P002,2025-10-13,,Active,No
SUB01162,CUST00708,P002,2025-08-16,,Active,Yes
SUB01163,CUST00350,P004,2025-07-23,,Active,No
SUB01164,CUST01108,P005,2025-10-22,,Active,Yes
SUB01165,CUST00387,P002,2025-02-08,,Active,Yes
SUB01166,CUST00087,P003,2025-03-24,,Active,Yes
SUB01167,CUST00307,P003,2024-05-10,,Active,Yes
SUB01168,CUST01874,P005,2024-03-09,2025-05-09,Paused,No
SUB01169,CUST01178,P003,2024-12-10,,Active,Yes
SUB01170,CUST00440,P003,2026-01-31,2026-09-30,Churned,No
SUB01171,CUST00740,P004,2024-11-15,2025-07-12,Churned,Yes
SUB01172,CUST01984,P002,2024-06-25,2024-12-24,Paused,Yes
SUB01173,CUST00264,P004,2025-08-06,2026-02-23,Churned,Yes
SUB01174,CUST00977,P004,2025-06-12,,Active,No
SUB01175,CUST00735,P005,2026-04-20,2026-09-30,Churned,Yes
SUB01176,CUST00421,P002,2024-06-08,,Active,Yes
SUB01177,CUST00493,P002,2025-08-04,,Active,Yes
SUB01178,CUST00633,P004,2025-09-16,2026-09-05,Paused,Yes
SUB01179,CUST00993,P002,2026-01-13,2026-04-11,Churned,No
SUB01180,CUST00411,P003,2025-06-16,2026-01-15,Paused,Yes
SUB01181,CUST00173,P001,2024-05-14,2024-12-09,Churned,Yes
SUB01182,CUST00004,P001,2026-02-13,2026-09-30,Churned,Yes
SUB01183,CUST00854,P002,2024-04-20,2025-04-08,Churned,No
SUB01184,CUST01664,P003,2026-01-27,2026-03-09,Churned,Yes
SUB01185,CUST00986,P002,2024-10-09,,Active,Yes
SUB01186,CUST01496,P003,2025-06-03,2026-09-30,Paused,Yes
SUB01187,CUST01134,P003,2026-03-06,2026-06-11,Churned,Yes
SUB01188,CUST01891,P003,2025-12-19,2026-09-30,Churned,Yes
SUB01189,CUST01061,P003,2024-07-12,,Active,Yes
SUB01190,CUST00583,P002,2024-02-16,,Active,No
SUB01191,CUST01825,P002,2024-12-07,,Active,No
SUB01192,CUST01055,P001,2024-08-29,2025-08-22,Paused,Yes
SUB01193,CUST01975,P003,2025-06-05,,Active,Yes
SUB01194,CUST00381,P003,2025-01-04,,Active,Yes
SUB01195,CUST01292,P003,2026-03-11,,Active,Yes
SUB01196,CUST01035,P002,2026-06-21,2026-09-30,Churned,Yes
SUB01197,CUST00344,P003,2024-05-10,2024-06-14,Churned,Yes
SUB01198,CUST01864,P001,2024-09-26,2024-11-09,Churned,Yes
SUB01199,CUST01568,P004,2026-03-24,,Active,Yes
SUB01200,CUST01593,P001,2024-03-01,,Active,No
SUB01201,CUST00166,P005,2024-06-12,,Active,Yes
SUB01202,CUST00700,P003,2025-06-08,,Active,Yes
SUB01203,CUST00342,P002,2024-09-28,2024-12-08,Churned,Yes
SUB01204,CUST01506,P002,2025-12-20,,Active,Yes
SUB01205,CUST01043,P001,2026-01-27,,Active,Yes
SUB01206,CUST01652,P002,2024-05-12,,Active,Yes
SUB01207,CUST00980,P001,2024-08-31,,Active,No
SUB01208,CUST01208,P003,2026-03-16,2026-05-15,Paused,No
SUB01209,CUST01806,P002,2025-03-09,,Active,Yes
SUB01210,CUST00545,P004,2024-02-07,2025-06-20,Churned,Yes
SUB01211,CUST01034,P002,2026-05-20,,Active,No
SUB01212,CUST01616,P004,2025-07-21,,Active,Yes
SUB01213,CUST00192,P003,2024-11-14,,Active,Yes
SUB01214,CUST00320,P001,2025-05-24,,Active,Yes
SUB01215,CUST01726,P002,2025-01-10,2025-08-08,Churned,Yes
SUB01216,CUST00580,P002,2025-07-13,,Active,No
SUB01217,CUST00475,P002,2025-09-08,,Active,Yes
SUB01218,CUST01884,P003,2025-04-18,,Active,Yes
SUB01219,CUST00637,P003,2024-02-28,,Active,Yes
SUB01220,CUST00427,P004,2025-08-11,2026-05-29,Churned,Yes
SUB01221,CUST01872,P003,2025-05-13,,Active,No
SUB01222,CUST01083,P005,2024-08-05,,Active,Yes
SUB01223,CUST01460,P005,2026-06-13,2026-09-30,Churned,Yes
SUB01224,CUST00097,P004,2025-07-20,,Active,No
SUB01225,CUST00496,P003,2025-07-20,,Active,Yes
SUB01226,CUST01811,P001,2024-05-08,,Active,Yes
SUB01227,CUST00661,P002,2026-06-22,,Active,Yes
SUB01228,CUST01302,P003,2025-01-17,2026-04-04,Churned,Yes
SUB01229,CUST01289,P002,2025-01-22,,Active,Yes
SUB01230,CUST00009,P001,2024-03-25,2024-05-14,Paused,Yes
SUB01231,CUST00457,P003,2025-05-24,,Active,Yes
SUB01232,CUST01819,P001,2025-12-26,2026-09-30,Paused,No
SUB01233,CUST00273,P003,2025-09-18,,Active,Yes
SUB01234,CUST00940,P001,2025-03-12,,Active,Yes
SUB01235,CUST01837,P003,2026-04-05,,Active,Yes
SUB01236,CUST01032,P004,2024-10-19,,Active,No
SUB01237,CUST00208,P001,2024-02-18,2024-09-16,Churned,Yes
SUB01238,CUST01938,P003,2024-03-07,2024-10-06,Churned,No
SUB01239,CUST01661,P004,2026-02-25,,Active,Yes
SUB01240,CUST01147,P002,2024-05-08,,Active,No
SUB01241,CUST01057,P002,2024-01-29,,Active,Yes
SUB01242,CUST01537,P002,2024-12-08,2025-09-07,Paused,Yes
SUB01243,CUST00204,P003,2025-06-28,2026-07-12,Churned,Yes
SUB01244,CUST00518,P003,2024-04-28,,Active,No
SUB01245,CUST01833,P001,2025-11-22,2026-05-19,Churned,Yes
SUB01246,CUST01975,P003,2025-10-24,2026-08-05,Paused,Yes
SUB01247,CUST00517,P002,2024-05-12,,Active,Yes
SUB01248,CUST00443,P004,2024-11-22,2025-03-31,Churned,No
SUB01249,CUST01616,P002,2024-07-03,,Active,No
SUB01250,CUST01810,P004,2025-05-20,,Active,Yes
SUB01251,CUST00689,P002,2025-10-07,,Active,Yes
SUB01252,CUST00850,P003,2025-11-19,,Active,Yes
SUB01253,CUST00833,P003,2025-06-17,,Active,No
SUB01254,CUST00339,P003,2024-08-28,,Active,No
SUB01255,CUST01462,P002,2025-08-11,2025-11-03,Churned,Yes
SUB01256,CUST01469,P004,2025-12-16,,Active,Yes
SUB01257,CUST01160,P002,2025-05-30,,Active,No
SUB01258,CUST00387,P003,2026-04-19,2026-09-30,Churned,No
SUB01259,CUST01049,P003,2024-06-13,,Active,Yes
SUB01260,CUST00506,P004,2025-10-01,,Active,Yes
SUB01261,CUST01349,P003,2025-07-10,2026-06-24,Paused,Yes
SUB01262,CUST01719,P002,2024-08-05,2024-11-28,Churned,Yes
SUB01263,CUST00680,P003,2026-01-16,,Active,Yes
SUB01264,CUST01362,P003,2025-10-09,,Active,Yes
SUB01265,CUST00690,P005,2025-11-10,2026-06-01,Paused,Yes
SUB01266,CUST00885,P004,2026-01-18,,Active,Yes
SUB01267,CUST01119,P003,2025-08-27,,Active,Yes
SUB01268,CUST01569,P002,2024-01-05,,Active,Yes
SUB01269,CUST00623,P004,2025-10-29,,Active,No
SUB01270,CUST01170,P003,2026-01-26,2026-09-30,Churned,Yes
SUB01271,CUST00893,P005,2026-05-21,2026-07-11,Churned,Yes
SUB01272,CUST00953,P002,2024-03-21,2024-12-19,Paused,Yes
SUB01273,CUST01255,P001,2024-09-03,2024-12-01,Churned,No
SUB01274,CUST00784,P001,2026-05-04,,Active,No
SUB01275,CUST01872,P003,2025-05-07,,Active,Yes
SUB01276,CUST00495,P005,2025-10-10,2026-02-20,Paused,No
SUB01277,CUST01062,P001,2025-01-20,,Active,Yes
SUB01278,CUST01449,P003,2025-07-28,,Active,No
SUB01279,CUST01671,P003,2024-11-02,2025-04-19,Paused,Yes
SUB01280,CUST01870,P003,2025-09-19,,Active,Yes
SUB01281,CUST00747,P002,2025-09-16,,Active,Yes
SUB01282,CUST00437,P004,2025-06-26,2026-05-24,Churned,Yes
SUB01283,CUST01855,P001,2024-01-07,2024-07-13,Paused,Yes
SUB01284,CUST01392,P004,2025-05-29,,Active,No
SUB01285,CUST00345,P002,2026-03-29,2026-09-30,Churned,No
SUB01286,CUST01184,P003,2026-01-24,,Active,Yes
SUB01287,CUST00550,P004,2025-07-21,,Active,Yes
SUB01288,CUST01686,P002,2024-03-13,2024-06-27,Paused,Yes
SUB01289,CUST01936,P002,2024-01-10,2024-02-26,Paused,Yes
SUB01290,CUST00820,P003,2025-07-26,,Active,Yes
SUB01291,CUST00541,P003,2025-07-15,,Active,Yes
SUB01292,CUST00144,P003,2024-05-01,,Active,Yes
SUB01293,CUST00588,P002,2025-11-17,,Active,Yes
SUB01294,CUST00657,P001,2025-05-27,,Active,Yes
SUB01295,CUST01765,P002,2025-03-16,,Active,Yes
SUB01296,CUST01600,P001,2024-02-07,,Active,Yes
SUB01297,CUST01883,P004,2025-12-02,,Active,Yes
SUB01298,CUST00345,P001,2025-08-13,,Active,No
SUB01299,CUST01293,P002,2024-12-10,2025-01-30,Churned,Yes
SUB01300,CUST01864,P001,2024-12-03,,Active,Yes
SUB01301,CUST00696,P001,2025-12-02,,Active,Yes
SUB01302,CUST01797,P003,2024-07-02,2025-01-31,Churned,Yes
SUB01303,CUST00268,P003,2024-03-07,2024-08-28,Churned,Yes
SUB01304,CUST00169,P001,2024-01-17,,Active,Yes
SUB01305,CUST01795,P001,2025-01-17,,Active,Yes
SUB01306,CUST01763,P001,2025-01-02,2025-03-10,Churned,No
SUB01307,CUST00033,P004,2026-06-22,,Active,Yes
SUB01308,CUST00377,P003,2024-11-11,2025-09-17,Churned,Yes
SUB01309,CUST01238,P001,2025-05-11,,Active,Yes
SUB01310,CUST01586,P003,2026-03-18,,Active,No
SUB01311,CUST01464,P003,2025-12-21,,Active,Yes
SUB01312,CUST01516,P004,2024-12-10,2025-10-23,Churned,Yes
SUB01313,CUST00393,P005,2025-07-06,2025-12-25,Paused,Yes
SUB01314,CUST00489,P002,2026-06-26,,Active,Yes
SUB01315,CUST00722,P001,2025-04-17,,Active,No
SUB01316,CUST00946,P002,2024-04-24,,Active,Yes
SUB01317,CUST01053,P004,2024-04-09,,Active,Yes
SUB01318,CUST00039,P005,2026-06-03,2026-07-15,Churned,No
SUB01319,CUST01883,P003,2025-03-13,,Active,Yes
SUB01320,CUST01636,P002,2024-12-10,2025-07-13,Paused,Yes
SUB01321,CUST01197,P002,2024-12-14,,Active,Yes
SUB01322,CUST01041,P002,2024-05-18,2025-08-24,Paused,Yes
SUB01323,CUST01080,P002,2026-04-07,2026-09-30,Churned,No
SUB01324,CUST00226,P003,2024-11-19,,Active,Yes
SUB01325,CUST01582,P001,2026-04-25,,Active,Yes
SUB01326,CUST00067,P002,2024-10-28,,Active,No
SUB01327,CUST01221,P003,2024-10-20,,Active,Yes
SUB01328,CUST01678,P001,2025-06-12,,Active,Yes
SUB01329,CUST00835,P001,2026-04-13,,Active,Yes
SUB01330,CUST01047,P002,2024-10-18,2025-08-12,Paused,No
SUB01331,CUST00999,P004,2024-03-14,,Active,No
SUB01332,CUST01630,P004,2026-02-13,2026-06-19,Churned,Yes
SUB01333,CUST01778,P001,2025-04-28,2026-08-04,Paused,Yes
SUB01334,CUST00237,P003,2024-01-16,2025-02-05,Churned,No
SUB01335,CUST00957,P002,2025-06-09,,Active,Yes
SUB01336,CUST00919,P003,2024-12-01,,Active,No
SUB01337,CUST01947,P003,2026-03-03,,Active,Yes
SUB01338,CUST01590,P004,2026-05-22,,Active,Yes
SUB01339,CUST01162,P003,2025-05-30,,Active,Yes
SUB01340,CUST00473,P005,2024-05-06,2025-03-25,Churned,Yes
SUB01341,CUST01869,P005,2026-04-03,,Active,Yes
SUB01342,CUST01808,P004,2025-06-01,,Active,No
SUB01343,CUST00553,P003,2024-05-08,2024-06-07,Paused,Yes
SUB01344,CUST01634,P002,2025-05-25,,Active,No
SUB01345,CUST00695,P002,2025-02-26,,Active,Yes
SUB01346,CUST01664,P001,2025-01-19,2025-12-09,Churned,No
SUB01347,CUST01253,P002,2026-06-01,,Active,No
SUB01348,CUST00317,P003,2024-08-19,,Active,Yes
SUB01349,CUST00598,P003,2026-04-04,,Active,Yes
SUB01350,CUST00768,P004,2024-07-13,2024-09-07,Churned,Yes
SUB01351,CUST01745,P001,2024-03-05,,Active,Yes
SUB01352,CUST01751,P002,2026-04-12,,Active,Yes
SUB01353,CUST00886,P004,2025-09-06,,Active,No
SUB01354,CUST01636,P002,2024-10-03,,Active,No
SUB01355,CUST00561,P001,2025-10-31,,Active,Yes
SUB01356,CUST01225,P005,2024-08-11,,Active,Yes
SUB01357,CUST01972,P004,2026-03-11,,Active,Yes
SUB01358,CUST00258,P002,2024-10-04,,Active,Yes
SUB01359,CUST01504,P004,2025-11-24,,Active,Yes
SUB01360,CUST01912,P003,2024-12-31,,Active,No
SUB01361,CUST01202,P004,2025-05-30,,Active,Yes
SUB01362,CUST00757,P004,2024-08-02,,Active,Yes
SUB01363,CUST00123,P001,2025-03-14,,Active,No
SUB01364,CUST00342,P003,2025-03-03,2025-05-07,Churned,Yes
SUB01365,CUST01195,P001,2025-12-29,2026-07-06,Churned,No
SUB01366,CUST01869,P001,2025-01-30,,Active,Yes
SUB01367,CUST01672,P004,2024-07-27,,Active,Yes
SUB01368,CUST01083,P003,2025-05-15,,Active,No
SUB01369,CUST01729,P003,2025-04-07,,Active,Yes
SUB01370,CUST01489,P004,2025-08-08,,Active,No
SUB01371,CUST01804,P005,2024-08-14,,Active,No
SUB01372,CUST00260,P004,2025-01-09,2026-04-08,Churned,Yes
SUB01373,CUST01397,P003,2025-05-14,,Active,Yes
SUB01374,CUST01997,P002,2024-04-02,,Active,Yes
SUB01375,CUST00095,P002,2025-04-04,2026-06-06,Churned,No
SUB01376,CUST01149,P002,2025-07-30,,Active,Yes
SUB01377,CUST00041,P002,2024-11-16,,Active,Yes
SUB01378,CUST01915,P003,2024-01-10,2024-03-10,Paused,Yes
SUB01379,CUST00254,P003,2024-10-29,2025-04-03,Churned,Yes
SUB01380,CUST00007,P005,2024-11-17,2025-09-04,Churned,No
SUB01381,CUST01495,P003,2026-03-27,,Active,No
SUB01382,CUST00728,P003,2025-03-31,,Active,No
SUB01383,CUST01535,P002,2024-10-04,2025-10-13,Paused,Yes
SUB01384,CUST01605,P001,2025-08-20,,Active,No
SUB01385,CUST00069,P002,2025-06-21,2026-09-29,Churned,Yes
SUB01386,CUST01105,P004,2025-12-30,,Active,Yes
SUB01387,CUST00542,P002,2025-01-27,,Active,Yes
SUB01388,CUST01609,P003,2024-04-04,2024-11-29,Paused,No
SUB01389,CUST01286,P003,2026-01-25,,Active,No
SUB01390,CUST00089,P002,2024-04-16,,Active,No
SUB01391,CUST01939,P002,2025-01-24,,Active,No
SUB01392,CUST01232,P003,2026-01-29,,Active,No
SUB01393,CUST00213,P002,2025-06-09,,Active,Yes
SUB01394,CUST00834,P004,2025-11-03,,Active,No
SUB01395,CUST00266,P003,2024-03-11,,Active,Yes
SUB01396,CUST00912,P003,2025-10-25,2026-04-22,Churned,Yes
SUB01397,CUST00293,P004,2025-08-09,,Active,Yes
SUB01398,CUST01231,P003,2025-01-10,2025-03-11,Paused,Yes
SUB01399,CUST00333,P005,2025-12-27,,Active,Yes
SUB01400,CUST01101,P002,2025-01-02,,Active,Yes
SUB01401,CUST01312,P003,2024-02-20,,Active,Yes
SUB01402,CUST01005,P002,2026-06-16,2026-09-30,Churned,No
SUB01403,CUST00047,P002,2024-05-22,2025-05-15,Paused,No
SUB01404,CUST00622,P002,2025-02-22,2026-01-19,Churned,Yes
SUB01405,CUST01224,P003,2025-07-01,,Active,Yes
SUB01406,CUST00427,P002,2025-05-14,,Active,Yes
SUB01407,CUST00210,P002,2026-06-04,2026-09-30,Churned,Yes
SUB01408,CUST00888,P005,2024-06-15,2025-07-02,Paused,Yes
SUB01409,CUST01444,P004,2026-01-17,2026-09-22,Paused,No
SUB01410,CUST00154,P003,2024-09-16,,Active,Yes
SUB01411,CUST01546,P004,2024-07-10,2025-04-18,Paused,Yes
SUB01412,CUST00415,P005,2024-07-20,,Active,Yes
SUB01413,CUST01377,P003,2026-02-12,,Active,Yes
SUB01414,CUST01181,P002,2024-07-03,,Active,Yes
SUB01415,CUST01285,P004,2024-06-06,,Active,Yes
SUB01416,CUST01101,P003,2026-01-27,2026-08-15,Churned,No
SUB01417,CUST00769,P002,2025-09-13,2026-06-26,Churned,Yes
SUB01418,CUST00983,P003,2024-04-08,2025-07-09,Churned,Yes
SUB01419,CUST01512,P002,2024-08-28,,Active,Yes
SUB01420,CUST01155,P004,2025-05-05,,Active,Yes
SUB01421,CUST00579,P002,2024-07-20,2024-10-14,Churned,Yes
SUB01422,CUST01479,P005,2025-09-25,,Active,Yes
SUB01423,CUST00740,P004,2025-05-23,2025-06-30,Churned,Yes
SUB01424,CUST00163,P003,2025-09-20,,Active,Yes
SUB01425,CUST01039,P003,2024-04-05,,Active,Yes
SUB01426,CUST01256,P002,2026-01-15,,Active,Yes
SUB01427,CUST00195,P001,2025-05-04,2025-06-07,Churned,Yes
SUB01428,CUST01885,P001,2025-08-01,,Active,Yes
SUB01429,CUST00542,P004,2026-06-06,,Active,Yes
SUB01430,CUST00359,P003,2024-08-05,2025-08-04,Churned,Yes
SUB01431,CUST00850,P001,2025-06-10,,Active,Yes
SUB01432,CUST01355,P002,2024-09-29,2025-02-19,Churned,Yes
SUB01433,CUST00427,P005,2024-08-06,,Active,Yes
SUB01434,CUST00497,P002,2026-02-24,,Active,Yes
SUB01435,CUST00828,P004,2026-06-01,2026-09-30,Churned,Yes
SUB01436,CUST00486,P002,2025-10-20,,Active,No
SUB01437,CUST01832,P003,2024-11-27,,Active,Yes
SUB01438,CUST01473,P001,2026-05-05,,Active,No
SUB01439,CUST01437,P003,2025-03-28,,Active,No
SUB01440,CUST00330,P003,2024-05-31,,Active,No
SUB01441,CUST01756,P002,2024-12-12,,Active,No
SUB01442,CUST00889,P003,2026-03-26,2026-09-30,Churned,Yes
SUB01443,CUST00991,P003,2025-02-17,2025-10-24,Churned,Yes
SUB01444,CUST01171,P003,2025-06-10,,Active,Yes
SUB01445,CUST00259,P004,2025-03-06,,Active,Yes
SUB01446,CUST00292,P002,2025-01-13,,Active,No
SUB01447,CUST01835,P003,2026-06-13,,Active,Yes
SUB01448,CUST00143,P005,2025-03-03,,Active,Yes
SUB01449,CUST01961,P004,2026-05-15,,Active,Yes
SUB01450,CUST00747,P005,2024-03-24,,Active,Yes
SUB01451,CUST00627,P002,2024-07-10,,Active,Yes
SUB01452,CUST01389,P004,2024-02-10,,Active,Yes
SUB01453,CUST00090,P003,2026-05-13,2026-09-30,Churned,Yes
SUB01454,CUST00720,P001,2026-04-15,2026-06-07,Churned,Yes
SUB01455,CUST01188,P004,2026-02-11,,Active,No
SUB01456,CUST00481,P003,2024-11-04,2026-03-06,Churned,No
SUB01457,CUST00084,P002,2025-01-12,,Active,Yes
SUB01458,CUST01101,P001,2024-05-15,2024-11-30,Churned,No
SUB01459,CUST00673,P004,2026-02-28,,Active,Yes
SUB01460,CUST00517,P001,2024-04-15,2025-06-24,Churned,Yes
SUB01461,CUST00485,P001,2025-06-02,,Active,Yes
SUB01462,CUST01614,P002,2026-03-24,,Active,Yes
SUB01463,CUST01627,P001,2025-06-25,,Active,Yes
SUB01464,CUST01623,P004,2024-05-05,,Active,Yes
SUB01465,CUST00782,P003,2024-12-22,,Active,Yes
SUB01466,CUST00104,P003,2025-02-03,,Active,Yes
SUB01467,CUST01476,P004,2024-03-19,2024-07-29,Churned,Yes
SUB01468,CUST01511,P003,2025-01-23,,Active,Yes
SUB01469,CUST00339,P002,2025-08-01,,Active,Yes
SUB01470,CUST00687,P004,2025-06-18,,Active,No
SUB01471,CUST01590,P002,2025-12-01,2026-02-28,Paused,Yes
SUB01472,CUST00900,P002,2024-03-14,2024-07-07,Churned,Yes
SUB01473,CUST01502,P003,2024-01-05,2024-10-15,Churned,Yes
SUB01474,CUST01747,P004,2025-04-07,,Active,Yes
SUB01475,CUST00607,P004,2024-03-22,,Active,Yes
SUB01476,CUST00223,P005,2025-06-20,,Active,Yes
SUB01477,CUST01033,P004,2026-02-14,,Active,Yes
SUB01478,CUST01077,P004,2025-02-08,,Active,No
SUB01479,CUST01101,P004,2025-05-28,,Active,Yes
SUB01480,CUST01742,P001,2024-10-04,,Active,Yes
SUB01481,CUST00503,P002,2026-04-19,,Active,No
SUB01482,CUST01340,P003,2026-05-04,,Active,No
SUB01483,CUST01838,P003,2024-08-11,2025-02-21,Churned,Yes
SUB01484,CUST00822,P002,2025-08-06,,Active,Yes
SUB01485,CUST01866,P002,2024-03-08,2025-04-13,Churned,No
SUB01486,CUST00624,P002,2024-11-15,,Active,Yes
SUB01487,CUST01887,P003,2025-08-28,,Active,Yes
SUB01488,CUST00165,P004,2024-01-19,,Active,Yes
SUB01489,CUST01303,P005,2025-10-01,2026-04-15,Churned,Yes
SUB01490,CUST01051,P004,2024-12-08,,Active,No
SUB01491,CUST01094,P004,2025-08-16,2025-12-07,Churned,Yes
SUB01492,CUST01242,P003,2026-02-04,,Active,Yes
SUB01493,CUST01986,P002,2026-01-02,,Active,No
SUB01494,CUST01389,P002,2024-12-08,2026-04-09,Churned,No
SUB01495,CUST01725,P003,2024-04-06,,Active,Yes
SUB01496,CUST01869,P001,2024-02-21,2024-10-09,Churned,Yes
SUB01497,CUST01971,P003,2024-06-23,,Active,Yes
SUB01498,CUST01330,P003,2024-12-03,,Active,Yes
SUB01499,CUST01148,P002,2025-11-24,2026-03-23,Churned,No
SUB01500,CUST00019,P005,2024-12-18,2025-04-15,Paused,Yes
SUB01501,CUST01281,P003,2025-01-25,,Active,Yes
SUB01502,CUST01320,P002,2024-04-24,2025-08-03,Churned,Yes
SUB01503,CUST01952,P003,2024-12-13,,Active,Yes
SUB01504,CUST01046,P003,2024-01-01,2024-05-29,Churned,Yes
SUB01505,CUST01904,P002,2024-03-03,,Active,Yes
SUB01506,CUST00989,P001,2026-01-29,,Active,No
SUB01507,CUST00450,P003,2026-01-12,,Active,Yes
SUB01508,CUST00552,P005,2024-08-13,,Active,No
SUB01509,CUST01574,P003,2025-02-26,,Active,Yes
SUB01510,CUST01072,P004,2024-01-19,,Active,Yes
SUB01511,CUST00695,P004,2024-01-31,,Active,Yes
SUB01512,CUST00587,P001,2026-04-24,2026-09-30,Paused,Yes
SUB01513,CUST00721,P003,2025-09-24,,Active,Yes
SUB01514,CUST01207,P002,2024-01-24,,Active,Yes
SUB01515,CUST01459,P002,2026-04-16,,Active,No
SUB01516,CUST00107,P003,2024-07-29,2025-12-01,Paused,No
SUB01517,CUST01212,P003,2024-06-09,,Active,Yes
SUB01518,CUST00776,P002,2024-09-11,,Active,Yes
SUB01519,CUST01110,P004,2025-07-24,,Active,No
SUB01520,CUST01860,P004,2024-04-23,,Active,Yes
SUB01521,CUST01867,P005,2025-05-18,,Active,No
SUB01522,CUST01480,P002,2025-11-02,,Active,No
SUB01523,CUST01161,P005,2024-08-07,,Active,Yes
SUB01524,CUST01882,P002,2024-12-22,,Active,Yes
SUB01525,CUST00898,P001,2024-06-17,,Active,Yes
SUB01526,CUST00336,P004,2025-06-07,,Active,Yes
SUB01527,CUST00607,P003,2024-08-29,,Active,Yes
SUB01528,CUST00838,P003,2025-01-09,2026-03-13,Paused,No
SUB01529,CUST01781,P003,2024-05-18,2024-12-21,Churned,Yes
SUB01530,CUST01493,P001,2024-04-06,,Active,Yes
SUB01531,CUST00602,P003,2024-05-26,,Active,Yes
SUB01532,CUST01595,P002,2024-06-30,,Active,Yes
SUB01533,CUST00403,P003,2024-02-26,,Active,Yes
SUB01534,CUST00540,P002,2024-02-11,,Active,Yes
SUB01535,CUST01096,P005,2026-05-15,,Active,Yes
SUB01536,CUST01806,P003,2025-12-11,2026-07-16,Paused,Yes
SUB01537,CUST00024,P003,2025-06-26,2026-04-13,Churned,Yes
SUB01538,CUST00624,P005,2025-11-22,,Active,Yes
SUB01539,CUST01836,P003,2024-01-02,,Active,Yes
SUB01540,CUST01509,P001,2024-10-14,2025-01-03,Paused,Yes
SUB01541,CUST01080,P001,2024-05-17,2024-11-02,Paused,No
SUB01542,CUST00986,P003,2025-09-08,2025-10-26,Paused,No
SUB01543,CUST00223,P002,2025-05-26,,Active,Yes
SUB01544,CUST01656,P003,2026-06-22,,Active,Yes
SUB01545,CUST00179,P002,2025-12-30,,Active,Yes
SUB01546,CUST00800,P002,2024-08-09,,Active,No
SUB01547,CUST00434,P003,2024-11-26,,Active,No
SUB01548,CUST01961,P005,2025-09-08,,Active,Yes
SUB01549,CUST01474,P003,2025-02-07,2025-05-22,Churned,Yes
SUB01550,CUST00793,P005,2025-05-22,2026-02-05,Churned,Yes
SUB01551,CUST00884,P005,2024-05-06,,Active,Yes
SUB01552,CUST00492,P002,2024-09-21,2025-02-27,Churned,Yes
SUB01553,CUST01213,P002,2025-12-12,,Active,Yes
SUB01554,CUST01602,P004,2026-02-02,2026-04-27,Churned,Yes
SUB01555,CUST00810,P004,2024-01-15,,Active,Yes
SUB01556,CUST00961,P003,2024-08-13,,Active,Yes
SUB01557,CUST00420,P005,2026-05-14,,Active,Yes
SUB01558,CUST01273,P001,2024-04-14,,Active,Yes
SUB01559,CUST01612,P002,2026-01-14,,Active,Yes
SUB01560,CUST00649,P003,2025-05-07,,Active,Yes
SUB01561,CUST01188,P003,2024-11-14,2025-09-10,Paused,Yes
SUB01562,CUST01769,P001,2024-08-06,,Active,Yes
SUB01563,CUST01279,P002,2024-10-03,,Active,Yes
SUB01564,CUST00476,P001,2026-02-11,,Active,Yes
SUB01565,CUST01830,P003,2026-06-11,,Active,Yes
SUB01566,CUST01441,P004,2024-12-06,,Active,Yes
SUB01567,CUST00170,P004,2025-03-27,2026-07-17,Churned,Yes
SUB01568,CUST01341,P003,2025-01-03,,Active,Yes
SUB01569,CUST00174,P003,2026-04-27,,Active,Yes
SUB01570,CUST00470,P003,2025-04-18,2025-08-25,Churned,Yes
SUB01571,CUST00345,P001,2024-07-08,,Active,Yes
SUB01572,CUST00445,P002,2026-06-02,,Active,Yes
SUB01573,CUST01042,P002,2025-02-22,2025-05-31,Churned,No
SUB01574,CUST01094,P004,2025-12-10,,Active,Yes
SUB01575,CUST01362,P004,2026-05-14,,Active,Yes
SUB01576,CUST00628,P003,2026-02-27,2026-09-30,Paused,Yes
SUB01577,CUST00592,P003,2026-04-27,,Active,No
SUB01578,CUST00527,P001,2025-05-09,,Active,Yes
SUB01579,CUST01712,P003,2024-02-08,2025-01-01,Paused,Yes
SUB01580,CUST00456,P003,2024-06-10,,Active,Yes
SUB01581,CUST01293,P003,2024-04-30,,Active,Yes
SUB01582,CUST01655,P002,2026-06-10,2026-09-30,Churned,No
SUB01583,CUST00811,P004,2025-02-02,2025-03-20,Churned,Yes
SUB01584,CUST00188,P003,2024-09-18,,Active,No
SUB01585,CUST01021,P004,2025-12-28,,Active,Yes
SUB01586,CUST01593,P004,2026-04-03,2026-09-30,Churned,Yes
SUB01587,CUST00711,P005,2025-07-14,2025-12-06,Churned,Yes
SUB01588,CUST00529,P002,2025-08-26,,Active,Yes
SUB01589,CUST00434,P001,2024-05-08,,Active,Yes
SUB01590,CUST00288,P002,2026-04-12,,Active,Yes
SUB01591,CUST01942,P001,2025-06-23,2025-12-21,Churned,Yes
SUB01592,CUST01591,P003,2024-12-21,2025-12-15,Churned,No
SUB01593,CUST00499,P003,2025-10-21,2026-03-15,Paused,Yes
SUB01594,CUST01465,P003,2025-03-07,2025-05-05,Churned,Yes
SUB01595,CUST01805,P002,2026-04-19,,Active,Yes
SUB01596,CUST00303,P004,2024-03-05,,Active,Yes
SUB01597,CUST00087,P001,2024-08-05,2025-07-23,Churned,Yes
SUB01598,CUST00830,P002,2025-07-16,2025-10-04,Churned,Yes
SUB01599,CUST00438,P003,2025-03-02,,Active,No
SUB01600,CUST00541,P004,2026-03-27,,Active,Yes
SUB01601,CUST01046,P002,2024-03-14,2024-06-11,Paused,Yes
SUB01602,CUST00833,P001,2025-04-04,,Active,Yes
SUB01603,CUST00797,P003,2025-02-28,,Active,No
SUB01604,CUST00560,P001,2025-12-11,,Active,Yes
SUB01605,CUST01541,P001,2024-07-10,,Active,Yes
SUB01606,CUST00762,P003,2024-07-07,,Active,No
SUB01607,CUST01699,P002,2024-01-12,2024-09-26,Churned,No
SUB01608,CUST01527,P002,2024-08-26,,Active,Yes
SUB01609,CUST01738,P003,2026-05-21,,Active,No
SUB01610,CUST00467,P005,2025-08-15,,Active,Yes
SUB01611,CUST01125,P005,2025-03-28,2026-01-10,Churned,Yes
SUB01612,CUST01607,P002,2025-01-17,2026-02-10,Paused,Yes
SUB01613,CUST01966,P002,2026-02-20,2026-03-26,Churned,No
SUB01614,CUST00675,P002,2026-03-12,2026-05-08,Paused,Yes
SUB01615,CUST00685,P002,2024-02-17,,Active,Yes
SUB01616,CUST01165,P003,2024-11-12,,Active,No
SUB01617,CUST00138,P003,2024-07-27,,Active,Yes
SUB01618,CUST00578,P003,2025-06-30,,Active,Yes
SUB01619,CUST00710,P002,2024-04-28,2025-02-05,Churned,Yes
SUB01620,CUST01864,P002,2025-07-30,,Active,Yes
SUB01621,CUST00228,P003,2024-11-10,2025-12-08,Paused,Yes
SUB01622,CUST00281,P002,2026-01-23,,Active,No
SUB01623,CUST00684,P003,2024-02-05,,Active,Yes
SUB01624,CUST00828,P003,2025-04-07,,Active,Yes
SUB01625,CUST00431,P003,2026-02-02,,Active,Yes
SUB01626,CUST01064,P003,2026-01-24,,Active,Yes
SUB01627,CUST01543,P003,2025-07-07,,Active,Yes
SUB01628,CUST01710,P002,2025-08-03,,Active,Yes
SUB01629,CUST01687,P001,2025-02-06,,Active,Yes
SUB01630,CUST01235,P003,2024-04-16,,Active,No
SUB01631,CUST00302,P002,2024-02-08,,Active,Yes
SUB01632,CUST01110,P003,2025-08-03,,Active,Yes
SUB01633,CUST01421,P003,2024-06-28,,Active,No
SUB01634,CUST01277,P004,2024-01-12,,Active,No
SUB01635,CUST00533,P005,2024-12-04,,Active,Yes
SUB01636,CUST00769,P001,2025-12-16,,Active,No
SUB01637,CUST01915,P005,2025-07-01,,Active,Yes
SUB01638,CUST01939,P003,2024-05-05,,Active,Yes
SUB01639,CUST01405,P003,2024-03-03,,Active,Yes
SUB01640,CUST00444,P001,2026-04-23,,Active,Yes
SUB01641,CUST01057,P004,2024-03-22,2025-07-26,Churned,No
SUB01642,CUST00260,P001,2026-03-29,,Active,Yes
SUB01643,CUST01258,P004,2024-10-25,,Active,Yes
SUB01644,CUST01539,P001,2024-02-03,2024-10-20,Churned,Yes
SUB01645,CUST01883,P003,2026-01-21,,Active,Yes
SUB01646,CUST01332,P002,2025-08-31,2026-09-30,Churned,Yes
SUB01647,CUST00739,P002,2024-02-18,,Active,Yes
SUB01648,CUST00796,P001,2025-10-19,,Active,Yes
SUB01649,CUST00070,P002,2025-09-28,2026-09-30,Churned,No
SUB01650,CUST01478,P001,2025-12-01,,Active,Yes
SUB01651,CUST01463,P003,2024-02-26,,Active,Yes
SUB01652,CUST01849,P003,2026-05-10,,Active,Yes
SUB01653,CUST01388,P004,2024-04-18,,Active,Yes
SUB01654,CUST00983,P003,2025-05-31,,Active,No
SUB01655,CUST01790,P001,2024-01-24,,Active,No
SUB01656,CUST00481,P002,2024-08-08,2025-08-29,Churned,Yes
SUB01657,CUST01168,P002,2024-11-10,2025-06-27,Churned,Yes
SUB01658,CUST00024,P004,2024-10-20,,Active,Yes
SUB01659,CUST00965,P004,2024-01-10,2025-01-05,Paused,Yes
SUB01660,CUST01449,P002,2025-11-07,,Active,Yes
SUB01661,CUST00746,P001,2025-04-25,,Active,No
SUB01662,CUST00845,P004,2025-12-27,2026-09-30,Churned,No
SUB01663,CUST01199,P004,2025-09-29,2026-09-30,Churned,Yes
SUB01664,CUST01868,P004,2024-09-23,2025-08-22,Churned,No
SUB01665,CUST00325,P004,2026-03-02,,Active,No
SUB01666,CUST01893,P003,2024-03-28,,Active,No
SUB01667,CUST01695,P002,2025-03-30,2026-05-16,Churned,No
SUB01668,CUST01884,P003,2025-09-17,,Active,Yes
SUB01669,CUST01372,P003,2025-06-16,,Active,Yes
SUB01670,CUST00798,P003,2024-05-27,,Active,No
SUB01671,CUST00018,P003,2026-01-26,2026-04-11,Churned,No
SUB01672,CUST00044,P002,2026-02-16,,Active,No
SUB01673,CUST00155,P002,2025-12-29,,Active,Yes
SUB01674,CUST00867,P002,2025-03-06,,Active,Yes
SUB01675,CUST00922,P001,2026-01-21,,Active,Yes
SUB01676,CUST01401,P003,2026-06-29,2026-08-25,Churned,Yes
SUB01677,CUST00743,P004,2026-01-13,,Active,Yes
SUB01678,CUST01907,P004,2026-01-13,,Active,Yes
SUB01679,CUST01852,P002,2024-08-29,,Active,Yes
SUB01680,CUST01426,P003,2025-12-02,,Active,Yes
SUB01681,CUST00225,P001,2026-06-20,,Active,Yes
SUB01682,CUST00217,P003,2026-01-10,,Active,Yes
SUB01683,CUST01592,P002,2024-03-06,,Active,Yes
SUB01684,CUST00031,P002,2025-01-12,,Active,Yes
SUB01685,CUST01893,P004,2025-01-22,2025-02-27,Churned,No
SUB01686,CUST01083,P003,2026-03-01,2026-09-30,Churned,Yes
SUB01687,CUST01916,P001,2026-02-19,,Active,Yes
SUB01688,CUST00898,P002,2024-07-27,,Active,No
SUB01689,CUST01377,P003,2025-02-18,2025-10-04,Paused,Yes
SUB01690,CUST00935,P002,2024-01-16,,Active,Yes
SUB01691,CUST00445,P004,2024-10-23,,Active,Yes
SUB01692,CUST01259,P003,2024-08-07,2024-12-08,Churned,No
SUB01693,CUST01131,P003,2026-02-07,,Active,Yes
SUB01694,CUST01215,P003,2025-01-01,,Active,No
SUB01695,CUST00530,P002,2026-02-18,,Active,No
SUB01696,CUST01937,P002,2024-08-16,,Active,Yes
SUB01697,CUST00738,P002,2025-09-22,2026-01-11,Churned,Yes
SUB01698,CUST01703,P003,2025-03-15,,Active,Yes
SUB01699,CUST01607,P002,2025-11-20,,Active,Yes
SUB01700,CUST00874,P004,2025-06-15,2025-10-10,Paused,Yes
SUB01701,CUST00566,P002,2025-03-25,2026-05-18,Paused,No
SUB01702,CUST01269,P001,2024-02-05,,Active,Yes
SUB01703,CUST01886,P001,2026-04-26,,Active,Yes
SUB01704,CUST00076,P001,2025-02-25,,Active,No
SUB01705,CUST00547,P002,2025-09-11,2026-04-14,Churned,Yes
SUB01706,CUST00267,P002,2024-07-07,,Active,Yes
SUB01707,CUST00317,P001,2024-06-26,,Active,Yes
SUB01708,CUST01836,P003,2025-08-30,,Active,Yes
SUB01709,CUST01145,P003,2024-11-10,,Active,Yes
SUB01710,CUST01860,P001,2024-01-20,,Active,No
SUB01711,CUST00025,P003,2025-11-06,,Active,Yes
SUB01712,CUST01456,P003,2025-01-16,,Active,Yes
SUB01713,CUST00160,P005,2025-08-31,,Active,Yes
SUB01714,CUST00596,P003,2024-05-22,,Active,Yes
SUB01715,CUST01138,P002,2024-03-02,,Active,Yes
SUB01716,CUST01759,P003,2024-08-29,2025-05-28,Churned,Yes
SUB01717,CUST00900,P003,2024-08-25,2024-11-30,Churned,No
SUB01718,CUST00502,P002,2024-05-10,,Active,Yes
SUB01719,CUST01190,P004,2025-08-27,,Active,No
SUB01720,CUST01013,P002,2025-08-25,,Active,Yes
SUB01721,CUST00703,P005,2025-10-06,,Active,No
SUB01722,CUST01199,P003,2024-05-02,,Active,Yes
SUB01723,CUST00001,P003,2025-03-15,,Active,Yes
SUB01724,CUST01923,P003,2024-12-07,2025-11-12,Churned,Yes
SUB01725,CUST00741,P003,2025-02-22,,Active,No
SUB01726,CUST01110,P003,2025-09-21,,Active,No
SUB01727,CUST01598,P004,2025-03-30,,Active,Yes
SUB01728,CUST00320,P003,2024-07-16,2025-11-08,Churned,Yes
SUB01729,CUST01425,P004,2024-10-08,,Active,Yes
SUB01730,CUST00382,P004,2026-06-04,2026-09-30,Churned,No
SUB01731,CUST01742,P005,2024-01-01,,Active,No
SUB01732,CUST01641,P003,2025-12-23,2026-09-30,Churned,No
SUB01733,CUST01342,P003,2026-02-13,2026-09-30,Paused,No
SUB01734,CUST01827,P002,2024-11-27,2025-07-01,Paused,No
SUB01735,CUST01274,P003,2024-07-30,,Active,Yes
SUB01736,CUST01549,P002,2024-03-27,,Active,No
SUB01737,CUST01699,P002,2025-10-26,,Active,Yes
SUB01738,CUST01579,P002,2026-05-11,2026-09-30,Paused,No
SUB01739,CUST00898,P004,2025-11-29,,Active,Yes
SUB01740,CUST01976,P004,2024-03-01,,Active,Yes
SUB01741,CUST01647,P003,2026-03-07,,Active,Yes
SUB01742,CUST00717,P003,2024-04-04,,Active,Yes
SUB01743,CUST01920,P003,2026-02-24,,Active,Yes
SUB01744,CUST01280,P003,2025-07-06,,Active,Yes
SUB01745,CUST00307,P002,2024-05-26,,Active,Yes
SUB01746,CUST01974,P002,2024-09-02,,Active,Yes
SUB01747,CUST01168,P002,2025-10-05,2026-09-30,Paused,Yes
SUB01748,CUST01682,P003,2024-10-23,2025-06-27,Churned,Yes
SUB01749,CUST00391,P003,2024-05-02,2024-09-16,Churned,No
SUB01750,CUST01837,P003,2025-10-16,,Active,No
SUB01751,CUST01700,P005,2025-11-24,2026-09-30,Churned,Yes
SUB01752,CUST01193,P001,2025-12-04,,Active,No
SUB01753,CUST00990,P002,2025-03-31,,Active,Yes
SUB01754,CUST00298,P002,2025-02-02,,Active,Yes
SUB01755,CUST00233,P001,2025-12-19,,Active,Yes
SUB01756,CUST01927,P002,2024-08-18,,Active,Yes
SUB01757,CUST00271,P002,2025-06-17,2025-08-23,Paused,Yes
SUB01758,CUST01084,P003,2025-02-05,,Active,No
SUB01759,CUST01320,P002,2025-08-14,,Active,Yes
SUB01760,CUST01491,P003,2024-05-09,,Active,Yes
SUB01761,CUST01259,P003,2024-10-18,,Active,No
SUB01762,CUST00677,P001,2024-10-02,,Active,Yes
SUB01763,CUST00706,P004,2026-06-30,,Active,Yes
SUB01764,CUST00234,P001,2026-04-14,2026-09-30,Churned,Yes
SUB01765,CUST01392,P004,2025-01-10,,Active,Yes
SUB01766,CUST01719,P005,2024-02-24,,Active,Yes
SUB01767,CUST00845,P002,2025-07-31,2026-09-30,Churned,Yes
SUB01768,CUST01256,P004,2026-01-08,2026-09-30,Churned,Yes
SUB01769,CUST01897,P004,2024-01-26,2024-11-26,Churned,Yes
SUB01770,CUST00491,P004,2025-03-16,,Active,Yes
SUB01771,CUST01643,P003,2026-02-03,,Active,Yes
SUB01772,CUST00503,P002,2024-07-15,,Active,Yes
SUB01773,CUST00890,P004,2025-10-03,2025-11-11,Churned,No
SUB01774,CUST01759,P002,2024-08-30,2024-10-24,Churned,Yes
SUB01775,CUST00592,P002,2026-04-03,,Active,Yes
SUB01776,CUST00746,P002,2025-12-24,,Active,Yes
SUB01777,CUST01405,P002,2024-07-08,2024-09-23,Churned,Yes
SUB01778,CUST01720,P003,2026-03-12,,Active,Yes
SUB01779,CUST00428,P003,2026-01-07,,Active,Yes
SUB01780,CUST00697,P004,2026-01-27,,Active,No
SUB01781,CUST00646,P001,2025-07-21,,Active,Yes
SUB01782,CUST00732,P005,2025-07-20,2026-07-31,Paused,Yes
SUB01783,CUST00800,P004,2024-10-02,,Active,Yes
SUB01784,CUST00364,P001,2026-03-28,,Active,No
SUB01785,CUST00202,P002,2025-02-12,,Active,Yes
SUB01786,CUST00882,P004,2024-12-05,,Active,Yes
SUB01787,CUST00146,P003,2024-06-01,,Active,Yes
SUB01788,CUST00836,P004,2025-07-18,,Active,Yes
SUB01789,CUST00639,P003,2025-02-01,,Active,Yes
SUB01790,CUST01481,P003,2025-03-19,,Active,No
SUB01791,CUST00135,P001,2025-09-14,2026-09-30,Churned,Yes
SUB01792,CUST00626,P003,2025-03-02,,Active,Yes
SUB01793,CUST01288,P001,2025-05-01,,Active,No
SUB01794,CUST00064,P003,2024-07-22,2024-09-03,Paused,Yes
SUB01795,CUST00491,P004,2024-04-21,,Active,Yes
SUB01796,CUST01671,P003,2024-11-20,2025-03-29,Churned,Yes
SUB01797,CUST00041,P005,2024-09-14,,Active,Yes
SUB01798,CUST01320,P003,2025-06-11,2026-01-13,Churned,Yes
SUB01799,CUST01027,P003,2024-12-15,2025-01-25,Churned,Yes
SUB01800,CUST00913,P003,2025-11-08,,Active,No
SUB01801,CUST01730,P005,2026-03-23,2026-09-30,Churned,No
SUB01802,CUST00975,P003,2026-06-12,2026-09-30,Paused,Yes
SUB01803,CUST01134,P002,2025-03-10,,Active,Yes
SUB01804,CUST01245,P005,2025-03-01,,Active,Yes
SUB01805,CUST01394,P003,2024-10-06,,Active,Yes
SUB01806,CUST00368,P001,2025-01-05,2025-11-09,Churned,Yes
SUB01807,CUST01460,P003,2025-10-31,,Active,No
SUB01808,CUST00918,P004,2024-09-05,,Active,Yes
SUB01809,CUST01028,P003,2026-06-09,,Active,No
SUB01810,CUST00244,P002,2024-06-29,,Active,Yes
SUB01811,CUST00902,P004,2025-12-03,,Active,Yes
SUB01812,CUST00166,P004,2025-10-12,,Active,Yes
SUB01813,CUST01050,P003,2024-03-18,2025-03-23,Churned,Yes
SUB01814,CUST01419,P002,2026-06-03,,Active,No
SUB01815,CUST01498,P002,2024-12-01,,Active,No
SUB01816,CUST01041,P003,2024-02-19,,Active,Yes
SUB01817,CUST00728,P004,2024-03-25,,Active,Yes
SUB01818,CUST01116,P002,2025-11-25,,Active,Yes
SUB01819,CUST00483,P002,2025-11-25,,Active,Yes
SUB01820,CUST00543,P001,2024-01-04,,Active,Yes
SUB01821,CUST01229,P003,2024-11-12,,Active,Yes
SUB01822,CUST01526,P001,2024-04-20,,Active,Yes
SUB01823,CUST00931,P001,2024-11-29,,Active,Yes
SUB01824,CUST00400,P001,2026-04-30,2026-09-30,Paused,No
SUB01825,CUST01231,P003,2026-02-01,,Active,Yes
SUB01826,CUST00619,P002,2024-05-12,2024-11-24,Churned,Yes
SUB01827,CUST01170,P002,2025-09-03,2026-02-01,Churned,Yes
SUB01828,CUST00879,P004,2025-11-14,,Active,Yes
SUB01829,CUST00101,P002,2026-03-09,2026-09-30,Churned,Yes
SUB01830,CUST00880,P002,2024-04-28,,Active,Yes
SUB01831,CUST00830,P005,2024-12-15,,Active,No
SUB01832,CUST01904,P002,2025-11-17,,Active,No
SUB01833,CUST01265,P003,2025-06-25,2025-10-27,Churned,No
SUB01834,CUST01947,P001,2024-02-24,,Active,Yes
SUB01835,CUST00759,P004,2024-12-26,2025-02-18,Churned,Yes
SUB01836,CUST00163,P002,2025-12-08,,Active,Yes
SUB01837,CUST01908,P004,2025-03-28,2025-05-13,Churned,Yes
SUB01838,CUST01197,P002,2025-07-06,,Active,Yes
SUB01839,CUST00502,P002,2025-11-15,,Active,Yes
SUB01840,CUST00547,P004,2024-11-25,,Active,Yes
SUB01841,CUST01308,P005,2024-08-06,,Active,Yes
SUB01842,CUST01383,P001,2024-07-26,,Active,No
SUB01843,CUST00381,P004,2025-10-31,2026-09-30,Paused,Yes
SUB01844,CUST00870,P002,2026-04-24,,Active,No
SUB01845,CUST00905,P003,2026-01-09,2026-03-08,Paused,Yes
SUB01846,CUST01996,P002,2024-03-25,,Active,Yes
SUB01847,CUST01935,P003,2025-11-15,2026-09-30,Churned,Yes
SUB01848,CUST01557,P002,2024-09-01,,Active,Yes
SUB01849,CUST01844,P002,2026-05-21,,Active,Yes
SUB01850,CUST01187,P001,2025-11-15,2026-09-30,Churned,Yes
SUB01851,CUST01002,P001,2024-11-30,,Active,Yes
SUB01852,CUST00609,P004,2024-07-30,,Active,Yes
SUB01853,CUST00307,P005,2025-08-18,,Active,Yes
SUB01854,CUST01363,P004,2025-11-15,,Active,Yes
SUB01855,CUST00055,P002,2024-07-01,,Active,Yes
SUB01856,CUST00983,P002,2024-05-12,2025-05-17,Churned,No
SUB01857,CUST00333,P003,2026-06-10,,Active,Yes
SUB01858,CUST00127,P005,2026-03-10,,Active,Yes
SUB01859,CUST01964,P003,2026-02-12,,Active,No
SUB01860,CUST00705,P004,2024-12-15,,Active,No
SUB01861,CUST00243,P005,2024-10-08,,Active,Yes
SUB01862,CUST01885,P004,2024-10-19,2025-09-26,Churned,Yes
SUB01863,CUST00600,P002,2024-09-25,2025-01-04,Churned,Yes
SUB01864,CUST01872,P001,2026-05-10,,Active,Yes
SUB01865,CUST01433,P003,2024-07-15,2025-05-10,Churned,Yes
SUB01866,CUST00503,P003,2025-06-20,,Active,Yes
SUB01867,CUST01751,P002,2025-10-14,2026-07-20,Churned,No
SUB01868,CUST00604,P002,2026-01-04,,Active,Yes
SUB01869,CUST00303,P004,2024-01-20,,Active,No
SUB01870,CUST01488,P003,2026-01-28,,Active,No
SUB01871,CUST00235,P002,2026-04-19,,Active,Yes
SUB01872,CUST01720,P003,2025-12-13,,Active,Yes
SUB01873,CUST01062,P003,2025-02-08,,Active,Yes
SUB01874,CUST00139,P004,2024-04-24,,Active,No
SUB01875,CUST00195,P002,2026-06-13,,Active,Yes
SUB01876,CUST01551,P003,2025-12-01,,Active,Yes
SUB01877,CUST01793,P003,2024-01-26,,Active,Yes
SUB01878,CUST00647,P001,2025-07-19,,Active,No
SUB01879,CUST00001,P004,2025-11-12,,Active,No
SUB01880,CUST00561,P002,2025-01-29,,Active,Yes
SUB01881,CUST01120,P002,2025-01-15,2025-12-05,Paused,Yes
SUB01882,CUST00713,P002,2025-06-06,2025-11-26,Paused,Yes
SUB01883,CUST00413,P002,2025-06-22,,Active,Yes
SUB01884,CUST00538,P002,2026-05-11,,Active,No
SUB01885,CUST01879,P004,2024-03-23,,Active,Yes
SUB01886,CUST00429,P001,2026-03-12,2026-09-30,Paused,No
SUB01887,CUST00235,P005,2025-07-03,,Active,Yes
SUB01888,CUST00349,P003,2025-03-20,,Active,Yes
SUB01889,CUST01780,P002,2024-03-27,,Active,Yes
SUB01890,CUST01894,P001,2026-04-12,,Active,Yes
SUB01891,CUST01505,P003,2025-01-21,,Active,Yes
SUB01892,CUST01863,P003,2025-10-29,,Active,Yes
SUB01893,CUST00396,P001,2025-02-01,,Active,Yes
SUB01894,CUST01375,P002,2026-03-30,,Active,Yes
SUB01895,CUST00416,P004,2024-10-12,,Active,Yes
SUB01896,CUST01910,P001,2025-11-28,,Active,Yes
SUB01897,CUST00916,P004,2025-11-24,,Active,Yes
SUB01898,CUST01911,P003,2025-01-03,2025-09-12,Churned,Yes
SUB01899,CUST01075,P002,2025-10-16,,Active,Yes
SUB01900,CUST00081,P002,2025-02-25,,Active,Yes
SUB01901,CUST00036,P001,2025-12-18,,Active,Yes
SUB01902,CUST01091,P004,2025-10-15,,Active,No
SUB01903,CUST00641,P001,2025-11-27,,Active,No
SUB01904,CUST00882,P002,2025-03-18,,Active,Yes
SUB01905,CUST01691,P003,2026-01-22,,Active,Yes
SUB01906,CUST00757,P002,2025-06-03,,Active,Yes
SUB01907,CUST00623,P003,2025-08-06,,Active,Yes
SUB01908,CUST01704,P004,2024-10-14,,Active,Yes
SUB01909,CUST01505,P003,2024-04-04,,Active,Yes
SUB01910,CUST00468,P005,2025-10-30,,Active,Yes
SUB01911,CUST01166,P004,2024-02-10,,Active,Yes
SUB01912,CUST00356,P002,2024-11-26,,Active,No
SUB01913,CUST00709,P002,2026-03-23,,Active,Yes
SUB01914,CUST01495,P002,2026-02-19,,Active,No
SUB01915,CUST01645,P003,2024-06-03,,Active,Yes
SUB01916,CUST01020,P002,2025-05-18,2025-08-30,Churned,Yes
SUB01917,CUST01912,P005,2024-10-01,2025-02-09,Churned,Yes
SUB01918,CUST01615,P003,2025-10-27,,Active,Yes
SUB01919,CUST00902,P002,2025-07-18,,Active,Yes
SUB01920,CUST00673,P003,2024-06-27,,Active,Yes
SUB01921,CUST00439,P002,2026-01-21,,Active,Yes
SUB01922,CUST00531,P004,2024-05-16,2024-07-04,Churned,Yes
SUB01923,CUST00127,P003,2026-02-05,2026-07-01,Churned,Yes
SUB01924,CUST00205,P001,2026-01-05,2026-07-27,Paused,Yes
SUB01925,CUST00029,P002,2024-06-28,,Active,No
SUB01926,CUST00445,P004,2024-06-30,,Active,Yes
SUB01927,CUST00966,P003,2024-09-15,2025-10-22,Churned,No
SUB01928,CUST01743,P005,2024-08-30,,Active,Yes
SUB01929,CUST00464,P001,2024-04-05,2024-10-24,Churned,No
SUB01930,CUST01304,P002,2024-07-15,,Active,Yes
SUB01931,CUST00151,P002,2026-06-22,,Active,Yes
SUB01932,CUST00240,P003,2025-06-09,,Active,Yes
SUB01933,CUST00266,P002,2025-09-23,,Active,No
SUB01934,CUST01718,P002,2025-01-21,,Active,Yes
SUB01935,CUST01129,P003,2025-02-11,,Active,Yes
SUB01936,CUST01961,P003,2024-09-25,,Active,No
SUB01937,CUST01457,P002,2024-06-19,,Active,Yes
SUB01938,CUST00913,P003,2025-08-06,,Active,Yes
SUB01939,CUST00497,P003,2025-11-21,,Active,Yes
SUB01940,CUST01464,P002,2024-06-18,2024-07-21,Churned,Yes
SUB01941,CUST01772,P002,2024-06-07,,Active,Yes
SUB01942,CUST00685,P002,2025-05-23,,Active,Yes
SUB01943,CUST00158,P003,2025-03-22,2026-03-26,Paused,No
SUB01944,CUST00172,P004,2025-10-27,2026-04-22,Paused,Yes
SUB01945,CUST00494,P002,2024-03-22,,Active,Yes
SUB01946,CUST00970,P002,2024-02-26,2025-04-25,Churned,Yes
SUB01947,CUST01335,P004,2025-06-02,,Active,No
SUB01948,CUST01427,P005,2024-04-21,,Active,Yes
SUB01949,CUST01693,P003,2024-02-17,,Active,No
SUB01950,CUST01794,P005,2025-08-14,,Active,Yes
SUB01951,CUST00676,P003,2026-06-05,2026-09-30,Churned,Yes
SUB01952,CUST00659,P003,2025-01-10,2025-12-26,Churned,Yes
SUB01953,CUST00903,P002,2026-04-07,2026-09-30,Paused,Yes
SUB01954,CUST00666,P002,2024-02-02,2024-08-16,Churned,Yes
SUB01955,CUST01487,P001,2025-05-18,,Active,Yes
SUB01956,CUST00367,P004,2025-09-18,,Active,Yes
SUB01957,CUST00550,P005,2026-06-14,2026-09-30,Paused,No
SUB01958,CUST00643,P003,2024-01-03,2024-05-29,Churned,No
SUB01959,CUST01894,P002,2025-04-30,2025-09-06,Churned,No
SUB01960,CUST00255,P002,2025-05-30,2026-03-29,Paused,No
SUB01961,CUST00208,P002,2026-05-17,,Active,Yes
SUB01962,CUST00450,P002,2026-02-10,2026-09-02,Churned,Yes
SUB01963,CUST00095,P003,2024-02-11,2024-08-17,Churned,No
SUB01964,CUST01884,P005,2024-01-09,2025-02-25,Paused,Yes
SUB01965,CUST00839,P001,2026-03-29,,Active,Yes
SUB01966,CUST00478,P001,2025-10-18,,Active,Yes
SUB01967,CUST00683,P003,2025-08-31,,Active,Yes
SUB01968,CUST00762,P002,2026-02-26,,Active,Yes
SUB01969,CUST00190,P004,2024-05-21,,Active,Yes
SUB01970,CUST00711,P002,2026-02-28,,Active,Yes
SUB01971,CUST01508,P002,2025-03-11,,Active,No
SUB01972,CUST01757,P002,2024-01-27,,Active,No
SUB01973,CUST01560,P001,2024-02-12,,Active,No
SUB01974,CUST00756,P003,2024-05-10,,Active,Yes
SUB01975,CUST01447,P002,2024-08-03,,Active,No
SUB01976,CUST00836,P002,2025-08-28,,Active,No
SUB01977,CUST01664,P003,2025-06-03,,Active,Yes
SUB01978,CUST01629,P001,2025-08-20,,Active,No
SUB01979,CUST01836,P001,2024-12-10,,Active,Yes
SUB01980,CUST00133,P003,2025-05-22,,Active,No
SUB01981,CUST00055,P003,2025-10-11,2026-06-24,Churned,Yes
SUB01982,CUST00510,P005,2026-05-30,,Active,Yes
SUB01983,CUST00670,P002,2025-02-16,,Active,Yes
SUB01984,CUST01565,P001,2024-09-02,2025-11-28,Churned,Yes
SUB01985,CUST00410,P001,2025-03-24,,Active,Yes
SUB01986,CUST01235,P002,2024-01-21,2024-03-28,Paused,No
SUB01987,CUST01690,P003,2025-02-11,2026-06-18,Churned,No
SUB01988,CUST01317,P004,2025-04-01,,Active,No
SUB01989,CUST00987,P003,2025-03-19,,Active,Yes
SUB01990,CUST00734,P002,2024-09-21,,Active,No
SUB01991,CUST01139,P003,2025-10-21,,Active,Yes
SUB01992,CUST01973,P004,2024-07-02,,Active,No
SUB01993,CUST01694,P002,2024-08-14,,Active,Yes
SUB01994,CUST00259,P003,2026-03-14,2026-09-30,Churned,Yes
SUB01995,CUST01787,P005,2025-07-01,,Active,No
SUB01996,CUST01146,P003,2024-09-02,,Active,No
SUB01997,CUST00299,P003,2024-03-13,,Active,Yes
SUB01998,CUST01799,P002,2024-05-29,,Active,No
SUB01999,CUST01405,P002,2025-05-27,,Active,Yes
SUB02000,CUST00561,P001,2024-03-09,,Active,Yes
SUB02001,CUST01913,P003,2026-03-15,,Active,Yes
SUB02002,CUST01865,P001,2024-08-17,2025-04-01,Paused,Yes
SUB02003,CUST01525,P004,2025-12-23,,Active,Yes
SUB02004,CUST00297,P004,2024-03-12,,Active,Yes
SUB02005,CUST00362,P003,2026-05-24,,Active,Yes
SUB02006,CUST00589,P001,2025-08-30,,Active,Yes
SUB02007,CUST01487,P001,2025-01-31,,Active,Yes
SUB02008,CUST01462,P004,2024-03-24,2024-09-05,Churned,Yes
SUB02009,CUST00127,P003,2026-01-09,2026-05-22,Paused,Yes
SUB02010,CUST00197,P003,2024-10-25,,Active,Yes
SUB02011,CUST00221,P002,2026-01-17,,Active,Yes
SUB02012,CUST00995,P003,2024-10-19,,Active,Yes
SUB02013,CUST00091,P003,2026-01-03,,Active,Yes
SUB02014,CUST00411,P003,2024-08-10,,Active,Yes
SUB02015,CUST00008,P003,2026-03-03,,Active,No
SUB02016,CUST00544,P004,2026-01-02,,Active,Yes
SUB02017,CUST00468,P002,2024-08-03,,Active,Yes
SUB02018,CUST00320,P001,2024-08-18,2025-12-30,Churned,Yes
SUB02019,CUST01418,P003,2025-02-08,2025-09-18,Churned,Yes
SUB02020,CUST00269,P001,2024-06-17,,Active,No
SUB02021,CUST01215,P004,2024-11-24,,Active,Yes
SUB02022,CUST01885,P003,2025-03-01,2025-12-05,Paused,Yes
SUB02023,CUST01699,P004,2025-07-07,,Active,Yes
SUB02024,CUST00061,P003,2026-02-08,2026-03-22,Churned,Yes
SUB02025,CUST01462,P001,2024-07-14,,Active,Yes
SUB02026,CUST01288,P002,2026-06-22,,Active,No
SUB02027,CUST00797,P004,2025-08-30,,Active,No
SUB02028,CUST01119,P002,2026-04-08,2026-07-01,Churned,Yes
SUB02029,CUST00553,P003,2025-06-09,,Active,No
SUB02030,CUST00926,P004,2025-09-16,,Active,Yes
SUB02031,CUST01494,P002,2024-03-17,,Active,No
SUB02032,CUST00661,P002,2024-10-03,2025-10-11,Churned,No
SUB02033,CUST00716,P003,2025-04-10,2025-08-02,Paused,Yes
SUB02034,CUST00779,P004,2025-03-23,2025-08-08,Paused,Yes
SUB02035,CUST01538,P002,2024-11-15,2025-01-26,Paused,Yes
SUB02036,CUST01714,P005,2024-06-08,,Active,Yes
SUB02037,CUST01961,P003,2025-05-06,,Active,Yes
SUB02038,CUST00194,P005,2024-11-08,,Active,No
SUB02039,CUST00482,P001,2025-09-22,,Active,No
SUB02040,CUST01923,P001,2024-06-09,2025-07-31,Churned,No
SUB02041,CUST01360,P004,2024-11-03,2025-02-11,Churned,No
SUB02042,CUST01459,P004,2026-05-12,,Active,No
SUB02043,CUST01220,P002,2024-05-25,,Active,Yes
SUB02044,CUST00855,P003,2025-11-05,2026-09-30,Paused,Yes
SUB02045,CUST01273,P004,2025-01-30,,Active,Yes
SUB02046,CUST00498,P001,2025-11-21,,Active,Yes
SUB02047,CUST00212,P003,2024-03-29,,Active,Yes
SUB02048,CUST00665,P004,2026-01-04,,Active,Yes
SUB02049,CUST00670,P002,2026-02-16,,Active,No
SUB02050,CUST01490,P002,2026-01-20,,Active,No
SUB02051,CUST01898,P004,2024-11-03,,Active,Yes
SUB02052,CUST01675,P002,2025-06-29,2026-04-22,Paused,No
SUB02053,CUST00221,P001,2025-01-05,,Active,Yes
SUB02054,CUST00273,P005,2025-03-26,,Active,No
SUB02055,CUST01178,P003,2024-06-15,2024-09-11,Paused,Yes
SUB02056,CUST01273,P004,2025-01-26,,Active,Yes
SUB02057,CUST00279,P004,2025-09-28,,Active,No
SUB02058,CUST01464,P001,2026-01-05,2026-09-30,Churned,Yes
SUB02059,CUST01972,P002,2025-05-05,,Active,Yes
SUB02060,CUST00816,P002,2024-05-29,2025-09-08,Churned,Yes
SUB02061,CUST00276,P002,2025-04-12,,Active,Yes
SUB02062,CUST01005,P003,2025-12-01,,Active,No
SUB02063,CUST00514,P003,2024-02-12,,Active,Yes
SUB02064,CUST01112,P003,2024-01-29,,Active,No
SUB02065,CUST01823,P002,2026-05-23,2026-08-04,Churned,Yes
SUB02066,CUST00923,P002,2025-09-23,,Active,Yes
SUB02067,CUST00642,P003,2026-04-28,2026-09-30,Paused,Yes
SUB02068,CUST00505,P003,2024-01-31,2025-03-25,Churned,No
SUB02069,CUST00590,P001,2025-11-23,,Active,Yes
SUB02070,CUST00772,P003,2025-11-04,2025-12-17,Churned,Yes
SUB02071,CUST01265,P001,2024-05-07,,Active,Yes
SUB02072,CUST01677,P002,2026-02-05,,Active,Yes
SUB02073,CUST00740,P003,2024-10-20,2025-11-24,Churned,No
SUB02074,CUST00675,P001,2025-03-16,,Active,Yes
SUB02075,CUST01260,P003,2026-05-18,,Active,Yes
SUB02076,CUST01014,P002,2025-01-22,,Active,Yes
SUB02077,CUST00128,P001,2026-02-04,,Active,Yes
SUB02078,CUST00503,P002,2025-10-03,,Active,Yes
SUB02079,CUST01224,P005,2025-06-07,,Active,Yes
SUB02080,CUST01986,P003,2025-06-30,,Active,Yes
SUB02081,CUST00902,P005,2025-12-10,,Active,Yes
SUB02082,CUST00543,P003,2026-01-29,,Active,Yes
SUB02083,CUST01526,P003,2024-04-19,,Active,No
SUB02084,CUST01674,P002,2024-11-23,,Active,No
SUB02085,CUST00492,P002,2025-02-08,2025-06-29,Churned,Yes
SUB02086,CUST01045,P002,2024-09-01,,Active,Yes
SUB02087,CUST01258,P002,2026-01-31,,Active,Yes
SUB02088,CUST00714,P003,2026-05-27,,Active,No
SUB02089,CUST00791,P002,2026-04-08,,Active,Yes
SUB02090,CUST01667,P002,2024-06-11,,Active,No
SUB02091,CUST00416,P002,2025-07-13,2026-08-25,Paused,Yes
SUB02092,CUST00148,P002,2025-02-02,2026-01-11,Paused,Yes
SUB02093,CUST00970,P003,2025-08-05,2026-09-30,Churned,Yes
SUB02094,CUST00029,P004,2025-02-02,2025-10-17,Paused,Yes
SUB02095,CUST01385,P002,2025-05-07,,Active,Yes
SUB02096,CUST00308,P002,2025-10-07,,Active,No
SUB02097,CUST01907,P002,2024-08-26,2025-03-12,Churned,No
SUB02098,CUST01966,P004,2025-04-09,,Active,No
SUB02099,CUST00162,P001,2025-08-02,2026-09-11,Churned,Yes
SUB02100,CUST00869,P003,2026-02-28,2026-09-30,Churned,Yes
SUB02101,CUST00852,P003,2024-02-01,2024-11-02,Paused,Yes
SUB02102,CUST00061,P002,2024-05-02,,Active,Yes
SUB02103,CUST00125,P002,2025-06-17,2026-04-08,Churned,No
SUB02104,CUST01480,P002,2025-10-28,,Active,Yes
SUB02105,CUST01095,P004,2024-04-19,,Active,Yes
SUB02106,CUST00838,P003,2024-09-27,,Active,No
SUB02107,CUST01931,P003,2025-01-14,2026-01-15,Churned,No
SUB02108,CUST01900,P003,2024-10-26,2025-07-25,Paused,Yes
SUB02109,CUST00466,P003,2025-09-18,,Active,Yes
SUB02110,CUST00243,P003,2026-01-01,,Active,No
SUB02111,CUST01514,P001,2026-01-11,,Active,Yes
SUB02112,CUST01785,P002,2026-02-02,2026-08-08,Paused,No
SUB02113,CUST01245,P002,2024-09-05,,Active,Yes
SUB02114,CUST00473,P003,2025-06-04,,Active,Yes
SUB02115,CUST00959,P001,2024-02-03,,Active,Yes
SUB02116,CUST00533,P003,2024-08-15,,Active,No
SUB02117,CUST00494,P002,2025-08-07,,Active,No
SUB02118,CUST00899,P005,2025-02-02,,Active,No
SUB02119,CUST00082,P002,2026-03-23,2026-09-30,Paused,Yes
SUB02120,CUST00856,P002,2025-12-24,2026-09-30,Churned,No
SUB02121,CUST00879,P004,2025-08-06,,Active,Yes
SUB02122,CUST01546,P002,2025-07-23,2026-07-14,Paused,Yes
SUB02123,CUST00923,P005,2024-08-07,,Active,Yes
SUB02124,CUST00012,P001,2025-01-05,,Active,No
SUB02125,CUST01287,P002,2026-02-25,,Active,No
SUB02126,CUST01681,P003,2026-01-30,,Active,Yes
SUB02127,CUST00449,P004,2025-06-11,2025-07-28,Churned,Yes
SUB02128,CUST01216,P002,2024-03-15,,Active,No
SUB02129,CUST00762,P005,2025-09-09,,Active,Yes
SUB02130,CUST01138,P003,2024-05-15,2024-09-04,Churned,No
SUB02131,CUST00026,P004,2024-03-14,,Active,Yes
SUB02132,CUST01807,P002,2024-09-10,2025-09-09,Churned,Yes
SUB02133,CUST01523,P002,2024-01-18,2024-10-04,Churned,Yes
SUB02134,CUST00508,P004,2024-02-12,,Active,Yes
SUB02135,CUST01569,P005,2024-02-19,2025-02-24,Churned,Yes
SUB02136,CUST00062,P003,2025-05-29,,Active,Yes
SUB02137,CUST00229,P001,2026-01-13,,Active,Yes
SUB02138,CUST01839,P001,2025-12-31,,Active,Yes
SUB02139,CUST00607,P003,2025-07-24,,Active,No
SUB02140,CUST01059,P001,2026-03-06,2026-09-30,Paused,Yes
SUB02141,CUST01729,P002,2026-03-24,,Active,Yes
SUB02142,CUST01480,P002,2025-07-29,,Active,No
SUB02143,CUST01612,P003,2025-08-04,2026-02-16,Paused,Yes
SUB02144,CUST00891,P001,2024-10-29,,Active,Yes
SUB02145,CUST01526,P003,2024-05-21,,Active,Yes
SUB02146,CUST00761,P003,2026-06-21,,Active,No
SUB02147,CUST00595,P003,2024-07-20,2024-09-29,Churned,No
SUB02148,CUST01049,P002,2024-07-25,,Active,Yes
SUB02149,CUST01593,P002,2025-02-18,,Active,No
SUB02150,CUST01056,P003,2024-08-08,,Active,Yes
SUB02151,CUST01855,P004,2024-12-27,,Active,Yes
SUB02152,CUST01036,P003,2026-01-27,2026-09-30,Churned,No
SUB02153,CUST01343,P005,2024-03-21,,Active,Yes
SUB02154,CUST01869,P003,2026-02-01,,Active,No
SUB02155,CUST01628,P004,2025-07-16,,Active,Yes
SUB02156,CUST00001,P002,2024-10-11,2025-07-15,Churned,Yes
SUB02157,CUST01459,P002,2025-01-03,2026-04-15,Churned,No
SUB02158,CUST01862,P003,2025-05-06,,Active,Yes
SUB02159,CUST01160,P002,2026-06-29,,Active,No
SUB02160,CUST01220,P003,2026-06-14,,Active,No
SUB02161,CUST00133,P002,2024-12-11,,Active,No
SUB02162,CUST00086,P003,2024-07-22,,Active,Yes
SUB02163,CUST01500,P003,2024-01-25,,Active,Yes
SUB02164,CUST01831,P003,2025-07-06,,Active,No
SUB02165,CUST01815,P005,2024-03-09,2025-04-22,Paused,No
SUB02166,CUST01348,P002,2025-05-30,,Active,Yes
SUB02167,CUST01204,P002,2025-05-06,2026-03-17,Churned,No
SUB02168,CUST00516,P002,2024-08-27,,Active,Yes
SUB02169,CUST01662,P004,2024-12-26,2025-02-13,Paused,No
SUB02170,CUST00175,P003,2025-03-16,,Active,Yes
SUB02171,CUST00763,P003,2024-01-31,,Active,Yes
SUB02172,CUST01045,P002,2026-06-17,2026-09-30,Churned,Yes
SUB02173,CUST00997,P003,2025-09-20,,Active,Yes
SUB02174,CUST01976,P002,2025-12-07,,Active,No
SUB02175,CUST01129,P003,2025-08-24,,Active,Yes
SUB02176,CUST00578,P004,2025-11-20,2026-09-30,Churned,No
SUB02177,CUST01467,P003,2025-10-18,,Active,Yes
SUB02178,CUST01799,P003,2025-12-14,2026-09-30,Churned,Yes
SUB02179,CUST00049,P003,2024-11-17,,Active,Yes
SUB02180,CUST00528,P003,2024-12-09,,Active,Yes
SUB02181,CUST00145,P002,2025-12-15,,Active,Yes
SUB02182,CUST01364,P003,2025-06-19,,Active,Yes
SUB02183,CUST00762,P002,2024-12-20,,Active,Yes
SUB02184,CUST01879,P001,2025-04-15,,Active,Yes
SUB02185,CUST01378,P002,2024-04-14,,Active,Yes
SUB02186,CUST01099,P003,2026-02-25,,Active,No
SUB02187,CUST01826,P002,2024-11-17,,Active,Yes
SUB02188,CUST00929,P003,2025-07-25,2025-10-04,Churned,Yes
SUB02189,CUST00794,P001,2026-06-01,2026-09-30,Churned,Yes
SUB02190,CUST01602,P002,2025-06-10,2025-10-04,Churned,Yes
SUB02191,CUST01661,P003,2025-05-18,,Active,Yes
SUB02192,CUST00319,P002,2024-03-25,2025-01-09,Churned,Yes
SUB02193,CUST01111,P003,2025-12-09,,Active,No
SUB02194,CUST01577,P003,2024-08-22,,Active,No
SUB02195,CUST00698,P005,2026-05-05,2026-09-30,Churned,Yes
SUB02196,CUST01890,P003,2024-09-19,2025-08-11,Paused,No
SUB02197,CUST01916,P001,2024-01-06,,Active,Yes
SUB02198,CUST00847,P002,2025-05-08,,Active,Yes
SUB02199,CUST01802,P001,2026-06-11,,Active,Yes
SUB02200,CUST00783,P004,2024-10-15,,Active,Yes
SUB02201,CUST00042,P001,2025-07-23,2026-08-06,Churned,Yes
SUB02202,CUST01117,P002,2025-10-18,,Active,Yes
SUB02203,CUST01721,P002,2026-05-27,2026-09-30,Churned,No
SUB02204,CUST01751,P004,2025-07-07,,Active,Yes
SUB02205,CUST01531,P002,2024-12-15,2025-06-29,Churned,Yes
SUB02206,CUST00529,P005,2024-07-18,2025-06-25,Paused,Yes
SUB02207,CUST01980,P001,2025-11-16,,Active,No
SUB02208,CUST01289,P001,2026-06-15,,Active,Yes
SUB02209,CUST01650,P002,2024-11-30,2025-08-05,Churned,Yes
SUB02210,CUST00292,P004,2025-08-29,,Active,Yes
SUB02211,CUST00969,P004,2024-08-04,,Active,Yes
SUB02212,CUST01488,P001,2025-09-14,,Active,Yes
SUB02213,CUST01828,P001,2024-12-18,,Active,Yes
SUB02214,CUST01584,P003,2025-11-22,2026-09-30,Churned,Yes
SUB02215,CUST01843,P001,2025-11-05,,Active,Yes
SUB02216,CUST00097,P001,2025-09-22,2026-09-30,Paused,Yes
SUB02217,CUST01911,P001,2024-11-20,,Active,Yes
SUB02218,CUST01119,P001,2026-06-19,2026-09-30,Churned,Yes
SUB02219,CUST01350,P002,2024-08-15,,Active,Yes
SUB02220,CUST00074,P001,2024-05-24,,Active,Yes
SUB02221,CUST01360,P002,2024-11-03,,Active,No
SUB02222,CUST01092,P004,2025-10-15,2026-03-26,Churned,Yes
SUB02223,CUST00758,P002,2025-09-25,,Active,Yes
SUB02224,CUST01942,P003,2024-10-11,2025-06-04,Churned,Yes
SUB02225,CUST01101,P001,2025-01-26,,Active,No
SUB02226,CUST00208,P003,2026-01-07,,Active,No
SUB02227,CUST01908,P002,2024-12-25,2025-03-15,Churned,Yes
SUB02228,CUST01790,P003,2026-02-07,,Active,Yes
SUB02229,CUST01245,P001,2026-03-07,,Active,Yes
SUB02230,CUST01286,P004,2024-06-13,,Active,Yes
SUB02231,CUST00410,P002,2026-01-02,,Active,No
SUB02232,CUST00331,P002,2025-08-03,,Active,Yes
SUB02233,CUST00344,P005,2026-03-31,,Active,Yes
SUB02234,CUST00989,P003,2024-08-11,,Active,Yes
SUB02235,CUST00771,P002,2024-05-03,2024-09-15,Churned,Yes
SUB02236,CUST01844,P005,2024-12-09,2026-02-03,Paused,No
SUB02237,CUST00074,P002,2026-04-30,,Active,Yes
SUB02238,CUST01661,P001,2025-06-07,,Active,No
SUB02239,CUST01724,P005,2024-02-21,,Active,Yes
SUB02240,CUST00254,P002,2024-05-08,2024-12-07,Churned,Yes
SUB02241,CUST00959,P004,2024-05-14,,Active,Yes
SUB02242,CUST01857,P002,2025-10-18,,Active,Yes
SUB02243,CUST00820,P003,2024-05-06,2024-12-22,Paused,Yes
SUB02244,CUST01771,P003,2026-01-07,,Active,Yes
SUB02245,CUST00986,P005,2024-03-11,2024-04-20,Churned,Yes
SUB02246,CUST01786,P003,2024-09-29,,Active,Yes
SUB02247,CUST00332,P001,2024-07-05,,Active,Yes
SUB02248,CUST01422,P003,2024-01-03,2024-10-12,Churned,Yes
SUB02249,CUST01369,P001,2024-10-11,,Active,Yes
SUB02250,CUST01608,P004,2024-01-22,2024-07-19,Churned,No
SUB02251,CUST00747,P004,2024-06-14,,Active,Yes
SUB02252,CUST00836,P003,2024-11-05,2025-11-23,Churned,Yes
SUB02253,CUST01692,P004,2026-05-24,,Active,Yes
SUB02254,CUST00455,P001,2025-04-21,,Active,No
SUB02255,CUST01930,P003,2025-05-12,,Active,Yes
SUB02256,CUST01139,P002,2025-03-09,,Active,No
SUB02257,CUST00313,P003,2026-01-27,,Active,Yes
SUB02258,CUST01018,P001,2024-08-21,,Active,Yes
SUB02259,CUST00228,P004,2026-04-16,,Active,Yes
SUB02260,CUST00834,P001,2025-10-31,,Active,Yes
SUB02261,CUST00858,P003,2025-10-24,,Active,Yes
SUB02262,CUST01269,P001,2025-12-25,,Active,No
SUB02263,CUST00818,P004,2025-01-10,,Active,Yes
SUB02264,CUST01550,P002,2025-12-30,2026-09-30,Paused,No
SUB02265,CUST01018,P003,2024-09-02,,Active,Yes
SUB02266,CUST00528,P002,2024-10-29,,Active,Yes
SUB02267,CUST00950,P003,2025-02-08,,Active,Yes
SUB02268,CUST00427,P002,2026-02-26,2026-09-30,Churned,Yes
SUB02269,CUST00042,P003,2025-10-24,,Active,No
SUB02270,CUST00465,P002,2025-12-08,,Active,Yes
SUB02271,CUST01646,P004,2024-01-21,,Active,No
SUB02272,CUST00278,P001,2024-09-13,,Active,Yes
SUB02273,CUST00836,P002,2025-02-02,2026-04-02,Churned,Yes
SUB02274,CUST00019,P003,2025-06-12,,Active,No
SUB02275,CUST00066,P001,2024-02-20,,Active,Yes
SUB02276,CUST00167,P002,2025-03-22,2026-07-08,Churned,No
SUB02277,CUST01609,P005,2024-09-26,,Active,Yes
SUB02278,CUST01020,P005,2026-04-06,2026-08-09,Churned,No
SUB02279,CUST00403,P003,2025-08-17,,Active,Yes
SUB02280,CUST01936,P002,2026-03-28,2026-08-10,Churned,Yes
SUB02281,CUST01846,P002,2025-09-27,2026-03-18,Churned,Yes
SUB02282,CUST00409,P003,2026-03-12,,Active,Yes
SUB02283,CUST00112,P001,2024-09-18,2025-04-01,Churned,Yes
SUB02284,CUST01298,P005,2024-12-30,,Active,Yes
SUB02285,CUST01431,P002,2024-02-18,,Active,Yes
SUB02286,CUST01397,P005,2025-06-01,,Active,Yes
SUB02287,CUST00597,P003,2025-09-20,,Active,Yes
SUB02288,CUST00651,P004,2024-04-27,2024-05-27,Churned,Yes
SUB02289,CUST01063,P001,2025-03-28,,Active,Yes
SUB02290,CUST00105,P004,2026-02-13,2026-04-29,Paused,Yes
SUB02291,CUST00324,P002,2026-05-14,,Active,Yes
SUB02292,CUST01817,P003,2026-06-04,,Active,Yes
SUB02293,CUST01983,P004,2025-10-02,,Active,Yes
SUB02294,CUST00992,P002,2025-01-31,,Active,No
SUB02295,CUST01438,P002,2025-11-13,2026-08-11,Churned,Yes
SUB02296,CUST00429,P003,2024-01-27,2025-02-03,Churned,Yes
SUB02297,CUST00635,P002,2025-12-11,2026-09-30,Churned,Yes
SUB02298,CUST00730,P003,2025-01-06,2025-11-09,Churned,Yes
SUB02299,CUST00889,P002,2026-06-17,,Active,No
SUB02300,CUST01085,P002,2026-04-05,,Active,No
SUB02301,CUST01636,P003,2026-05-06,,Active,Yes
SUB02302,CUST01331,P003,2024-04-06,,Active,Yes
SUB02303,CUST01378,P002,2025-06-12,,Active,Yes
SUB02304,CUST00393,P004,2025-11-15,,Active,Yes
SUB02305,CUST00204,P004,2025-09-04,,Active,No
SUB02306,CUST00258,P003,2024-07-04,,Active,Yes
SUB02307,CUST00486,P002,2025-11-26,2025-12-28,Churned,Yes
SUB02308,CUST01541,P002,2024-08-02,,Active,Yes
SUB02309,CUST00446,P003,2024-09-07,,Active,Yes
SUB02310,CUST01733,P003,2024-08-03,,Active,Yes
SUB02311,CUST01204,P002,2024-01-29,2024-07-18,Churned,No
SUB02312,CUST01024,P003,2024-04-11,2025-05-31,Paused,Yes
SUB02313,CUST00342,P002,2024-05-02,,Active,No
SUB02314,CUST00133,P001,2024-02-23,,Active,Yes
SUB02315,CUST00443,P003,2024-10-09,2025-01-07,Paused,Yes
SUB02316,CUST01860,P003,2025-09-05,,Active,Yes
SUB02317,CUST00253,P002,2024-04-26,2025-07-15,Churned,Yes
SUB02318,CUST00265,P003,2025-09-07,2026-07-27,Churned,No
SUB02319,CUST00093,P005,2025-07-10,,Active,Yes
SUB02320,CUST01686,P003,2024-04-23,,Active,Yes
SUB02321,CUST01435,P003,2026-05-04,,Active,Yes
SUB02322,CUST00138,P001,2025-06-26,,Active,Yes
SUB02323,CUST01232,P002,2025-11-06,2026-07-18,Churned,No
SUB02324,CUST01002,P002,2025-12-01,2026-09-30,Churned,Yes
SUB02325,CUST01661,P003,2024-10-19,2025-05-06,Churned,Yes
SUB02326,CUST01770,P004,2024-07-13,,Active,Yes
SUB02327,CUST01597,P002,2024-10-18,,Active,Yes
SUB02328,CUST00307,P002,2026-06-05,,Active,Yes
SUB02329,CUST00266,P002,2024-09-17,,Active,No
SUB02330,CUST00646,P002,2024-07-25,,Active,Yes
SUB02331,CUST00318,P005,2025-07-17,,Active,Yes
SUB02332,CUST01137,P003,2024-02-18,,Active,Yes
SUB02333,CUST00901,P002,2024-01-06,2024-06-17,Paused,Yes
SUB02334,CUST01402,P003,2025-01-13,,Active,Yes
SUB02335,CUST00454,P003,2025-01-28,2025-04-08,Churned,Yes
SUB02336,CUST00191,P003,2026-06-04,,Active,Yes
SUB02337,CUST01915,P001,2024-08-11,,Active,Yes
SUB02338,CUST01464,P002,2024-01-23,2024-10-09,Churned,Yes
SUB02339,CUST01211,P001,2025-10-18,2026-09-30,Churned,Yes
SUB02340,CUST00831,P004,2024-04-19,,Active,No
SUB02341,CUST01391,P003,2025-12-24,,Active,Yes
SUB02342,CUST01113,P003,2026-03-22,,Active,No
SUB02343,CUST00187,P002,2025-07-06,,Active,Yes
SUB02344,CUST00819,P002,2025-02-02,2025-10-15,Paused,Yes
SUB02345,CUST01970,P001,2024-06-20,,Active,Yes
SUB02346,CUST01021,P005,2025-11-28,,Active,Yes
SUB02347,CUST00132,P002,2025-12-26,2026-06-12,Paused,Yes
SUB02348,CUST00872,P001,2024-11-01,,Active,Yes
SUB02349,CUST00635,P005,2025-07-17,,Active,No
SUB02350,CUST01584,P003,2025-08-04,,Active,Yes
SUB02351,CUST01824,P004,2025-12-08,,Active,No
SUB02352,CUST01400,P001,2024-05-30,,Active,Yes
SUB02353,CUST00691,P003,2025-03-03,,Active,Yes
SUB02354,CUST00692,P002,2025-09-12,,Active,Yes
SUB02355,CUST01123,P004,2025-04-11,2025-08-28,Churned,Yes
SUB02356,CUST01866,P001,2025-09-21,2026-08-13,Churned,Yes
SUB02357,CUST01058,P002,2026-05-26,,Active,No
SUB02358,CUST01956,P004,2025-08-29,,Active,Yes
SUB02359,CUST00582,P003,2026-02-06,,Active,Yes
SUB02360,CUST00171,P003,2025-07-09,,Active,Yes
SUB02361,CUST01390,P001,2024-03-07,2025-07-04,Churned,Yes
SUB02362,CUST00784,P001,2024-06-04,,Active,Yes
SUB02363,CUST01083,P003,2026-04-14,,Active,Yes
SUB02364,CUST00181,P003,2024-07-24,,Active,Yes
SUB02365,CUST00019,P005,2026-02-24,,Active,Yes
SUB02366,CUST01250,P003,2024-06-03,,Active,Yes
SUB02367,CUST01497,P003,2025-11-21,2026-02-15,Churned,Yes
SUB02368,CUST01119,P004,2025-05-23,2026-08-25,Paused,Yes
SUB02369,CUST00881,P001,2025-07-25,2025-12-24,Churned,Yes
SUB02370,CUST01321,P002,2024-03-14,2024-12-08,Paused,Yes
SUB02371,CUST01617,P002,2024-02-18,2024-06-12,Paused,No
SUB02372,CUST00175,P001,2026-02-21,,Active,No
SUB02373,CUST01246,P004,2025-04-11,,Active,Yes
SUB02374,CUST01639,P003,2025-08-07,2026-02-28,Churned,No
SUB02375,CUST00054,P003,2025-12-08,,Active,Yes
SUB02376,CUST00695,P002,2026-06-29,,Active,Yes
SUB02377,CUST00863,P003,2024-06-27,,Active,Yes
SUB02378,CUST01427,P001,2024-02-17,,Active,No
SUB02379,CUST01342,P003,2024-03-12,,Active,Yes
SUB02380,CUST01891,P002,2024-04-22,,Active,No
SUB02381,CUST00349,P004,2026-01-26,,Active,No
SUB02382,CUST00443,P002,2026-06-15,2026-09-15,Churned,Yes
SUB02383,CUST00833,P002,2026-06-21,,Active,Yes
SUB02384,CUST00580,P003,2026-03-31,2026-06-07,Churned,Yes
SUB02385,CUST01564,P004,2024-06-07,,Active,Yes
SUB02386,CUST01810,P003,2026-02-24,,Active,Yes
SUB02387,CUST00282,P003,2026-02-18,,Active,Yes
SUB02388,CUST00360,P005,2026-03-26,,Active,Yes
SUB02389,CUST00915,P005,2024-01-30,,Active,Yes
SUB02390,CUST00823,P003,2024-04-06,2024-09-20,Churned,Yes
SUB02391,CUST01655,P003,2024-09-07,2026-01-18,Churned,Yes
SUB02392,CUST00892,P002,2025-06-02,2026-09-28,Paused,Yes
SUB02393,CUST00953,P004,2024-04-01,,Active,Yes
SUB02394,CUST01670,P002,2024-04-22,,Active,Yes
SUB02395,CUST00641,P005,2024-09-15,,Active,No
SUB02396,CUST01032,P001,2024-04-16,,Active,Yes
SUB02397,CUST00563,P002,2025-07-28,,Active,Yes
SUB02398,CUST00491,P003,2025-01-24,,Active,No
SUB02399,CUST00341,P002,2024-12-23,,Active,Yes
SUB02400,CUST00472,P002,2026-02-21,,Active,No
SUB02401,CUST01817,P003,2024-07-17,,Active,Yes
SUB02402,CUST01711,P004,2025-03-02,,Active,No
SUB02403,CUST01719,P003,2025-04-22,,Active,No
SUB02404,CUST01728,P002,2026-05-08,2026-09-30,Churned,Yes
SUB02405,CUST00249,P003,2026-04-28,,Active,Yes
SUB02406,CUST00235,P002,2025-05-17,,Active,No
SUB02407,CUST01107,P002,2025-10-19,,Active,No
SUB02408,CUST01117,P003,2025-07-26,,Active,No
SUB02409,CUST01909,P004,2024-04-29,2025-08-20,Churned,Yes
SUB02410,CUST01418,P003,2025-07-26,2026-04-07,Churned,No
SUB02411,CUST00824,P003,2024-11-04,,Active,Yes
SUB02412,CUST01292,P002,2025-06-21,,Active,Yes
SUB02413,CUST01441,P003,2025-09-18,2026-09-30,Paused,Yes
SUB02414,CUST00632,P001,2025-04-19,,Active,Yes
SUB02415,CUST01607,P005,2025-07-05,2026-02-25,Churned,Yes
SUB02416,CUST00529,P004,2024-12-09,,Active,Yes
SUB02417,CUST01277,P003,2025-09-19,,Active,Yes
SUB02418,CUST01981,P003,2024-05-15,2024-11-24,Churned,Yes
SUB02419,CUST00122,P004,2024-10-03,,Active,No
SUB02420,CUST00892,P003,2026-03-21,,Active,Yes
SUB02421,CUST00010,P002,2025-06-16,,Active,Yes
SUB02422,CUST01823,P002,2026-06-17,,Active,Yes
SUB02423,CUST01340,P003,2024-01-31,2024-03-27,Churned,Yes
SUB02424,CUST00838,P004,2024-09-03,,Active,Yes
SUB02425,CUST01297,P002,2025-02-14,,Active,Yes
SUB02426,CUST01330,P002,2024-01-27,2025-05-27,Churned,Yes
SUB02427,CUST01829,P002,2024-03-13,,Active,No
SUB02428,CUST01234,P004,2024-04-06,,Active,Yes
SUB02429,CUST01982,P002,2025-11-03,2026-06-03,Churned,Yes
SUB02430,CUST01754,P002,2024-12-11,2025-07-26,Paused,Yes
SUB02431,CUST00753,P003,2025-04-20,,Active,Yes
SUB02432,CUST00886,P003,2024-10-26,,Active,Yes
SUB02433,CUST00464,P001,2024-10-25,2025-10-26,Churned,Yes
SUB02434,CUST00712,P001,2024-10-13,2026-01-22,Churned,Yes
SUB02435,CUST00728,P003,2026-06-03,2026-09-30,Churned,Yes
SUB02436,CUST00717,P003,2025-03-24,,Active,Yes
SUB02437,CUST01949,P005,2024-07-30,,Active,Yes
SUB02438,CUST01440,P003,2024-03-16,,Active,No
SUB02439,CUST01240,P001,2025-02-04,2026-05-23,Churned,Yes
SUB02440,CUST00080,P003,2025-10-16,2026-05-22,Churned,Yes
SUB02441,CUST01803,P002,2024-02-03,,Active,Yes
SUB02442,CUST00480,P001,2025-05-12,,Active,No
SUB02443,CUST00902,P004,2026-04-27,,Active,No
SUB02444,CUST00891,P004,2025-05-30,2025-08-03,Paused,Yes
SUB02445,CUST01571,P002,2024-11-23,,Active,No
SUB02446,CUST01825,P002,2024-04-07,,Active,Yes
SUB02447,CUST00018,P001,2024-12-31,,Active,No
SUB02448,CUST01189,P002,2025-12-29,,Active,Yes
SUB02449,CUST01549,P003,2025-04-07,,Active,Yes
SUB02450,CUST00202,P002,2024-01-28,2024-05-21,Churned,Yes
SUB02451,CUST00741,P005,2025-12-13,2026-06-15,Churned,Yes
SUB02452,CUST01370,P001,2025-01-20,,Active,Yes
SUB02453,CUST01390,P003,2024-09-29,,Active,Yes
SUB02454,CUST01472,P004,2026-04-05,2026-09-30,Churned,Yes
SUB02455,CUST01537,P003,2024-05-06,,Active,Yes
SUB02456,CUST00319,P001,2024-07-20,,Active,Yes
SUB02457,CUST00217,P002,2025-06-04,2026-04-13,Paused,No
SUB02458,CUST01058,P002,2024-10-13,2025-08-10,Churned,No
SUB02459,CUST01895,P005,2025-03-25,2025-05-28,Churned,No
SUB02460,CUST00266,P004,2024-03-28,,Active,Yes
SUB02461,CUST01664,P005,2024-11-13,,Active,Yes
SUB02462,CUST00724,P004,2024-01-19,,Active,Yes
SUB02463,CUST00775,P002,2025-08-15,,Active,Yes
SUB02464,CUST01848,P004,2024-04-16,2025-07-09,Churned,Yes
SUB02465,CUST01104,P005,2025-04-02,,Active,Yes
SUB02466,CUST01701,P002,2024-11-06,2025-06-07,Churned,No
SUB02467,CUST00413,P002,2025-02-15,,Active,Yes
SUB02468,CUST01276,P003,2026-01-11,,Active,No
SUB02469,CUST01036,P002,2025-09-15,2026-01-21,Paused,Yes
SUB02470,CUST00401,P001,2026-01-01,,Active,Yes
SUB02471,CUST01840,P005,2025-09-26,,Active,Yes
SUB02472,CUST00724,P004,2025-05-12,,Active,Yes
SUB02473,CUST00282,P002,2024-08-31,,Active,No
SUB02474,CUST01136,P002,2025-11-20,,Active,Yes
SUB02475,CUST00723,P004,2025-07-30,,Active,Yes
SUB02476,CUST01402,P003,2025-01-14,,Active,Yes
SUB02477,CUST00751,P002,2025-05-29,2026-02-19,Churned,Yes
SUB02478,CUST00268,P003,2024-07-25,,Active,Yes
SUB02479,CUST01941,P004,2025-01-28,,Active,Yes
SUB02480,CUST00298,P004,2024-01-21,,Active,Yes
SUB02481,CUST01341,P002,2026-03-15,,Active,Yes
SUB02482,CUST00570,P002,2025-06-10,,Active,Yes
SUB02483,CUST00509,P004,2024-12-08,,Active,No
SUB02484,CUST01974,P001,2025-12-18,,Active,No
SUB02485,CUST00546,P003,2024-07-20,2025-09-25,Churned,Yes
SUB02486,CUST00775,P001,2024-04-29,2025-08-12,Paused,Yes
SUB02487,CUST00365,P002,2025-10-10,2026-09-30,Churned,Yes
SUB02488,CUST00547,P002,2026-03-22,,Active,No
SUB02489,CUST00271,P002,2026-03-17,,Active,Yes
SUB02490,CUST01985,P004,2025-01-23,2025-06-23,Paused,No
SUB02491,CUST01498,P001,2025-06-20,,Active,Yes
SUB02492,CUST00739,P004,2026-04-03,2026-09-30,Churned,Yes
SUB02493,CUST00537,P004,2024-08-21,,Active,Yes
SUB02494,CUST01258,P002,2025-09-24,,Active,Yes
SUB02495,CUST00059,P003,2025-08-24,2025-10-15,Churned,Yes
SUB02496,CUST01275,P002,2024-11-15,2025-12-24,Churned,Yes
SUB02497,CUST01871,P004,2025-12-12,2026-03-14,Churned,Yes
SUB02498,CUST00086,P003,2024-06-28,2025-06-18,Paused,Yes
SUB02499,CUST00763,P002,2026-05-06,,Active,No
SUB02500,CUST00390,P002,2025-01-02,,Active,Yes
SUB02501,CUST01204,P003,2024-03-16,2024-09-11,Paused,No
SUB02502,CUST00719,P004,2025-10-10,,Active,No
SUB02503,CUST00856,P001,2025-10-11,,Active,No
SUB02504,CUST00149,P003,2025-05-10,,Active,No
SUB02505,CUST00583,P002,2025-06-05,,Active,No
SUB02506,CUST00121,P004,2024-07-19,,Active,Yes
SUB02507,CUST00765,P001,2026-04-09,,Active,Yes
SUB02508,CUST00605,P003,2024-12-11,2025-07-23,Churned,Yes
SUB02509,CUST00256,P002,2025-04-27,2025-08-14,Churned,Yes
SUB02510,CUST00766,P003,2024-08-06,,Active,No
SUB02511,CUST00864,P004,2024-02-29,,Active,Yes
SUB02512,CUST00800,P004,2025-10-20,,Active,Yes
SUB02513,CUST01333,P004,2025-09-10,,Active,Yes
SUB02514,CUST00059,P003,2025-07-03,,Active,No
SUB02515,CUST01022,P004,2025-10-07,,Active,Yes
SUB02516,CUST01093,P003,2026-06-29,,Active,Yes
SUB02517,CUST01470,P004,2024-08-08,,Active,Yes
SUB02518,CUST00388,P003,2026-03-25,,Active,Yes
SUB02519,CUST01110,P003,2025-05-16,,Active,Yes
SUB02520,CUST00786,P002,2024-05-12,,Active,Yes
SUB02521,CUST01251,P003,2026-04-25,,Active,No
SUB02522,CUST00593,P001,2024-02-22,,Active,Yes
SUB02523,CUST01650,P004,2025-03-25,2026-03-04,Paused,Yes
SUB02524,CUST01208,P003,2024-03-02,,Active,No
SUB02525,CUST01816,P005,2024-01-23,2024-07-23,Churned,No
SUB02526,CUST01346,P001,2024-02-13,,Active,No
SUB02527,CUST00909,P002,2026-03-30,2026-05-15,Churned,Yes
SUB02528,CUST01342,P004,2025-07-11,,Active,No
SUB02529,CUST00566,P002,2025-10-20,2025-12-27,Churned,Yes
SUB02530,CUST00399,P003,2025-12-28,,Active,Yes
SUB02531,CUST01733,P004,2026-05-01,2026-09-30,Churned,Yes
SUB02532,CUST00899,P003,2024-02-16,,Active,Yes
SUB02533,CUST01317,P002,2026-05-08,,Active,Yes
SUB02534,CUST00293,P004,2026-03-30,2026-09-30,Churned,Yes
SUB02535,CUST00485,P001,2024-01-24,,Active,No
SUB02536,CUST01923,P004,2025-10-18,2026-09-30,Paused,Yes
SUB02537,CUST01471,P001,2024-03-29,,Active,Yes
SUB02538,CUST00803,P003,2024-06-22,,Active,Yes
SUB02539,CUST01716,P001,2025-07-29,2026-03-17,Churned,Yes
SUB02540,CUST01916,P003,2024-04-28,,Active,No
SUB02541,CUST01436,P001,2026-01-04,,Active,No
SUB02542,CUST01532,P004,2025-10-29,2026-09-30,Churned,No
SUB02543,CUST01758,P003,2024-06-26,2025-05-01,Churned,Yes
SUB02544,CUST01810,P001,2026-04-11,2026-09-30,Paused,Yes
SUB02545,CUST00890,P003,2024-12-07,,Active,Yes
SUB02546,CUST00244,P003,2025-07-21,,Active,Yes
SUB02547,CUST01444,P002,2024-02-28,,Active,Yes
SUB02548,CUST01953,P001,2026-06-19,,Active,Yes
SUB02549,CUST00960,P002,2025-03-13,2025-07-08,Churned,Yes
SUB02550,CUST01178,P001,2025-03-03,,Active,Yes
SUB02551,CUST00816,P001,2025-03-01,,Active,Yes
SUB02552,CUST01448,P002,2025-01-15,,Active,Yes
SUB02553,CUST00273,P003,2025-04-30,2026-09-06,Churned,Yes
SUB02554,CUST01960,P003,2026-01-01,2026-09-30,Paused,Yes
SUB02555,CUST01671,P001,2024-07-03,,Active,Yes
SUB02556,CUST01849,P005,2025-07-12,,Active,Yes
SUB02557,CUST00520,P004,2025-04-04,2026-02-27,Churned,No
SUB02558,CUST01152,P002,2026-06-07,,Active,No
SUB02559,CUST01397,P001,2024-04-11,,Active,Yes
SUB02560,CUST00568,P005,2025-07-09,,Active,Yes
SUB02561,CUST00638,P003,2024-01-15,,Active,Yes
SUB02562,CUST00159,P002,2026-01-17,,Active,Yes
SUB02563,CUST01595,P003,2026-05-22,2026-09-30,Churned,No
SUB02564,CUST01594,P004,2024-02-20,,Active,No
SUB02565,CUST00652,P002,2024-11-04,,Active,No
SUB02566,CUST00176,P004,2024-02-03,2025-02-21,Paused,Yes
SUB02567,CUST01951,P003,2025-09-27,2026-01-04,Churned,No
SUB02568,CUST00620,P003,2025-08-11,,Active,Yes
SUB02569,CUST00211,P004,2026-06-22,,Active,No
SUB02570,CUST00447,P001,2025-09-26,,Active,Yes
SUB02571,CUST00586,P003,2024-07-23,,Active,Yes
SUB02572,CUST00167,P002,2026-01-09,,Active,Yes
SUB02573,CUST00460,P002,2024-03-10,,Active,Yes
SUB02574,CUST00916,P002,2024-08-17,,Active,Yes
SUB02575,CUST01381,P002,2025-04-24,,Active,No
SUB02576,CUST01328,P001,2025-06-16,,Active,Yes
SUB02577,CUST01257,P002,2024-04-17,,Active,Yes
SUB02578,CUST01351,P002,2026-05-25,,Active,Yes
SUB02579,CUST01908,P003,2024-08-28,,Active,Yes
SUB02580,CUST01206,P001,2024-09-07,,Active,No
SUB02581,CUST01658,P003,2024-05-14,,Active,Yes
SUB02582,CUST01358,P002,2024-03-30,,Active,Yes
SUB02583,CUST01739,P001,2025-08-13,,Active,No
SUB02584,CUST01991,P002,2025-03-15,,Active,No
SUB02585,CUST01053,P002,2025-11-19,2026-09-30,Churned,Yes
SUB02586,CUST00714,P003,2024-10-24,2025-03-26,Paused,No
SUB02587,CUST01117,P002,2025-02-10,,Active,Yes
SUB02588,CUST00841,P005,2024-11-03,2025-02-20,Paused,No
SUB02589,CUST00868,P005,2024-04-11,,Active,Yes
SUB02590,CUST00688,P002,2024-12-26,,Active,No
SUB02591,CUST00330,P004,2026-04-26,2026-07-09,Paused,Yes
SUB02592,CUST01747,P001,2025-09-15,,Active,Yes
SUB02593,CUST01208,P003,2025-11-23,,Active,Yes
SUB02594,CUST00095,P003,2025-09-07,,Active,Yes
SUB02595,CUST00785,P002,2025-06-11,,Active,No
SUB02596,CUST00649,P001,2025-08-30,,Active,Yes
SUB02597,CUST01773,P002,2024-10-19,,Active,Yes
SUB02598,CUST00353,P002,2024-05-25,,Active,Yes
SUB02599,CUST00930,P003,2025-02-07,,Active,Yes
SUB02600,CUST00941,P002,2026-03-24,,Active,No
SUB02601,CUST00984,P002,2024-01-02,2024-09-20,Paused,Yes
SUB02602,CUST01289,P003,2024-04-28,2024-10-28,Churned,Yes
SUB02603,CUST01671,P004,2026-05-04,,Active,Yes
SUB02604,CUST01680,P001,2025-08-28,,Active,No
SUB02605,CUST01043,P004,2024-07-09,2025-09-06,Churned,Yes
SUB02606,CUST01767,P003,2024-01-03,,Active,Yes
SUB02607,CUST00646,P003,2025-05-01,,Active,No
SUB02608,CUST00626,P003,2025-09-14,,Active,Yes
SUB02609,CUST01523,P003,2024-06-25,2025-01-20,Churned,Yes
SUB02610,CUST00139,P002,2024-09-13,,Active,No
SUB02611,CUST01661,P003,2026-05-22,,Active,No
SUB02612,CUST00716,P005,2025-06-17,,Active,No
SUB02613,CUST01597,P003,2025-04-21,,Active,No
SUB02614,CUST00762,P001,2025-02-01,,Active,Yes
SUB02615,CUST01834,P001,2025-05-10,,Active,Yes
SUB02616,CUST01549,P005,2024-08-07,,Active,Yes
SUB02617,CUST01932,P001,2024-06-21,,Active,Yes
SUB02618,CUST00255,P001,2026-01-05,,Active,No
SUB02619,CUST01109,P002,2025-01-24,2026-04-07,Churned,No
SUB02620,CUST01482,P005,2025-05-16,2025-07-15,Churned,Yes
SUB02621,CUST01556,P002,2025-07-30,,Active,No
SUB02622,CUST01586,P002,2026-02-27,,Active,Yes
SUB02623,CUST00676,P003,2026-01-30,,Active,Yes
SUB02624,CUST00092,P001,2024-09-16,,Active,Yes
SUB02625,CUST01624,P004,2024-05-10,2024-09-01,Churned,Yes
SUB02626,CUST01093,P003,2024-04-22,,Active,Yes
SUB02627,CUST00037,P003,2026-03-08,,Active,No
SUB02628,CUST01789,P004,2026-03-09,2026-05-22,Churned,Yes
SUB02629,CUST01788,P005,2025-12-23,2026-09-30,Paused,No
SUB02630,CUST00140,P002,2024-01-20,,Active,Yes
SUB02631,CUST00867,P002,2024-08-02,,Active,Yes
SUB02632,CUST01917,P004,2024-11-05,,Active,Yes
SUB02633,CUST00680,P002,2024-09-07,2025-08-25,Churned,Yes
SUB02634,CUST01590,P005,2025-05-02,2026-04-28,Churned,No
SUB02635,CUST01922,P005,2025-01-16,,Active,Yes
SUB02636,CUST01202,P001,2025-02-12,,Active,No
SUB02637,CUST01833,P005,2024-09-27,,Active,No
SUB02638,CUST01837,P002,2025-02-10,,Active,No
SUB02639,CUST01895,P003,2025-11-22,,Active,Yes
SUB02640,CUST01642,P001,2024-07-12,,Active,No
SUB02641,CUST00137,P004,2025-03-16,,Active,Yes
SUB02642,CUST00190,P003,2024-11-08,2025-08-07,Churned,Yes
SUB02643,CUST01664,P003,2024-03-19,,Active,Yes
SUB02644,CUST00342,P004,2024-06-28,,Active,No
SUB02645,CUST01583,P003,2025-11-05,,Active,Yes
SUB02646,CUST01029,P002,2025-12-14,2026-02-21,Churned,Yes
SUB02647,CUST00972,P004,2024-01-14,,Active,Yes
SUB02648,CUST01281,P003,2026-05-08,2026-09-30,Paused,Yes
SUB02649,CUST01836,P005,2024-09-02,,Active,Yes
SUB02650,CUST00662,P005,2024-01-14,2024-08-12,Paused,No
SUB02651,CUST01830,P002,2024-04-08,2025-02-28,Churned,Yes
SUB02652,CUST00243,P002,2024-02-02,,Active,No
SUB02653,CUST01811,P002,2025-03-11,2026-04-20,Paused,Yes
SUB02654,CUST01744,P003,2024-09-13,,Active,No
SUB02655,CUST00415,P002,2024-02-03,,Active,Yes
SUB02656,CUST01651,P004,2024-01-19,,Active,Yes
SUB02657,CUST00707,P001,2025-10-25,,Active,Yes
SUB02658,CUST00343,P001,2024-09-16,2025-01-04,Churned,Yes
SUB02659,CUST00682,P002,2025-11-06,2026-01-12,Churned,No
SUB02660,CUST01403,P001,2025-08-11,,Active,Yes
SUB02661,CUST01618,P003,2026-04-05,,Active,No
SUB02662,CUST01690,P001,2025-02-19,,Active,No
SUB02663,CUST00653,P002,2024-05-16,,Active,Yes
SUB02664,CUST01850,P001,2024-12-24,,Active,Yes
SUB02665,CUST00146,P004,2025-12-20,2026-09-30,Paused,Yes
SUB02666,CUST00323,P004,2026-01-23,,Active,Yes
SUB02667,CUST00122,P002,2025-08-01,,Active,Yes
SUB02668,CUST01276,P003,2024-04-25,2025-07-18,Churned,No
SUB02669,CUST01879,P002,2025-02-07,,Active,Yes
SUB02670,CUST01923,P002,2024-07-20,,Active,Yes
SUB02671,CUST00311,P003,2025-01-10,,Active,Yes
SUB02672,CUST00601,P002,2024-09-06,,Active,Yes
SUB02673,CUST00475,P004,2025-03-21,2026-07-30,Paused,No
SUB02674,CUST00570,P001,2024-10-04,,Active,No
SUB02675,CUST01516,P005,2024-04-21,,Active,Yes
SUB02676,CUST00575,P001,2026-04-22,,Active,No
SUB02677,CUST00347,P003,2025-04-17,,Active,Yes
SUB02678,CUST00820,P004,2026-01-15,2026-09-30,Churned,Yes
SUB02679,CUST01511,P001,2025-11-18,2026-02-12,Paused,Yes
SUB02680,CUST01497,P003,2025-01-26,2026-01-12,Churned,No
SUB02681,CUST00382,P002,2024-05-22,,Active,Yes
SUB02682,CUST01304,P003,2024-02-01,,Active,Yes
SUB02683,CUST00072,P002,2024-06-29,,Active,Yes
SUB02684,CUST00521,P001,2025-08-01,,Active,Yes
SUB02685,CUST01390,P003,2025-05-30,,Active,No
SUB02686,CUST00933,P002,2026-03-08,,Active,Yes
SUB02687,CUST01118,P003,2024-09-25,2026-02-01,Paused,No
SUB02688,CUST01397,P002,2024-08-23,,Active,Yes
SUB02689,CUST00339,P002,2024-10-03,,Active,Yes
SUB02690,CUST01461,P003,2025-07-06,,Active,Yes
SUB02691,CUST01360,P003,2025-09-24,,Active,Yes
SUB02692,CUST00664,P002,2024-10-01,,Active,Yes
SUB02693,CUST01516,P002,2026-01-12,,Active,Yes
SUB02694,CUST01941,P002,2026-03-26,,Active,Yes
SUB02695,CUST01892,P002,2024-03-26,,Active,No
SUB02696,CUST00040,P002,2024-03-03,2024-05-01,Churned,Yes
SUB02697,CUST01383,P002,2025-02-07,,Active,Yes
SUB02698,CUST00574,P003,2024-07-10,,Active,Yes
SUB02699,CUST01278,P003,2024-10-19,,Active,Yes
SUB02700,CUST00966,P002,2024-01-31,,Active,Yes
SUB02701,CUST00581,P002,2024-11-25,2025-09-16,Paused,No
SUB02702,CUST01422,P002,2025-10-19,,Active,Yes
SUB02703,CUST01781,P003,2024-04-16,,Active,No
SUB02704,CUST01901,P004,2026-05-20,2026-09-30,Churned,No
SUB02705,CUST00170,P003,2025-09-13,,Active,Yes
SUB02706,CUST01714,P003,2024-10-02,,Active,Yes
SUB02707,CUST00701,P004,2025-12-22,,Active,Yes
SUB02708,CUST00511,P002,2025-10-12,,Active,Yes
SUB02709,CUST01284,P001,2025-08-20,2026-08-01,Churned,No
SUB02710,CUST00584,P003,2025-07-09,,Active,No
SUB02711,CUST00984,P002,2024-03-22,,Active,Yes
SUB02712,CUST00459,P003,2024-03-04,,Active,Yes
SUB02713,CUST00529,P003,2026-06-08,,Active,No
SUB02714,CUST01906,P004,2026-05-04,,Active,Yes
SUB02715,CUST00341,P002,2026-04-12,,Active,No
SUB02716,CUST00057,P003,2025-07-20,,Active,No
SUB02717,CUST00218,P003,2025-08-08,,Active,Yes
SUB02718,CUST00619,P004,2026-06-03,2026-09-30,Paused,Yes
SUB02719,CUST00816,P004,2024-05-08,,Active,Yes
SUB02720,CUST01964,P005,2024-09-12,,Active,Yes
SUB02721,CUST01709,P001,2024-08-18,,Active,Yes
SUB02722,CUST00731,P002,2025-05-11,2026-03-28,Paused,Yes
SUB02723,CUST00464,P002,2024-05-16,2024-08-07,Churned,No
SUB02724,CUST00247,P001,2026-05-12,2026-09-15,Churned,Yes
SUB02725,CUST00730,P004,2025-03-30,,Active,Yes
SUB02726,CUST00373,P005,2024-12-20,2026-04-12,Churned,Yes
SUB02727,CUST00417,P002,2025-09-15,,Active,Yes
SUB02728,CUST01055,P001,2025-04-29,,Active,Yes
SUB02729,CUST00368,P002,2026-03-30,,Active,Yes
SUB02730,CUST00559,P004,2024-05-25,2025-10-02,Churned,Yes
SUB02731,CUST01670,P002,2024-02-02,2024-03-06,Churned,Yes
SUB02732,CUST00108,P001,2024-09-16,2025-12-28,Churned,Yes
SUB02733,CUST00584,P001,2024-03-27,2025-03-01,Paused,Yes
SUB02734,CUST00839,P002,2026-04-22,,Active,Yes
SUB02735,CUST00418,P005,2024-09-21,,Active,Yes
SUB02736,CUST01644,P002,2026-04-11,,Active,No
SUB02737,CUST00821,P002,2025-06-25,2026-07-26,Churned,Yes
SUB02738,CUST01422,P001,2025-01-26,,Active,Yes
SUB02739,CUST01296,P003,2024-08-19,2024-12-17,Churned,No
SUB02740,CUST00683,P003,2026-06-19,,Active,Yes
SUB02741,CUST01140,P002,2025-08-10,,Active,No
SUB02742,CUST01865,P002,2025-03-22,,Active,Yes
SUB02743,CUST01610,P004,2024-05-08,,Active,Yes
SUB02744,CUST00256,P001,2024-09-27,2025-01-23,Churned,Yes
SUB02745,CUST01105,P003,2024-03-29,,Active,Yes
SUB02746,CUST00780,P002,2025-04-10,,Active,Yes
SUB02747,CUST01152,P002,2024-06-18,,Active,Yes
SUB02748,CUST00838,P003,2024-05-07,,Active,Yes
SUB02749,CUST00915,P004,2024-06-22,,Active,No
SUB02750,CUST00235,P003,2024-01-26,,Active,Yes
SUB02751,CUST00553,P001,2025-07-26,2026-07-10,Churned,Yes
SUB02752,CUST00181,P003,2025-05-25,,Active,Yes
SUB02753,CUST00157,P003,2025-05-02,,Active,Yes
SUB02754,CUST01478,P003,2026-06-09,,Active,No
SUB02755,CUST00571,P003,2025-08-01,,Active,Yes
SUB02756,CUST00857,P001,2025-02-09,,Active,Yes
SUB02757,CUST01785,P003,2024-01-26,,Active,Yes
SUB02758,CUST01728,P003,2024-03-23,,Active,No
SUB02759,CUST01048,P002,2024-12-29,,Active,Yes
SUB02760,CUST01497,P003,2025-01-01,,Active,Yes
SUB02761,CUST01424,P002,2024-02-29,2025-04-08,Churned,Yes
SUB02762,CUST00948,P002,2025-07-04,2025-11-02,Paused,Yes
SUB02763,CUST00592,P005,2025-09-26,,Active,Yes
SUB02764,CUST00134,P002,2024-10-18,,Active,Yes
SUB02765,CUST00421,P002,2026-02-27,,Active,No
SUB02766,CUST00213,P003,2026-06-04,,Active,Yes
SUB02767,CUST00900,P005,2026-03-26,2026-09-21,Churned,Yes
SUB02768,CUST00482,P005,2026-03-04,2026-09-30,Churned,Yes
SUB02769,CUST00348,P003,2024-07-09,,Active,Yes
SUB02770,CUST00166,P001,2025-04-05,,Active,Yes
SUB02771,CUST00937,P004,2026-03-14,,Active,Yes
SUB02772,CUST00348,P003,2025-10-25,,Active,Yes
SUB02773,CUST00849,P002,2026-06-14,2026-09-30,Churned,Yes
SUB02774,CUST00398,P004,2024-08-20,,Active,Yes
SUB02775,CUST00583,P002,2025-04-18,,Active,Yes
SUB02776,CUST00726,P001,2025-02-08,,Active,Yes
SUB02777,CUST01459,P004,2025-10-19,,Active,Yes
SUB02778,CUST01601,P003,2024-09-27,,Active,Yes
SUB02779,CUST01245,P002,2026-04-26,,Active,Yes
SUB02780,CUST00308,P002,2024-05-13,,Active,No
SUB02781,CUST00991,P003,2024-06-19,2025-06-20,Churned,Yes
SUB02782,CUST00798,P002,2025-02-18,2025-05-17,Churned,Yes
SUB02783,CUST01721,P002,2024-01-28,,Active,No
SUB02784,CUST00719,P003,2024-05-15,2024-12-15,Paused,Yes
SUB02785,CUST00466,P004,2025-02-08,,Active,No
SUB02786,CUST00099,P003,2026-06-06,2026-09-30,Churned,Yes
SUB02787,CUST01266,P004,2025-05-19,2025-07-31,Churned,Yes
SUB02788,CUST00158,P004,2024-08-28,,Active,Yes
SUB02789,CUST00610,P003,2026-05-05,2026-09-30,Churned,Yes
SUB02790,CUST00554,P002,2025-03-19,,Active,No
SUB02791,CUST00651,P004,2025-03-09,,Active,Yes
SUB02792,CUST01819,P002,2024-08-15,,Active,Yes
SUB02793,CUST00920,P001,2025-05-23,2025-09-05,Churned,Yes
SUB02794,CUST00227,P002,2026-03-09,2026-08-29,Churned,Yes
SUB02795,CUST00423,P004,2024-10-29,,Active,Yes
SUB02796,CUST01096,P001,2024-02-03,,Active,Yes
SUB02797,CUST00243,P001,2024-01-02,,Active,Yes
SUB02798,CUST00530,P003,2024-12-27,2025-05-06,Paused,No
SUB02799,CUST01613,P004,2024-07-13,,Active,Yes
SUB02800,CUST01069,P003,2025-08-28,2026-09-30,Churned,Yes
SUB02801,CUST01496,P002,2026-04-19,,Active,Yes
SUB02802,CUST00371,P001,2024-11-03,,Active,No
SUB02803,CUST01879,P003,2025-10-08,,Active,Yes
SUB02804,CUST00652,P001,2025-12-16,2026-09-30,Paused,Yes
SUB02805,CUST00689,P003,2024-09-06,,Active,No
SUB02806,CUST00734,P002,2024-05-26,2025-10-02,Paused,Yes
SUB02807,CUST01951,P004,2024-12-11,,Active,Yes
SUB02808,CUST00092,P003,2024-12-13,,Active,Yes
SUB02809,CUST01046,P002,2024-09-10,2024-12-03,Churned,No
SUB02810,CUST00172,P004,2025-02-02,2025-09-08,Churned,No
SUB02811,CUST01628,P002,2024-11-29,2025-12-14,Paused,No
SUB02812,CUST01216,P002,2024-06-24,,Active,Yes
SUB02813,CUST01101,P004,2024-05-04,,Active,Yes
SUB02814,CUST01305,P002,2026-02-01,,Active,Yes
SUB02815,CUST01388,P002,2025-02-01,,Active,No
SUB02816,CUST00179,P002,2024-05-10,2025-05-09,Paused,No
SUB02817,CUST00238,P001,2025-07-15,,Active,Yes
SUB02818,CUST01159,P001,2025-08-27,,Active,Yes
SUB02819,CUST00877,P003,2026-06-10,,Active,Yes
SUB02820,CUST00902,P003,2026-04-01,,Active,Yes
SUB02821,CUST00280,P002,2026-06-20,,Active,Yes
SUB02822,CUST01043,P002,2025-02-10,,Active,Yes
SUB02823,CUST01619,P005,2026-01-01,,Active,Yes
SUB02824,CUST00740,P005,2026-04-25,,Active,Yes
SUB02825,CUST00371,P003,2024-11-29,2025-03-15,Paused,No
SUB02826,CUST01801,P004,2024-01-20,,Active,No
SUB02827,CUST01136,P003,2024-07-23,,Active,No
SUB02828,CUST01787,P002,2025-08-25,2026-07-16,Paused,Yes
SUB02829,CUST01700,P001,2024-12-20,2025-08-25,Churned,Yes
SUB02830,CUST00870,P001,2024-06-21,2025-04-23,Paused,Yes
SUB02831,CUST01704,P004,2024-07-07,2024-10-10,Paused,No
SUB02832,CUST01019,P003,2026-04-03,,Active,Yes
SUB02833,CUST00221,P003,2024-01-02,,Active,Yes
SUB02834,CUST00920,P001,2026-05-22,,Active,Yes
SUB02835,CUST00304,P003,2024-06-16,,Active,No
SUB02836,CUST01727,P004,2025-01-02,2025-06-16,Churned,Yes
SUB02837,CUST01349,P004,2025-06-19,,Active,Yes
SUB02838,CUST01461,P001,2026-05-26,2026-09-30,Churned,Yes
SUB02839,CUST00438,P003,2025-08-02,2026-03-18,Churned,No
SUB02840,CUST01194,P001,2025-01-04,,Active,Yes
SUB02841,CUST00375,P003,2025-12-06,2026-09-27,Churned,Yes
SUB02842,CUST01581,P003,2025-08-18,,Active,Yes
SUB02843,CUST00381,P001,2025-03-12,,Active,Yes
SUB02844,CUST00986,P004,2024-07-25,2025-11-07,Churned,Yes
SUB02845,CUST00014,P001,2024-02-18,,Active,Yes
SUB02846,CUST00743,P004,2025-06-27,2026-08-18,Churned,Yes
SUB02847,CUST00669,P002,2026-04-08,,Active,No
SUB02848,CUST00500,P003,2025-11-12,,Active,Yes
SUB02849,CUST01670,P004,2024-05-08,2024-07-19,Churned,No
SUB02850,CUST01415,P002,2025-03-22,,Active,Yes
SUB02851,CUST01573,P003,2025-09-05,,Active,Yes
SUB02852,CUST00565,P003,2024-02-04,,Active,No
SUB02853,CUST00530,P002,2026-03-29,2026-09-30,Churned,Yes
SUB02854,CUST00492,P003,2024-07-17,,Active,Yes
SUB02855,CUST01574,P003,2026-03-23,2026-09-30,Churned,Yes
SUB02856,CUST01723,P004,2024-03-17,,Active,No
SUB02857,CUST01409,P004,2025-01-03,,Active,Yes
SUB02858,CUST01220,P003,2026-04-12,2026-09-30,Paused,Yes
SUB02859,CUST00755,P003,2025-06-09,,Active,No
SUB02860,CUST00300,P004,2024-12-14,,Active,Yes
SUB02861,CUST00815,P003,2025-05-20,2025-08-20,Churned,Yes
SUB02862,CUST00547,P001,2025-10-04,2026-04-22,Churned,Yes
SUB02863,CUST00727,P002,2024-08-25,,Active,No
SUB02864,CUST00731,P004,2024-10-06,,Active,Yes
SUB02865,CUST00828,P003,2025-07-30,2026-09-30,Churned,Yes
SUB02866,CUST00602,P003,2025-03-07,2025-12-11,Churned,Yes
SUB02867,CUST01332,P002,2024-05-17,2025-05-19,Churned,No
SUB02868,CUST01276,P005,2024-09-25,,Active,No
SUB02869,CUST01032,P002,2026-01-09,2026-09-30,Paused,Yes
SUB02870,CUST00768,P003,2024-07-19,,Active,Yes
SUB02871,CUST00875,P001,2024-05-21,,Active,No
SUB02872,CUST01232,P001,2025-09-03,,Active,Yes
SUB02873,CUST00937,P004,2025-10-11,,Active,No
SUB02874,CUST00131,P005,2025-11-10,,Active,Yes
SUB02875,CUST01760,P002,2025-09-02,,Active,Yes
SUB02876,CUST01733,P001,2026-04-02,,Active,Yes
SUB02877,CUST01678,P002,2026-04-10,,Active,Yes
SUB02878,CUST01788,P001,2026-04-18,,Active,Yes
SUB02879,CUST00608,P002,2024-12-20,,Active,Yes
SUB02880,CUST00026,P004,2025-07-31,,Active,Yes
SUB02881,CUST01647,P005,2026-04-26,,Active,Yes
SUB02882,CUST01478,P001,2024-11-24,,Active,Yes
SUB02883,CUST00635,P003,2025-07-12,,Active,Yes
SUB02884,CUST01210,P002,2026-04-28,2026-09-30,Paused,No
SUB02885,CUST00484,P001,2026-06-12,2026-09-30,Churned,Yes
SUB02886,CUST00680,P002,2024-08-18,2024-11-11,Churned,Yes
SUB02887,CUST01075,P003,2024-11-03,,Active,Yes
SUB02888,CUST01915,P001,2025-10-19,,Active,Yes
SUB02889,CUST00005,P002,2025-12-19,,Active,Yes
SUB02890,CUST00589,P001,2024-05-25,2024-12-11,Churned,No
SUB02891,CUST01184,P002,2024-05-31,,Active,No
SUB02892,CUST00208,P002,2026-03-01,,Active,Yes
SUB02893,CUST00257,P004,2024-05-19,,Active,No
SUB02894,CUST01229,P003,2025-10-24,,Active,Yes
SUB02895,CUST01791,P004,2024-01-21,2025-04-02,Paused,Yes
SUB02896,CUST01974,P002,2024-09-10,2024-11-12,Churned,Yes
SUB02897,CUST00011,P002,2024-03-04,2025-02-11,Churned,Yes
SUB02898,CUST00949,P002,2024-08-05,,Active,Yes
SUB02899,CUST00008,P001,2024-03-12,2024-08-18,Churned,Yes
SUB02900,CUST01433,P003,2024-06-10,,Active,Yes
SUB02901,CUST00936,P002,2024-05-09,2024-10-15,Paused,No
SUB02902,CUST00032,P002,2025-08-03,,Active,Yes
SUB02903,CUST00540,P003,2024-08-12,,Active,Yes
SUB02904,CUST01742,P002,2026-01-27,,Active,Yes
SUB02905,CUST01005,P005,2025-08-02,,Active,No
SUB02906,CUST00387,P002,2025-03-29,2026-05-26,Churned,No
SUB02907,CUST01252,P003,2025-01-18,2025-07-17,Paused,Yes
SUB02908,CUST00640,P002,2024-04-16,,Active,No
SUB02909,CUST01791,P005,2025-09-12,,Active,No
SUB02910,CUST01499,P002,2026-04-19,,Active,Yes
SUB02911,CUST01748,P003,2024-04-12,2024-10-01,Churned,Yes
SUB02912,CUST01775,P001,2024-05-20,,Active,Yes
SUB02913,CUST00207,P003,2025-07-30,,Active,Yes
SUB02914,CUST01342,P002,2024-05-13,,Active,Yes
SUB02915,CUST01819,P002,2024-07-17,,Active,No
SUB02916,CUST01781,P004,2026-05-29,2026-09-30,Churned,Yes
SUB02917,CUST00557,P005,2025-05-24,,Active,Yes
SUB02918,CUST01641,P002,2025-10-28,,Active,Yes
SUB02919,CUST00348,P004,2024-03-19,2024-11-07,Churned,Yes
SUB02920,CUST00793,P001,2026-06-12,,Active,Yes
SUB02921,CUST00234,P004,2025-04-26,,Active,Yes
SUB02922,CUST01725,P003,2025-05-26,,Active,Yes
SUB02923,CUST01068,P003,2024-09-06,,Active,No
SUB02924,CUST01006,P004,2026-06-07,,Active,Yes
SUB02925,CUST00737,P004,2025-08-21,2026-09-30,Paused,No
SUB02926,CUST00942,P002,2026-03-26,2026-09-30,Churned,Yes
SUB02927,CUST01166,P004,2026-01-22,2026-03-09,Churned,Yes
SUB02928,CUST01672,P001,2025-08-22,2025-12-11,Paused,Yes
SUB02929,CUST00176,P004,2025-04-27,,Active,Yes
SUB02930,CUST01678,P003,2026-04-15,,Active,Yes
SUB02931,CUST00449,P001,2024-06-20,,Active,Yes
SUB02932,CUST00592,P003,2026-05-18,2026-06-30,Churned,Yes
SUB02933,CUST00082,P003,2024-01-17,,Active,Yes
SUB02934,CUST00135,P003,2026-01-04,,Active,Yes
SUB02935,CUST01743,P002,2024-10-20,,Active,Yes
SUB02936,CUST00856,P002,2025-01-28,,Active,Yes
SUB02937,CUST01201,P004,2026-04-01,,Active,No
SUB02938,CUST01407,P002,2025-05-12,2025-08-30,Churned,No
SUB02939,CUST01267,P002,2024-08-06,,Active,No
SUB02940,CUST01591,P003,2024-08-21,2025-04-14,Paused,Yes
SUB02941,CUST01165,P001,2025-01-24,,Active,Yes
SUB02942,CUST01481,P003,2024-09-04,2025-04-25,Churned,No
SUB02943,CUST00440,P003,2026-06-20,2026-09-30,Paused,Yes
SUB02944,CUST01080,P003,2024-02-21,2024-12-18,Paused,Yes
SUB02945,CUST01551,P002,2024-01-15,,Active,Yes
SUB02946,CUST00697,P002,2024-11-19,,Active,Yes
SUB02947,CUST01850,P002,2025-03-16,,Active,Yes
SUB02948,CUST00419,P004,2024-04-21,,Active,Yes
SUB02949,CUST00088,P001,2025-11-26,,Active,Yes
SUB02950,CUST01633,P005,2026-05-21,2026-07-21,Paused,Yes
SUB02951,CUST00656,P003,2024-01-07,,Active,No
SUB02952,CUST01032,P004,2025-07-16,,Active,Yes
SUB02953,CUST01501,P002,2026-04-05,,Active,Yes
SUB02954,CUST00215,P002,2026-01-22,2026-03-15,Churned,Yes
SUB02955,CUST01709,P004,2024-09-01,2025-01-10,Paused,Yes
SUB02956,CUST01759,P001,2025-03-23,,Active,Yes
SUB02957,CUST00552,P001,2024-12-30,,Active,Yes
SUB02958,CUST01521,P002,2025-01-01,2025-07-11,Churned,Yes
SUB02959,CUST01718,P005,2025-11-28,,Active,Yes
SUB02960,CUST00503,P003,2024-10-13,,Active,No
SUB02961,CUST01806,P003,2025-08-26,2025-12-31,Churned,Yes
SUB02962,CUST00699,P003,2024-04-15,2024-10-05,Paused,Yes
SUB02963,CUST00245,P002,2024-01-13,,Active,Yes
SUB02964,CUST01502,P004,2024-05-25,,Active,No
SUB02965,CUST00309,P002,2025-04-22,,Active,Yes
SUB02966,CUST00231,P004,2025-09-22,,Active,No
SUB02967,CUST01407,P002,2025-12-15,,Active,Yes
SUB02968,CUST00155,P002,2025-10-14,,Active,Yes
SUB02969,CUST01199,P003,2024-04-24,,Active,Yes
SUB02970,CUST00848,P002,2025-05-23,,Active,Yes
SUB02971,CUST00115,P003,2024-05-31,,Active,Yes
SUB02972,CUST01414,P002,2024-02-26,,Active,Yes
SUB02973,CUST00311,P002,2025-01-16,,Active,Yes
SUB02974,CUST00993,P003,2024-06-05,,Active,Yes
SUB02975,CUST00300,P003,2026-04-01,,Active,Yes
SUB02976,CUST01042,P001,2024-05-12,,Active,No
SUB02977,CUST00784,P003,2024-06-11,2025-09-01,Churned,No
SUB02978,CUST00012,P002,2024-10-01,,Active,Yes
SUB02979,CUST01428,P002,2025-11-25,2026-04-07,Paused,No
SUB02980,CUST01837,P002,2024-03-17,,Active,Yes
SUB02981,CUST01728,P005,2026-04-16,,Active,Yes
SUB02982,CUST00232,P003,2024-02-13,,Active,Yes
SUB02983,CUST00955,P002,2025-12-18,,Active,Yes
SUB02984,CUST01629,P003,2025-07-03,2026-08-18,Churned,Yes
SUB02985,CUST00730,P004,2024-11-13,2026-03-12,Paused,Yes
SUB02986,CUST01302,P002,2025-06-17,2026-09-06,Paused,Yes
SUB02987,CUST01377,P004,2025-08-07,,Active,Yes
SUB02988,CUST01018,P002,2026-01-22,,Active,No
SUB02989,CUST00999,P004,2024-06-02,,Active,No
SUB02990,CUST00303,P003,2024-08-24,,Active,Yes
SUB02991,CUST00541,P002,2026-06-11,,Active,Yes
SUB02992,CUST00470,P002,2025-05-31,2026-05-19,Churned,Yes
SUB02993,CUST00813,P005,2024-08-08,2025-02-24,Paused,Yes
SUB02994,CUST00077,P004,2024-11-05,,Active,Yes
SUB02995,CUST01020,P003,2025-08-20,,Active,Yes
SUB02996,CUST01545,P001,2024-06-25,,Active,Yes
SUB02997,CUST00024,P002,2026-02-09,,Active,Yes
SUB02998,CUST01039,P002,2024-08-07,,Active,No
SUB02999,CUST00676,P001,2024-02-07,2024-05-10,Paused,No
SUB03000,CUST00525,P003,2025-10-15,,Active,Yes
