Ticket_ID,Customer_ID,Created_Date,Category,Priority,Status,Resolution_Hours
TKT000001,CUST00163,2025-12-12,Technical,High,In Progress,5.29
TKT000002,CUST00734,2026-03-12,Feature Request,Low,Resolved,13.77
TKT000003,CUST01998,2026-07-04,Storage,High,In Progress,14.48
TKT000004,CUST00215,2025-03-14,Storage,High,Resolved,7.11
TKT000005,CUST01131,2025-03-07,Feature Request,Medium,Closed,53.46
TKT000006,CUST00592,2025-10-15,Account,Medium,In Progress,5.47
TKT000007,CUST00222,2026-03-05,Billing,High,Resolved,57.9
TKT000008,CUST01105,2025-01-08,Storage,Low,Resolved,63.38
TKT000009,CUST01063,2026-01-26,Feature Request,Low,Open,23.46
TKT000010,CUST00899,2025-06-25,Storage,Low,In Progress,17.21
TKT000011,CUST01646,2026-01-13,Technical,High,Open,25.41
TKT000012,CUST00667,2026-08-26,Feature Request,Low,Resolved,22.18
TKT000013,CUST00449,2026-03-14,Feature Request,Medium,Closed,38.18
TKT000014,CUST00264,2026-01-28,Technical,Low,Resolved,37.52
TKT000015,CUST00219,2026-07-18,Storage,Critical,Resolved,35.56
TKT000016,CUST00628,2025-09-05,Storage,High,In Progress,26.38
TKT000017,CUST01262,2025-10-15,Storage,Medium,Resolved,40.38
TKT000018,CUST00214,2025-12-09,Account,High,In Progress,11.44
TKT000019,CUST01131,2026-05-28,Storage,Low,Resolved,45.88
TKT000020,CUST01751,2025-05-04,Account,Low,Resolved,53.95
TKT000021,CUST00252,2026-04-26,Account,High,Closed,8.07
TKT000022,CUST00733,2025-05-06,Storage,Low,Closed,12.71
TKT000023,CUST00847,2026-02-12,Technical,Medium,Closed,70.94
TKT000024,CUST01698,2025-08-01,Feature Request,Medium,Closed,27.68
TKT000025,CUST00938,2025-09-25,Technical,Medium,Closed,56.36
TKT000026,CUST00285,2025-08-19,Technical,Medium,Closed,61.24
TKT000027,CUST00703,2025-01-13,Feature Request,Low,Closed,39.55
TKT000028,CUST00739,2025-06-20,Billing,Medium,Resolved,15.85
TKT000029,CUST01817,2025-12-20,Billing,Medium,In Progress,3.4
TKT000030,CUST01530,2026-02-19,Storage,Medium,Resolved,51.62
TKT000031,CUST01200,2025-12-30,Technical,Medium,Resolved,40.08
TKT000032,CUST01062,2025-11-08,Feature Request,Medium,Closed,4.59
TKT000033,CUST01305,2025-05-19,Technical,Low,In Progress,55.42
TKT000034,CUST01934,2025-02-18,Technical,Low,Resolved,28.1
TKT000035,CUST01276,2025-03-21,Technical,Medium,Closed,68.53
TKT000036,CUST00563,2026-02-07,Feature Request,Low,Resolved,15.17
TKT000037,CUST01296,2025-07-22,Account,Medium,Resolved,43.68
TKT000038,CUST00973,2025-05-06,Technical,Medium,Resolved,53.28
TKT000039,CUST01477,2026-02-13,Technical,Low,In Progress,10.38
TKT000040,CUST01802,2026-01-25,Technical,Medium,In Progress,19.95
TKT000041,CUST00624,2026-07-21,Account,Low,Resolved,14.71
TKT000042,CUST00063,2025-10-21,Technical,Critical,Resolved,42.97
TKT000043,CUST01714,2026-03-07,Billing,High,Resolved,1.86
TKT000044,CUST01297,2026-05-12,Billing,Critical,Resolved,29.98
TKT000045,CUST01457,2026-08-18,Feature Request,Medium,Closed,40.95
TKT000046,CUST00648,2025-11-02,Storage,Low,Closed,54.62
TKT000047,CUST01686,2025-11-30,Storage,Critical,Open,7.71
TKT000048,CUST00390,2026-05-23,Technical,Low,Resolved,33.41
TKT000049,CUST01058,2025-07-05,Billing,Medium,Closed,51.41
TKT000050,CUST00970,2025-11-19,Account,Low,Closed,31.43
TKT000051,CUST01029,2025-11-11,Billing,High,Closed,14.08
TKT000052,CUST01172,2026-06-01,Billing,Medium,Resolved,15.38
TKT000053,CUST00348,2025-12-07,Technical,Low,Resolved,22.97
TKT000054,CUST00270,2026-05-03,Storage,Low,Closed,22.58
TKT000055,CUST01186,2025-11-07,Technical,High,Resolved,30.52
TKT000056,CUST01010,2025-08-16,Storage,Low,Closed,63.28
TKT000057,CUST00246,2026-04-21,Storage,Medium,In Progress,30.34
TKT000058,CUST01005,2025-07-09,Technical,High,Closed,56.36
TKT000059,CUST01832,2026-04-18,Technical,Medium,Open,14.9
TKT000060,CUST00826,2025-02-13,Storage,Low,Resolved,63.71
TKT000061,CUST01444,2025-07-03,Storage,Low,Resolved,50.26
TKT000062,CUST00883,2025-08-06,Feature Request,Low,Open,50.73
TKT000063,CUST01166,2025-09-27,Storage,Medium,In Progress,3.77
TKT000064,CUST00949,2026-03-30,Technical,High,Open,48.24
TKT000065,CUST00055,2026-08-26,Technical,Medium,In Progress,2.71
TKT000066,CUST00580,2025-07-05,Feature Request,Medium,Resolved,36.92
TKT000067,CUST01196,2025-05-22,Storage,Medium,In Progress,26.7
TKT000068,CUST00675,2026-08-20,Billing,High,Closed,21.8
TKT000069,CUST00356,2026-04-14,Account,High,In Progress,41.27
TKT000070,CUST00156,2025-10-13,Account,Low,Closed,45.58
TKT000071,CUST00772,2026-04-10,Technical,Medium,Closed,71.92
TKT000072,CUST01318,2026-06-06,Account,Low,Resolved,4.34
TKT000073,CUST01787,2026-01-14,Feature Request,Medium,Closed,6.65
TKT000074,CUST00547,2025-06-07,Billing,High,Closed,2.9
TKT000075,CUST01141,2025-11-30,Storage,Medium,Closed,36.69
TKT000076,CUST00454,2025-06-02,Billing,Low,Resolved,2.57
TKT000077,CUST01865,2025-01-06,Account,Medium,Resolved,31.78
TKT000078,CUST01783,2026-07-04,Account,High,In Progress,63.24
TKT000079,CUST01481,2025-11-13,Billing,Medium,Closed,71.31
TKT000080,CUST01623,2026-04-11,Account,Low,In Progress,61.14
TKT000081,CUST00638,2025-04-12,Billing,Low,Open,28.08
TKT000082,CUST01825,2025-10-01,Account,Low,Resolved,33.76
TKT000083,CUST00965,2025-04-24,Feature Request,High,Closed,11.79
TKT000084,CUST01039,2025-09-29,Feature Request,Medium,Closed,14.1
TKT000085,CUST00803,2025-07-16,Billing,Low,Open,61.91
TKT000086,CUST00136,2025-07-13,Technical,High,Closed,2.27
TKT000087,CUST01524,2026-05-06,Feature Request,Low,Closed,71.58
TKT000088,CUST01006,2025-02-14,Feature Request,High,Open,23.59
TKT000089,CUST01076,2025-03-11,Billing,Medium,Resolved,32.19
TKT000090,CUST00854,2026-02-03,Feature Request,Low,Resolved,15.57
TKT000091,CUST00305,2026-08-23,Feature Request,Critical,Resolved,9.04
TKT000092,CUST00254,2025-09-29,Storage,Critical,Resolved,43.01
TKT000093,CUST01582,2025-11-10,Feature Request,Critical,Closed,56.1
TKT000094,CUST00441,2025-11-14,Storage,Low,In Progress,22.83
TKT000095,CUST00444,2026-01-22,Storage,Low,Resolved,63.5
TKT000096,CUST01407,2025-09-22,Account,Medium,In Progress,55.37
TKT000097,CUST01128,2025-12-29,Account,Low,Resolved,4.38
TKT000098,CUST01816,2026-02-01,Billing,Medium,Resolved,42.86
TKT000099,CUST00302,2025-12-01,Feature Request,High,Resolved,27.27
TKT000100,CUST01329,2025-01-23,Storage,Low,Resolved,57.47
TKT000101,CUST00141,2025-04-16,Account,Low,Resolved,13.09
TKT000102,CUST01600,2026-06-14,Account,Low,Resolved,37.49
TKT000103,CUST01229,2025-12-03,Storage,Low,Resolved,43.59
TKT000104,CUST01825,2025-12-17,Technical,High,Resolved,69.45
TKT000105,CUST01328,2025-06-17,Storage,Medium,Closed,59.01
TKT000106,CUST00853,2025-10-09,Account,Low,Closed,28.66
TKT000107,CUST01037,2025-09-27,Technical,Low,Closed,5.1
TKT000108,CUST00557,2026-07-14,Feature Request,Low,Closed,57.48
TKT000109,CUST00776,2025-04-13,Storage,High,Resolved,30.5
TKT000110,CUST00903,2025-11-18,Account,High,Resolved,6.15
TKT000111,CUST01677,2025-09-25,Technical,Medium,Open,42.56
TKT000112,CUST00947,2025-01-19,Feature Request,Low,Resolved,33.02
TKT000113,CUST01326,2025-02-20,Feature Request,Low,In Progress,27.36
TKT000114,CUST00947,2025-02-16,Billing,Medium,Resolved,14.76
TKT000115,CUST01714,2026-05-19,Account,Medium,Resolved,32.2
TKT000116,CUST00129,2025-04-13,Account,Medium,Resolved,69.63
TKT000117,CUST01884,2025-09-01,Feature Request,Low,Closed,67.33
TKT000118,CUST00548,2026-08-18,Feature Request,Low,Closed,37.13
TKT000119,CUST00889,2025-10-16,Billing,High,Open,69.84
TKT000120,CUST00233,2026-05-09,Storage,High,Closed,55.04
TKT000121,CUST00302,2026-04-03,Technical,High,Resolved,59.34
TKT000122,CUST01187,2025-12-26,Account,High,Resolved,21.93
TKT000123,CUST01664,2026-04-03,Technical,High,In Progress,46.73
TKT000124,CUST01535,2026-03-16,Feature Request,Medium,Closed,10.79
TKT000125,CUST00213,2026-08-06,Billing,Medium,Resolved,31.52
TKT000126,CUST00126,2026-08-23,Billing,Low,Open,56.93
TKT000127,CUST00322,2026-04-26,Account,Medium,Closed,60.18
TKT000128,CUST01497,2026-05-13,Billing,Low,Closed,21.67
TKT000129,CUST01919,2025-03-26,Billing,Low,Resolved,31.58
TKT000130,CUST01751,2025-02-23,Account,High,Resolved,55.42
TKT000131,CUST00213,2025-06-15,Billing,Medium,Closed,34.81
TKT000132,CUST00913,2025-03-17,Storage,High,Resolved,64.41
TKT000133,CUST01624,2025-09-02,Feature Request,Medium,Resolved,46.96
TKT000134,CUST01761,2025-07-03,Technical,Low,Resolved,30.64
TKT000135,CUST00720,2025-06-25,Account,High,Resolved,20.53
TKT000136,CUST01041,2026-04-07,Billing,Medium,Closed,53.05
TKT000137,CUST01936,2026-06-01,Feature Request,Low,In Progress,43.01
TKT000138,CUST00389,2026-05-24,Technical,Low,Closed,24.04
TKT000139,CUST01776,2026-04-16,Feature Request,Critical,Open,38.78
TKT000140,CUST00867,2025-10-13,Billing,High,Resolved,49.55
TKT000141,CUST01801,2026-03-10,Feature Request,Medium,In Progress,1.25
TKT000142,CUST01886,2025-06-19,Storage,High,Closed,6.85
TKT000143,CUST01193,2026-03-21,Billing,High,In Progress,55.34
TKT000144,CUST00175,2025-08-09,Feature Request,Medium,Closed,33.34
TKT000145,CUST01082,2025-04-02,Account,Low,Resolved,10.38
TKT000146,CUST01878,2026-01-31,Account,Medium,Resolved,19.36
TKT000147,CUST01466,2025-09-25,Billing,Medium,Closed,60.42
TKT000148,CUST01076,2025-11-18,Feature Request,Low,Closed,17.7
TKT000149,CUST01974,2025-06-28,Account,Medium,Resolved,62.67
TKT000150,CUST00168,2025-09-14,Storage,Medium,Closed,35.26
TKT000151,CUST01189,2025-12-30,Feature Request,Medium,Closed,52.42
TKT000152,CUST01972,2025-07-09,Billing,High,Resolved,71.36
TKT000153,CUST00744,2026-04-20,Storage,Low,Closed,67.53
TKT000154,CUST01296,2025-03-20,Account,High,In Progress,26.88
TKT000155,CUST00534,2025-05-19,Feature Request,Low,Closed,20.64
TKT000156,CUST01179,2025-05-31,Technical,Low,Resolved,40.66
TKT000157,CUST01927,2025-05-24,Technical,Low,Resolved,55.7
TKT000158,CUST00294,2025-09-28,Account,Medium,Closed,46.86
TKT000159,CUST00093,2025-05-03,Billing,High,Resolved,71.51
TKT000160,CUST01330,2025-03-18,Storage,Medium,Resolved,12.17
TKT000161,CUST01064,2026-03-13,Technical,Medium,In Progress,7.48
TKT000162,CUST00745,2025-03-22,Account,Medium,Closed,19.78
TKT000163,CUST00430,2026-01-26,Storage,Medium,Resolved,23.25
TKT000164,CUST01953,2026-08-26,Billing,Low,Closed,31.06
TKT000165,CUST01507,2025-04-12,Technical,Medium,Resolved,46.16
TKT000166,CUST01851,2025-03-17,Storage,Low,Resolved,67.61
TKT000167,CUST00125,2025-06-09,Technical,Low,In Progress,66.86
TKT000168,CUST00688,2026-03-15,Billing,High,Closed,15.36
TKT000169,CUST00399,2025-08-17,Storage,Medium,In Progress,55.33
TKT000170,CUST01624,2025-04-29,Feature Request,Medium,Resolved,35.81
TKT000171,CUST00387,2025-11-30,Feature Request,Medium,Resolved,68.39
TKT000172,CUST00133,2025-07-04,Technical,Low,Closed,36.97
TKT000173,CUST00318,2025-02-23,Account,High,Resolved,32.45
TKT000174,CUST00021,2025-05-02,Billing,Critical,In Progress,58.04
TKT000175,CUST01713,2026-04-17,Technical,High,Resolved,25.88
TKT000176,CUST00458,2025-02-13,Billing,High,Resolved,67.93
TKT000177,CUST01818,2026-07-14,Feature Request,High,Resolved,4.87
TKT000178,CUST01959,2025-12-18,Technical,Low,Resolved,43.27
TKT000179,CUST00573,2026-08-11,Technical,Medium,Open,36.36
TKT000180,CUST00132,2025-04-19,Feature Request,Medium,In Progress,19.79
TKT000181,CUST00675,2026-06-13,Account,High,Closed,3.06
TKT000182,CUST01427,2025-05-10,Technical,Low,Closed,37.71
TKT000183,CUST01221,2025-10-18,Storage,Medium,Resolved,64.97
TKT000184,CUST01798,2025-11-01,Account,Low,Open,38.38
TKT000185,CUST01467,2025-06-12,Billing,Low,Resolved,43.39
TKT000186,CUST01467,2026-06-09,Feature Request,Low,Resolved,6.19
TKT000187,CUST00113,2025-01-17,Account,Low,Resolved,52.84
TKT000188,CUST00911,2026-06-23,Storage,Low,In Progress,57.97
TKT000189,CUST00134,2025-05-02,Storage,High,Resolved,16.72
TKT000190,CUST01581,2025-05-26,Technical,Medium,Resolved,38.13
TKT000191,CUST01942,2025-03-06,Storage,High,Resolved,32.12
TKT000192,CUST00004,2025-10-20,Storage,Low,Resolved,49.91
TKT000193,CUST01807,2025-12-09,Billing,Medium,Resolved,60.32
TKT000194,CUST01503,2025-05-18,Billing,Low,Closed,9.58
TKT000195,CUST00861,2026-08-25,Storage,Medium,Resolved,37.86
TKT000196,CUST00448,2025-04-22,Technical,Medium,Closed,44.85
TKT000197,CUST00279,2025-01-01,Storage,Low,Resolved,1.44
TKT000198,CUST01142,2025-04-03,Feature Request,High,In Progress,58.34
TKT000199,CUST00386,2025-10-21,Account,Low,Resolved,31.91
TKT000200,CUST00645,2025-11-20,Feature Request,Medium,Resolved,38.73
TKT000201,CUST00950,2025-03-01,Billing,Medium,In Progress,4.74
TKT000202,CUST00050,2026-04-18,Billing,High,Closed,16.19
TKT000203,CUST01002,2026-06-23,Feature Request,Critical,In Progress,21.92
TKT000204,CUST01348,2025-03-24,Billing,Medium,In Progress,39.04
TKT000205,CUST01392,2025-09-03,Technical,Critical,Resolved,22.76
TKT000206,CUST01733,2026-06-02,Account,Medium,Closed,38.73
TKT000207,CUST01120,2025-12-07,Feature Request,Medium,Closed,26.4
TKT000208,CUST01903,2025-08-01,Storage,Medium,Resolved,9.49
TKT000209,CUST01616,2025-12-20,Account,Medium,Closed,63.84
TKT000210,CUST01508,2025-12-18,Feature Request,Medium,Closed,55.72
TKT000211,CUST00836,2026-02-23,Storage,Critical,Closed,45.52
TKT000212,CUST01851,2026-05-17,Account,Medium,Resolved,39.23
TKT000213,CUST00905,2025-05-04,Technical,Low,Closed,15.48
TKT000214,CUST01916,2026-08-12,Technical,Medium,In Progress,56.17
TKT000215,CUST01215,2025-09-18,Feature Request,Medium,Resolved,54.23
TKT000216,CUST01181,2025-03-24,Technical,Low,Resolved,14.01
TKT000217,CUST01922,2026-06-07,Billing,Low,Resolved,42.44
TKT000218,CUST01436,2026-01-16,Account,High,Resolved,3.89
TKT000219,CUST00398,2025-07-18,Billing,Medium,Resolved,23.57
TKT000220,CUST01590,2025-12-09,Billing,Low,Closed,58.65
TKT000221,CUST00570,2025-01-05,Technical,High,Closed,24.15
TKT000222,CUST01729,2025-03-30,Account,Low,Resolved,25.06
TKT000223,CUST01126,2025-09-07,Storage,Medium,Closed,64.19
TKT000224,CUST01783,2026-04-21,Account,High,Closed,22.47
TKT000225,CUST01445,2026-07-06,Technical,High,In Progress,11.24
TKT000226,CUST01705,2025-05-29,Storage,High,Closed,67.17
TKT000227,CUST01383,2025-06-03,Feature Request,High,In Progress,37.56
TKT000228,CUST01462,2025-11-22,Feature Request,Medium,Closed,44.81
TKT000229,CUST01364,2025-09-15,Technical,High,Closed,15.5
TKT000230,CUST00430,2025-06-11,Billing,Medium,Resolved,42.91
TKT000231,CUST00506,2026-05-21,Billing,Low,Resolved,19.04
TKT000232,CUST00017,2025-08-01,Feature Request,Medium,Closed,14.22
TKT000233,CUST00016,2025-04-30,Storage,Medium,Closed,3.91
TKT000234,CUST01982,2025-04-08,Account,Medium,Resolved,26.8
TKT000235,CUST00171,2026-06-10,Account,Critical,Resolved,54.16
TKT000236,CUST01219,2025-09-01,Billing,Low,Resolved,64.27
TKT000237,CUST01866,2025-01-18,Technical,High,Resolved,54.75
TKT000238,CUST01198,2026-01-07,Billing,Critical,Closed,42.29
TKT000239,CUST00069,2025-08-01,Technical,Medium,Resolved,59.63
TKT000240,CUST01652,2026-07-30,Storage,Low,Resolved,40.15
TKT000241,CUST00785,2025-03-30,Technical,High,Closed,53.38
TKT000242,CUST00009,2025-02-15,Technical,Medium,In Progress,13.0
TKT000243,CUST00682,2025-06-11,Storage,Medium,Resolved,57.72
TKT000244,CUST01334,2026-06-05,Storage,Low,Closed,38.63
TKT000245,CUST01737,2025-12-07,Billing,Low,Closed,38.11
TKT000246,CUST01238,2026-03-03,Billing,High,Open,58.56
TKT000247,CUST01062,2025-07-27,Storage,Low,Resolved,48.69
TKT000248,CUST00724,2025-05-26,Billing,Low,In Progress,6.16
TKT000249,CUST00815,2025-07-16,Technical,Low,In Progress,13.35
TKT000250,CUST01717,2026-01-01,Technical,Low,Resolved,40.09
TKT000251,CUST00458,2025-06-08,Technical,Medium,In Progress,32.27
TKT000252,CUST00555,2025-08-23,Storage,High,Closed,14.43
TKT000253,CUST01675,2026-08-04,Billing,Low,Closed,43.5
TKT000254,CUST00909,2026-05-28,Feature Request,Medium,Resolved,43.57
TKT000255,CUST01948,2025-01-25,Feature Request,Medium,Closed,33.4
TKT000256,CUST01708,2025-02-14,Storage,Medium,Resolved,44.0
TKT000257,CUST01414,2026-06-27,Feature Request,Low,Closed,65.82
TKT000258,CUST01809,2025-06-02,Technical,Medium,Resolved,12.06
TKT000259,CUST01544,2025-05-31,Storage,High,Closed,34.69
TKT000260,CUST00155,2025-11-11,Billing,Low,In Progress,52.24
TKT000261,CUST00207,2026-07-04,Feature Request,Medium,Closed,50.98
TKT000262,CUST00722,2026-02-13,Storage,Low,In Progress,38.7
TKT000263,CUST00210,2026-02-03,Feature Request,Low,Resolved,56.22
TKT000264,CUST01376,2025-11-20,Feature Request,Medium,Closed,66.01
TKT000265,CUST01329,2026-03-25,Storage,Medium,Closed,71.71
TKT000266,CUST01043,2025-07-27,Technical,High,Resolved,1.62
TKT000267,CUST01416,2025-07-22,Account,Medium,Open,24.22
TKT000268,CUST01248,2025-03-11,Technical,Medium,Resolved,13.65
TKT000269,CUST01439,2025-08-01,Technical,High,Resolved,17.99
TKT000270,CUST00051,2025-06-09,Feature Request,Low,Open,33.68
TKT000271,CUST00578,2025-02-08,Feature Request,High,Resolved,60.74
TKT000272,CUST01062,2025-06-23,Storage,Low,In Progress,14.02
TKT000273,CUST00184,2025-12-14,Technical,Medium,Resolved,36.1
TKT000274,CUST00251,2025-08-09,Feature Request,High,Open,58.91
TKT000275,CUST00622,2025-02-19,Technical,Medium,Open,39.82
TKT000276,CUST01380,2025-05-30,Storage,Medium,Resolved,12.85
TKT000277,CUST01308,2025-07-26,Account,Medium,Resolved,8.36
TKT000278,CUST01686,2025-11-29,Account,Low,Resolved,71.48
TKT000279,CUST01259,2026-01-21,Storage,High,Resolved,56.3
TKT000280,CUST01504,2025-10-26,Storage,Medium,Closed,58.79
TKT000281,CUST01038,2025-03-11,Account,Medium,Resolved,49.05
TKT000282,CUST01796,2025-01-23,Billing,Medium,Open,55.78
TKT000283,CUST01833,2025-07-26,Storage,High,Closed,43.35
TKT000284,CUST01162,2026-06-18,Billing,Medium,Closed,57.67
TKT000285,CUST00502,2025-05-21,Account,High,In Progress,69.43
TKT000286,CUST00575,2025-05-21,Storage,Medium,Open,39.05
TKT000287,CUST01385,2025-06-27,Technical,Medium,Closed,37.45
TKT000288,CUST01694,2026-07-03,Storage,Low,Resolved,48.12
TKT000289,CUST01262,2025-06-13,Billing,Medium,Resolved,68.66
TKT000290,CUST01381,2025-11-25,Technical,Low,Open,26.31
TKT000291,CUST00151,2025-11-21,Storage,High,Closed,28.75
TKT000292,CUST00709,2025-03-09,Feature Request,Critical,Resolved,50.64
TKT000293,CUST01159,2025-06-08,Feature Request,Low,Closed,31.66
TKT000294,CUST00423,2026-06-04,Storage,High,Closed,38.48
TKT000295,CUST00052,2026-04-17,Account,Low,Resolved,62.95
TKT000296,CUST01467,2026-04-19,Billing,High,Resolved,44.99
TKT000297,CUST00374,2026-05-08,Account,Medium,Resolved,62.78
TKT000298,CUST01432,2025-06-10,Account,High,Closed,46.63
TKT000299,CUST00270,2026-07-11,Account,Low,Open,41.55
TKT000300,CUST00168,2026-08-23,Technical,High,Closed,29.53
TKT000301,CUST01665,2025-06-04,Storage,Medium,Closed,34.9
TKT000302,CUST00298,2025-11-24,Billing,Low,Resolved,26.74
TKT000303,CUST01940,2025-10-19,Feature Request,Low,In Progress,24.47
TKT000304,CUST00212,2025-03-26,Technical,Medium,In Progress,19.81
TKT000305,CUST01263,2025-06-06,Feature Request,Medium,Closed,42.04
TKT000306,CUST00739,2025-03-18,Billing,Medium,Closed,22.08
TKT000307,CUST01772,2026-05-22,Technical,Medium,Open,46.71
TKT000308,CUST00692,2025-01-24,Feature Request,Medium,Resolved,66.31
TKT000309,CUST01649,2025-05-06,Technical,Medium,In Progress,28.37
TKT000310,CUST00612,2025-12-31,Storage,Medium,In Progress,46.65
TKT000311,CUST01292,2026-06-05,Billing,High,Closed,62.32
TKT000312,CUST01888,2025-02-07,Billing,High,Closed,26.5
TKT000313,CUST01929,2025-06-11,Billing,Medium,Resolved,30.02
TKT000314,CUST00990,2025-11-17,Account,Medium,Closed,70.58
TKT000315,CUST00544,2025-11-22,Account,Medium,Closed,11.12
TKT000316,CUST01679,2025-05-03,Feature Request,Low,Resolved,7.95
TKT000317,CUST01289,2025-11-25,Billing,Medium,Closed,15.19
TKT000318,CUST01097,2025-09-03,Billing,Medium,Resolved,14.63
TKT000319,CUST01668,2025-05-17,Technical,Low,In Progress,66.99
TKT000320,CUST00809,2025-03-18,Account,Low,Resolved,17.25
TKT000321,CUST00474,2026-01-29,Technical,Low,Resolved,5.36
TKT000322,CUST00280,2026-07-05,Account,High,Closed,46.86
TKT000323,CUST00157,2025-03-26,Technical,Critical,Resolved,32.18
TKT000324,CUST01219,2025-12-16,Technical,High,In Progress,26.23
TKT000325,CUST01845,2026-01-13,Storage,Low,Resolved,30.14
TKT000326,CUST00629,2026-04-06,Technical,Critical,Resolved,50.68
TKT000327,CUST01038,2026-02-14,Storage,Medium,Resolved,38.18
TKT000328,CUST01802,2026-03-25,Billing,Low,Closed,21.16
TKT000329,CUST01008,2026-07-04,Technical,Medium,In Progress,55.84
TKT000330,CUST01393,2026-02-13,Storage,Medium,Resolved,69.15
TKT000331,CUST00526,2026-03-01,Technical,Medium,Open,44.26
TKT000332,CUST00198,2026-01-18,Storage,Medium,Closed,6.88
TKT000333,CUST00778,2026-04-04,Storage,Medium,Resolved,27.73
TKT000334,CUST01030,2026-08-02,Technical,High,Resolved,31.02
TKT000335,CUST01364,2026-01-24,Account,High,Closed,7.5
TKT000336,CUST00933,2025-08-04,Storage,Medium,Closed,37.93
TKT000337,CUST00268,2025-09-30,Storage,High,In Progress,6.22
TKT000338,CUST00696,2025-07-31,Account,Medium,Resolved,5.76
TKT000339,CUST01636,2025-08-01,Technical,Low,Resolved,26.74
TKT000340,CUST01119,2026-05-07,Billing,Medium,In Progress,11.65
TKT000341,CUST00667,2025-11-23,Billing,Medium,Resolved,11.15
TKT000342,CUST00631,2025-01-16,Account,Medium,Closed,25.37
TKT000343,CUST00721,2026-05-16,Billing,Low,Resolved,20.77
TKT000344,CUST00207,2025-01-14,Storage,Medium,Closed,46.12
TKT000345,CUST00835,2026-08-07,Technical,Critical,Resolved,23.08
TKT000346,CUST00796,2025-03-09,Billing,Medium,Resolved,41.92
TKT000347,CUST00830,2025-09-08,Billing,Medium,Resolved,43.67
TKT000348,CUST00549,2025-10-09,Feature Request,Medium,Resolved,26.19
TKT000349,CUST00052,2025-01-10,Technical,Medium,In Progress,55.66
TKT000350,CUST00117,2025-03-04,Feature Request,Low,Closed,12.51
TKT000351,CUST01682,2025-07-22,Feature Request,Medium,Closed,45.73
TKT000352,CUST00909,2026-05-06,Storage,High,Resolved,14.67
TKT000353,CUST01519,2026-03-26,Technical,Medium,Closed,33.79
TKT000354,CUST01129,2025-05-26,Billing,High,Resolved,48.7
TKT000355,CUST01115,2025-04-02,Storage,Low,Open,68.91
TKT000356,CUST00136,2026-04-02,Account,Low,Resolved,14.64
TKT000357,CUST01734,2025-03-14,Billing,Low,Resolved,34.49
TKT000358,CUST00341,2025-06-15,Technical,Low,Resolved,48.95
TKT000359,CUST01101,2025-03-20,Account,Low,Closed,16.09
TKT000360,CUST01127,2026-01-24,Account,Low,Closed,12.7
TKT000361,CUST00433,2025-08-01,Technical,Medium,Resolved,54.1
TKT000362,CUST01030,2025-11-05,Feature Request,Medium,In Progress,64.51
TKT000363,CUST00266,2025-08-11,Account,Medium,Resolved,64.72
TKT000364,CUST01936,2026-05-31,Feature Request,Medium,Resolved,23.77
TKT000365,CUST00794,2026-01-27,Account,High,Closed,62.28
TKT000366,CUST01185,2025-11-06,Feature Request,Low,Resolved,56.49
TKT000367,CUST00607,2025-11-21,Technical,Low,Resolved,50.46
TKT000368,CUST01697,2025-07-26,Billing,Low,Resolved,17.6
TKT000369,CUST00012,2025-08-07,Storage,Medium,Resolved,5.88
TKT000370,CUST00188,2025-10-28,Technical,Medium,Closed,42.91
TKT000371,CUST01618,2026-06-01,Billing,High,Resolved,55.56
TKT000372,CUST00019,2025-05-30,Feature Request,Low,Resolved,13.9
TKT000373,CUST01640,2026-04-25,Feature Request,Low,Resolved,3.48
TKT000374,CUST00768,2025-05-04,Account,High,Closed,45.71
TKT000375,CUST01335,2026-03-16,Storage,Low,Open,31.21
TKT000376,CUST00125,2025-07-28,Account,Low,Closed,48.36
TKT000377,CUST00706,2026-02-10,Storage,Medium,Open,64.54
TKT000378,CUST00115,2026-01-17,Feature Request,Critical,Resolved,15.31
TKT000379,CUST00923,2026-02-22,Technical,High,In Progress,49.45
TKT000380,CUST00894,2025-12-02,Billing,Medium,Open,21.6
TKT000381,CUST00465,2026-06-14,Technical,Medium,Closed,31.39
TKT000382,CUST01236,2026-02-14,Account,Low,Closed,53.09
TKT000383,CUST00437,2026-01-05,Feature Request,Low,In Progress,6.06
TKT000384,CUST00979,2026-04-08,Technical,Medium,Closed,16.6
TKT000385,CUST01811,2025-02-03,Billing,Medium,Resolved,6.26
TKT000386,CUST00021,2025-10-25,Account,High,In Progress,64.85
TKT000387,CUST00924,2026-05-30,Billing,Low,Resolved,39.31
TKT000388,CUST00898,2026-02-23,Account,Low,Closed,62.6
TKT000389,CUST01311,2025-03-13,Storage,Medium,Closed,40.16
TKT000390,CUST00496,2026-06-25,Feature Request,Medium,Resolved,65.98
TKT000391,CUST01694,2025-09-03,Storage,Low,Closed,17.04
TKT000392,CUST01469,2026-05-25,Account,Low,Open,36.32
TKT000393,CUST01129,2026-08-08,Technical,Medium,Resolved,58.78
TKT000394,CUST00598,2025-04-29,Technical,High,Resolved,17.57
TKT000395,CUST01913,2026-04-10,Feature Request,Low,Resolved,16.19
TKT000396,CUST01762,2025-06-06,Billing,Medium,Closed,66.09
TKT000397,CUST00127,2025-07-04,Technical,Medium,Resolved,49.29
TKT000398,CUST01814,2026-01-31,Feature Request,Medium,Resolved,20.65
TKT000399,CUST01458,2025-08-24,Account,Medium,Open,44.87
TKT000400,CUST01520,2025-07-09,Billing,Medium,Resolved,66.33
TKT000401,CUST00122,2026-05-19,Feature Request,Low,Resolved,21.07
TKT000402,CUST01436,2025-03-10,Account,Low,Resolved,41.14
TKT000403,CUST00496,2025-09-27,Account,Low,Resolved,23.69
TKT000404,CUST00153,2025-11-27,Billing,Medium,Resolved,22.54
TKT000405,CUST00117,2025-10-16,Billing,Medium,Closed,55.3
TKT000406,CUST00848,2026-05-05,Technical,Critical,Closed,23.6
TKT000407,CUST01598,2025-04-16,Technical,Medium,Resolved,33.88
TKT000408,CUST00210,2026-05-20,Feature Request,High,In Progress,28.49
TKT000409,CUST01489,2025-12-20,Storage,Medium,Resolved,60.0
TKT000410,CUST00814,2025-09-14,Feature Request,Medium,Resolved,2.77
TKT000411,CUST00457,2026-03-01,Feature Request,High,In Progress,34.07
TKT000412,CUST00106,2025-06-20,Feature Request,High,In Progress,23.52
TKT000413,CUST01813,2025-08-04,Technical,High,Resolved,50.35
TKT000414,CUST00373,2025-11-21,Technical,Low,In Progress,60.81
TKT000415,CUST00653,2025-04-28,Technical,Low,Resolved,34.85
TKT000416,CUST01735,2025-04-19,Billing,Critical,In Progress,3.44
TKT000417,CUST00159,2025-07-14,Storage,Medium,Closed,29.74
TKT000418,CUST00300,2026-02-27,Storage,High,Closed,52.15
TKT000419,CUST01261,2026-01-23,Technical,High,Open,20.29
TKT000420,CUST01472,2026-06-15,Storage,Critical,Resolved,25.56
TKT000421,CUST00047,2026-02-09,Technical,Medium,Closed,68.78
TKT000422,CUST00639,2026-08-29,Storage,High,Resolved,16.44
TKT000423,CUST01523,2025-06-11,Feature Request,High,Closed,35.26
TKT000424,CUST01786,2026-07-15,Storage,High,Resolved,26.2
TKT000425,CUST01398,2025-09-02,Storage,Low,Resolved,3.8
TKT000426,CUST01350,2025-02-20,Account,Critical,Open,20.85
TKT000427,CUST00914,2025-12-30,Account,High,Resolved,33.67
TKT000428,CUST01137,2026-08-31,Account,High,Resolved,55.01
TKT000429,CUST00153,2025-11-23,Feature Request,Medium,Resolved,57.02
TKT000430,CUST01344,2025-07-14,Billing,Medium,Resolved,59.51
TKT000431,CUST00647,2026-08-27,Storage,Low,Resolved,55.84
TKT000432,CUST01162,2025-07-20,Feature Request,Critical,Resolved,2.52
TKT000433,CUST01328,2026-07-19,Billing,Low,Closed,21.99
TKT000434,CUST01782,2025-06-28,Technical,Medium,Closed,2.47
TKT000435,CUST00376,2025-12-17,Feature Request,Low,Resolved,55.65
TKT000436,CUST00525,2025-05-11,Account,Medium,Resolved,70.18
TKT000437,CUST01733,2025-08-29,Technical,High,Resolved,45.56
TKT000438,CUST01257,2025-10-21,Account,Medium,Open,30.8
TKT000439,CUST00768,2025-10-11,Storage,Low,Resolved,55.24
TKT000440,CUST01875,2025-05-20,Account,Low,Closed,58.18
TKT000441,CUST00451,2025-04-22,Account,High,Closed,55.45
TKT000442,CUST00721,2025-07-15,Billing,Medium,Resolved,45.12
TKT000443,CUST01427,2025-04-05,Feature Request,Critical,Resolved,23.83
TKT000444,CUST01935,2026-04-04,Technical,Low,Resolved,6.15
TKT000445,CUST00227,2025-01-03,Billing,High,In Progress,63.34
TKT000446,CUST00455,2025-05-15,Storage,Low,Closed,61.86
TKT000447,CUST01441,2026-01-27,Storage,Medium,Open,42.1
TKT000448,CUST00263,2026-04-18,Billing,Low,In Progress,41.03
TKT000449,CUST01146,2025-03-30,Storage,Medium,Resolved,66.74
TKT000450,CUST01823,2026-03-30,Technical,Low,In Progress,36.84
TKT000451,CUST00449,2025-09-18,Feature Request,Medium,In Progress,71.41
TKT000452,CUST00781,2025-03-22,Technical,Critical,Closed,23.61
TKT000453,CUST01116,2025-09-05,Feature Request,Medium,Resolved,45.1
TKT000454,CUST00336,2025-10-19,Account,Medium,Resolved,67.05
TKT000455,CUST01715,2025-10-18,Storage,High,In Progress,30.41
TKT000456,CUST01561,2026-01-08,Feature Request,High,Closed,43.53
TKT000457,CUST00345,2025-08-25,Storage,Medium,Open,16.4
TKT000458,CUST00089,2026-01-01,Account,Low,Resolved,24.14
TKT000459,CUST00772,2025-11-08,Feature Request,High,Closed,54.87
TKT000460,CUST00867,2025-12-27,Technical,Medium,Closed,21.6
TKT000461,CUST01861,2025-12-12,Feature Request,High,Resolved,60.04
TKT000462,CUST01031,2025-01-11,Billing,Medium,Open,49.54
TKT000463,CUST01518,2025-12-30,Feature Request,Medium,Closed,2.25
TKT000464,CUST00130,2026-01-30,Technical,Low,In Progress,43.46
TKT000465,CUST00056,2025-03-08,Account,High,Open,14.58
TKT000466,CUST00509,2025-03-17,Billing,High,Open,40.34
TKT000467,CUST01848,2025-03-12,Feature Request,Medium,In Progress,14.75
TKT000468,CUST01832,2026-07-26,Storage,Low,Resolved,64.34
TKT000469,CUST01929,2026-06-23,Technical,Medium,In Progress,35.38
TKT000470,CUST01913,2025-01-24,Feature Request,Medium,Resolved,29.7
TKT000471,CUST01805,2025-03-14,Storage,High,Closed,51.04
TKT000472,CUST01122,2025-08-12,Feature Request,Medium,Resolved,35.02
TKT000473,CUST01881,2026-03-17,Account,High,Resolved,26.56
TKT000474,CUST00757,2026-06-21,Storage,Medium,Resolved,26.98
TKT000475,CUST00704,2025-09-22,Billing,Low,In Progress,41.09
TKT000476,CUST01294,2025-11-05,Technical,Low,Resolved,1.8
TKT000477,CUST01590,2025-08-12,Account,Low,Resolved,49.14
TKT000478,CUST01128,2026-05-02,Feature Request,High,Closed,60.18
TKT000479,CUST00217,2025-08-17,Technical,Medium,Closed,71.92
TKT000480,CUST01525,2026-07-23,Billing,Low,Resolved,67.33
TKT000481,CUST01602,2025-04-26,Account,Low,Resolved,13.77
TKT000482,CUST00008,2025-11-06,Technical,Low,In Progress,23.76
TKT000483,CUST01499,2026-01-27,Feature Request,Medium,Closed,55.84
TKT000484,CUST00718,2026-04-29,Feature Request,Low,Resolved,47.36
TKT000485,CUST00320,2025-01-06,Storage,Low,Closed,4.22
TKT000486,CUST01884,2026-03-02,Feature Request,Low,Resolved,52.21
TKT000487,CUST00486,2026-05-08,Technical,Critical,Open,67.84
TKT000488,CUST01397,2026-03-28,Technical,Medium,Resolved,46.29
TKT000489,CUST00195,2026-07-16,Feature Request,Medium,In Progress,38.51
TKT000490,CUST00902,2025-12-28,Technical,Low,Closed,27.19
TKT000491,CUST01063,2026-02-02,Technical,Medium,Resolved,17.94
TKT000492,CUST01223,2025-07-12,Account,Medium,Resolved,51.85
TKT000493,CUST00994,2026-05-28,Billing,Medium,Resolved,54.3
TKT000494,CUST01424,2025-09-06,Feature Request,Medium,Resolved,18.45
TKT000495,CUST00659,2025-03-11,Technical,Medium,Resolved,44.43
TKT000496,CUST01213,2025-08-30,Technical,Medium,In Progress,34.83
TKT000497,CUST00996,2025-11-06,Account,High,Resolved,24.29
TKT000498,CUST01235,2025-07-21,Account,Low,Open,29.16
TKT000499,CUST00819,2026-08-09,Storage,Medium,In Progress,40.35
TKT000500,CUST01043,2025-02-10,Billing,Medium,Open,51.46
TKT000501,CUST00566,2025-10-15,Storage,Low,Resolved,59.72
TKT000502,CUST01756,2026-02-10,Feature Request,Medium,Resolved,10.68
TKT000503,CUST01346,2025-02-28,Storage,Medium,Resolved,21.21
TKT000504,CUST00146,2025-10-24,Technical,High,In Progress,69.73
TKT000505,CUST01287,2025-01-19,Storage,High,Resolved,16.57
TKT000506,CUST00461,2026-08-12,Storage,Low,Open,5.35
TKT000507,CUST00675,2025-01-14,Billing,Medium,Open,7.75
TKT000508,CUST00911,2026-05-13,Feature Request,Low,In Progress,66.68
TKT000509,CUST01761,2025-07-22,Technical,Low,Resolved,7.85
TKT000510,CUST01459,2025-10-24,Account,Medium,Closed,53.73
TKT000511,CUST01686,2025-10-29,Account,Low,Closed,46.38
TKT000512,CUST00364,2025-06-21,Feature Request,High,Resolved,51.14
TKT000513,CUST01954,2025-10-31,Storage,High,Closed,52.35
TKT000514,CUST01642,2025-10-25,Account,Low,Resolved,1.37
TKT000515,CUST01418,2026-07-01,Technical,Low,Open,58.24
TKT000516,CUST01054,2025-04-10,Technical,Medium,Open,25.79
TKT000517,CUST00689,2026-01-11,Billing,Low,Resolved,33.71
TKT000518,CUST01952,2026-06-06,Storage,Low,Resolved,62.44
TKT000519,CUST01503,2026-04-01,Storage,Medium,Closed,18.02
TKT000520,CUST01744,2025-09-23,Feature Request,Medium,In Progress,69.77
TKT000521,CUST01619,2025-04-11,Account,Low,In Progress,60.43
TKT000522,CUST00414,2025-10-06,Account,Low,Resolved,11.98
TKT000523,CUST01130,2025-06-27,Billing,Low,Closed,66.24
TKT000524,CUST00194,2025-07-03,Account,High,In Progress,9.36
TKT000525,CUST00606,2025-11-25,Technical,Low,Closed,46.03
TKT000526,CUST01003,2025-05-04,Feature Request,High,In Progress,71.86
TKT000527,CUST00061,2025-04-08,Account,Medium,Resolved,12.86
TKT000528,CUST00736,2025-12-24,Technical,High,Resolved,48.25
TKT000529,CUST00165,2025-05-20,Storage,Medium,Resolved,32.04
TKT000530,CUST01496,2025-06-05,Account,High,Closed,45.83
TKT000531,CUST01370,2026-05-01,Billing,Low,Resolved,52.34
TKT000532,CUST00710,2025-06-07,Technical,Medium,Resolved,13.01
TKT000533,CUST00582,2025-05-03,Storage,Medium,Closed,62.42
TKT000534,CUST00211,2025-02-19,Storage,High,Resolved,54.31
TKT000535,CUST00929,2025-04-30,Billing,High,In Progress,38.21
TKT000536,CUST00514,2025-05-11,Technical,Medium,In Progress,10.04
TKT000537,CUST00202,2025-05-19,Billing,Low,Closed,14.29
TKT000538,CUST00527,2025-12-17,Feature Request,Medium,Closed,42.93
TKT000539,CUST00964,2026-06-17,Billing,Low,Resolved,47.78
TKT000540,CUST00865,2025-04-22,Billing,High,In Progress,22.69
TKT000541,CUST00197,2025-12-25,Billing,Medium,Open,63.83
TKT000542,CUST00048,2025-06-05,Storage,Critical,Resolved,10.22
TKT000543,CUST00463,2025-08-08,Technical,High,Closed,52.07
TKT000544,CUST00464,2025-12-22,Technical,High,Resolved,54.48
TKT000545,CUST00414,2026-01-28,Storage,Critical,Resolved,34.09
TKT000546,CUST01188,2026-05-28,Billing,Medium,Resolved,40.35
TKT000547,CUST01827,2025-07-02,Account,High,Resolved,63.57
TKT000548,CUST00130,2026-08-22,Feature Request,Low,Open,28.05
TKT000549,CUST00401,2026-04-28,Technical,High,Resolved,57.7
TKT000550,CUST00765,2025-10-21,Billing,Medium,Closed,42.42
TKT000551,CUST01191,2026-04-02,Feature Request,Low,Resolved,54.29
TKT000552,CUST01412,2026-06-09,Account,Low,Resolved,13.69
TKT000553,CUST00100,2026-03-17,Account,Low,In Progress,51.61
TKT000554,CUST01039,2026-02-22,Storage,Medium,Closed,26.96
TKT000555,CUST00158,2025-01-01,Account,Low,In Progress,26.78
TKT000556,CUST00334,2026-02-02,Technical,Critical,In Progress,35.34
TKT000557,CUST01498,2026-01-20,Billing,High,Closed,35.85
TKT000558,CUST01558,2025-12-13,Feature Request,Medium,Resolved,39.1
TKT000559,CUST00601,2025-05-15,Account,Medium,Closed,10.52
TKT000560,CUST01033,2025-05-16,Account,Medium,Closed,4.81
TKT000561,CUST00208,2025-12-02,Storage,Low,Closed,15.82
TKT000562,CUST00936,2025-12-09,Account,Medium,Closed,40.04
TKT000563,CUST00996,2025-03-25,Account,Medium,In Progress,50.76
TKT000564,CUST00005,2025-04-07,Storage,Critical,Resolved,44.69
TKT000565,CUST01221,2025-06-05,Account,Low,Open,59.47
TKT000566,CUST01590,2025-06-10,Billing,Medium,Resolved,2.39
TKT000567,CUST01557,2025-01-26,Billing,High,Resolved,43.92
TKT000568,CUST00603,2025-06-10,Feature Request,High,Open,47.42
TKT000569,CUST01978,2026-06-09,Account,Low,Resolved,55.07
TKT000570,CUST00875,2026-07-04,Billing,Low,In Progress,61.93
TKT000571,CUST01466,2026-08-30,Storage,Low,Resolved,28.88
TKT000572,CUST00280,2026-08-19,Billing,Low,Closed,36.15
TKT000573,CUST01756,2025-07-26,Technical,Medium,Resolved,2.55
TKT000574,CUST00366,2025-11-21,Billing,Low,Resolved,14.98
TKT000575,CUST00238,2026-01-16,Storage,Medium,Resolved,9.51
TKT000576,CUST01769,2026-03-19,Storage,Low,In Progress,15.17
TKT000577,CUST01687,2025-10-09,Storage,Medium,Closed,71.43
TKT000578,CUST00968,2026-05-18,Billing,Low,Closed,64.59
TKT000579,CUST01026,2025-08-02,Storage,Medium,Resolved,29.13
TKT000580,CUST01510,2025-01-31,Technical,Medium,Closed,56.73
TKT000581,CUST01831,2025-02-27,Account,High,Resolved,32.86
TKT000582,CUST01538,2025-01-22,Storage,Low,In Progress,49.6
TKT000583,CUST01963,2025-07-05,Feature Request,Low,Resolved,25.58
TKT000584,CUST01403,2025-02-16,Storage,High,Resolved,34.02
TKT000585,CUST00114,2026-03-25,Feature Request,Low,Closed,64.8
TKT000586,CUST00052,2025-05-22,Feature Request,Medium,Resolved,51.35
TKT000587,CUST00840,2026-08-01,Account,High,Closed,69.49
TKT000588,CUST01967,2025-02-27,Account,Low,In Progress,49.1
TKT000589,CUST00433,2026-06-03,Billing,High,Resolved,54.92
TKT000590,CUST01688,2026-07-19,Technical,Medium,Closed,53.94
TKT000591,CUST01892,2025-02-17,Feature Request,Low,Closed,13.8
TKT000592,CUST00299,2026-07-18,Feature Request,Medium,Resolved,3.47
TKT000593,CUST00130,2025-07-05,Feature Request,Low,Resolved,67.72
TKT000594,CUST00440,2025-04-05,Billing,Medium,Closed,3.56
TKT000595,CUST01946,2025-01-15,Billing,High,Open,18.68
TKT000596,CUST01633,2026-07-13,Account,Medium,Resolved,68.71
TKT000597,CUST01195,2025-07-13,Storage,Medium,Closed,55.32
TKT000598,CUST00794,2025-06-26,Technical,Medium,In Progress,16.74
TKT000599,CUST00363,2025-05-26,Feature Request,Medium,Resolved,43.22
TKT000600,CUST01264,2025-12-13,Billing,Medium,Closed,33.44
TKT000601,CUST01829,2025-07-09,Account,Critical,Resolved,22.71
TKT000602,CUST00549,2025-09-22,Billing,Medium,Closed,3.69
TKT000603,CUST00333,2026-08-04,Account,Medium,Resolved,15.7
TKT000604,CUST00555,2026-08-12,Account,High,Closed,32.82
TKT000605,CUST01189,2026-01-23,Account,High,Resolved,54.46
TKT000606,CUST01279,2026-02-08,Storage,Medium,Closed,28.98
TKT000607,CUST01236,2026-01-13,Storage,High,Closed,6.51
TKT000608,CUST00577,2026-08-27,Storage,Medium,Closed,14.6
TKT000609,CUST01496,2025-12-25,Billing,Low,Closed,54.73
TKT000610,CUST01510,2025-07-03,Account,Low,Resolved,69.83
TKT000611,CUST01728,2025-10-21,Account,Low,In Progress,21.73
TKT000612,CUST01329,2025-05-21,Technical,Low,Resolved,43.99
TKT000613,CUST01901,2026-07-05,Storage,High,Closed,49.34
TKT000614,CUST01300,2026-07-29,Technical,High,Resolved,7.2
TKT000615,CUST01773,2026-08-23,Storage,High,Closed,68.97
TKT000616,CUST00573,2026-06-26,Account,Low,Resolved,42.95
TKT000617,CUST01149,2025-06-11,Feature Request,Medium,Open,39.28
TKT000618,CUST00340,2025-05-24,Billing,Low,Resolved,39.43
TKT000619,CUST00571,2026-08-08,Feature Request,Medium,Open,4.09
TKT000620,CUST00196,2025-06-26,Storage,Medium,Resolved,42.3
TKT000621,CUST01194,2025-09-03,Storage,Low,Closed,8.43
TKT000622,CUST00363,2025-08-28,Storage,Medium,Closed,31.52
TKT000623,CUST01570,2025-02-12,Technical,Medium,Resolved,7.33
TKT000624,CUST01789,2026-06-21,Account,Medium,Closed,16.74
TKT000625,CUST00526,2026-04-05,Storage,Medium,Resolved,29.3
TKT000626,CUST00896,2026-05-09,Technical,Medium,Resolved,21.81
TKT000627,CUST01144,2025-02-23,Billing,Low,Closed,41.76
TKT000628,CUST00821,2025-01-10,Technical,Medium,Resolved,36.31
TKT000629,CUST01166,2025-06-07,Technical,Low,Open,7.37
TKT000630,CUST00545,2025-07-16,Feature Request,Low,Resolved,53.65
TKT000631,CUST01911,2026-07-29,Storage,Medium,Resolved,32.1
TKT000632,CUST00393,2025-06-19,Technical,Critical,Closed,36.46
TKT000633,CUST00766,2025-05-21,Technical,Low,Closed,64.04
TKT000634,CUST00232,2026-08-29,Storage,Medium,Closed,12.09
TKT000635,CUST01478,2025-02-20,Storage,Low,In Progress,22.56
TKT000636,CUST00679,2025-09-27,Storage,High,Open,41.62
TKT000637,CUST01365,2025-05-05,Storage,High,Resolved,30.6
TKT000638,CUST01030,2025-05-06,Storage,Medium,Resolved,36.48
TKT000639,CUST01330,2025-01-29,Technical,High,Open,5.48
TKT000640,CUST01975,2026-07-13,Account,Medium,Resolved,55.73
TKT000641,CUST00589,2025-10-08,Technical,High,Closed,20.09
TKT000642,CUST01288,2025-04-09,Technical,Low,In Progress,68.16
TKT000643,CUST00105,2026-05-21,Account,Medium,Resolved,51.49
TKT000644,CUST00911,2026-02-23,Technical,Low,Closed,4.39
TKT000645,CUST01127,2025-04-26,Account,High,Closed,11.17
TKT000646,CUST01108,2026-04-21,Technical,Medium,Closed,29.75
TKT000647,CUST01803,2025-03-29,Account,Low,Closed,35.52
TKT000648,CUST01158,2025-02-25,Storage,Medium,Resolved,2.59
TKT000649,CUST00950,2025-07-10,Billing,Medium,Resolved,34.68
TKT000650,CUST00631,2025-07-12,Account,High,Resolved,40.6
TKT000651,CUST01548,2026-02-14,Feature Request,Low,In Progress,69.62
TKT000652,CUST01717,2025-02-16,Storage,High,Resolved,5.71
TKT000653,CUST01948,2025-08-17,Billing,High,Resolved,23.71
TKT000654,CUST01604,2025-06-23,Billing,Medium,Closed,7.58
TKT000655,CUST01944,2026-03-19,Feature Request,High,Open,67.98
TKT000656,CUST01060,2025-03-18,Storage,Low,In Progress,35.44
TKT000657,CUST00136,2025-08-21,Feature Request,Critical,Resolved,71.96
TKT000658,CUST01732,2025-03-26,Feature Request,Low,In Progress,58.1
TKT000659,CUST00243,2025-07-13,Billing,Medium,Closed,9.58
TKT000660,CUST00873,2026-03-31,Storage,High,Resolved,1.15
TKT000661,CUST00717,2025-02-03,Feature Request,Medium,In Progress,36.05
TKT000662,CUST01667,2025-04-18,Feature Request,Low,Open,12.21
TKT000663,CUST01584,2025-08-16,Technical,Medium,Resolved,11.82
TKT000664,CUST01328,2025-05-12,Account,High,Closed,49.4
TKT000665,CUST00045,2025-12-27,Technical,Medium,Resolved,40.3
TKT000666,CUST01236,2025-06-16,Feature Request,Low,Closed,62.07
TKT000667,CUST00035,2025-12-10,Storage,Low,Closed,20.32
TKT000668,CUST01097,2025-02-28,Billing,Low,Open,66.01
TKT000669,CUST00034,2025-09-25,Account,Medium,Closed,7.38
TKT000670,CUST00933,2025-05-29,Technical,High,Closed,19.14
TKT000671,CUST00401,2026-07-02,Billing,Critical,Resolved,60.85
TKT000672,CUST01192,2025-04-11,Account,Low,Closed,27.79
TKT000673,CUST01579,2025-07-02,Account,Low,Open,33.16
TKT000674,CUST01621,2025-04-21,Storage,Low,Resolved,68.59
TKT000675,CUST00961,2026-05-05,Account,High,Resolved,53.72
TKT000676,CUST00186,2025-03-26,Account,Low,Closed,52.98
TKT000677,CUST00063,2025-06-30,Billing,Low,Resolved,36.03
TKT000678,CUST00477,2025-01-20,Account,Medium,In Progress,71.25
TKT000679,CUST00061,2025-05-03,Storage,Low,Resolved,14.29
TKT000680,CUST00935,2025-05-30,Account,Medium,Open,48.28
TKT000681,CUST00007,2025-07-04,Account,Medium,Resolved,56.86
TKT000682,CUST00299,2025-01-19,Billing,Medium,In Progress,3.77
TKT000683,CUST01427,2026-05-30,Billing,Medium,Resolved,28.23
TKT000684,CUST01770,2025-02-11,Feature Request,Low,Closed,71.34
TKT000685,CUST00731,2026-02-01,Storage,Low,Resolved,10.81
TKT000686,CUST01642,2025-10-11,Feature Request,Low,Resolved,43.8
TKT000687,CUST00301,2026-05-03,Account,Low,Resolved,11.27
TKT000688,CUST01436,2025-07-20,Billing,Medium,Resolved,35.23
TKT000689,CUST01220,2025-09-24,Billing,Medium,Closed,68.31
TKT000690,CUST00780,2025-06-07,Feature Request,Low,Closed,58.98
TKT000691,CUST00099,2025-10-12,Feature Request,High,Resolved,69.65
TKT000692,CUST01268,2025-04-29,Storage,High,Closed,10.22
TKT000693,CUST01167,2026-07-03,Account,Medium,Resolved,30.41
TKT000694,CUST01726,2026-05-03,Feature Request,High,Resolved,40.03
TKT000695,CUST00237,2026-07-19,Feature Request,Medium,Closed,22.01
TKT000696,CUST00828,2025-10-06,Technical,Low,Closed,45.69
TKT000697,CUST01369,2026-08-13,Account,Low,In Progress,36.41
TKT000698,CUST00718,2025-10-02,Billing,Low,Closed,10.88
TKT000699,CUST01066,2026-03-08,Feature Request,Low,In Progress,14.34
TKT000700,CUST00237,2025-08-08,Account,Low,Resolved,43.46
TKT000701,CUST01529,2026-08-26,Feature Request,High,Closed,15.98
TKT000702,CUST01373,2025-04-15,Storage,Medium,Open,52.04
TKT000703,CUST01920,2025-02-13,Billing,Critical,Open,7.95
TKT000704,CUST00950,2025-12-06,Storage,Medium,Resolved,17.95
TKT000705,CUST00943,2026-02-02,Account,Low,Closed,55.51
TKT000706,CUST01956,2026-01-25,Technical,Low,Closed,22.09
TKT000707,CUST01822,2025-06-27,Technical,Medium,In Progress,56.63
TKT000708,CUST00689,2026-03-17,Feature Request,Low,Closed,45.4
TKT000709,CUST00122,2025-12-06,Feature Request,Low,Resolved,60.74
TKT000710,CUST00053,2025-12-13,Storage,Medium,Closed,33.63
TKT000711,CUST00350,2025-11-29,Technical,High,Closed,60.94
TKT000712,CUST01015,2025-02-16,Feature Request,Medium,In Progress,58.75
TKT000713,CUST01224,2026-06-09,Billing,Medium,Resolved,57.6
TKT000714,CUST01973,2026-08-03,Account,Low,Closed,66.35
TKT000715,CUST00998,2025-08-27,Billing,Critical,Resolved,33.22
TKT000716,CUST01671,2026-02-25,Billing,Low,Resolved,3.95
TKT000717,CUST01085,2025-10-19,Billing,Medium,Closed,54.41
TKT000718,CUST01276,2026-05-29,Feature Request,Medium,In Progress,4.37
TKT000719,CUST01347,2026-04-18,Billing,Low,Resolved,54.66
TKT000720,CUST00819,2026-03-12,Billing,Medium,Resolved,10.25
TKT000721,CUST00504,2026-04-19,Technical,High,In Progress,40.96
TKT000722,CUST00886,2026-06-08,Account,Low,In Progress,15.29
TKT000723,CUST01415,2025-01-17,Billing,Medium,Closed,53.73
TKT000724,CUST01735,2025-12-12,Storage,High,Open,46.92
TKT000725,CUST00998,2025-08-19,Storage,Low,In Progress,35.83
TKT000726,CUST01795,2025-07-29,Account,High,In Progress,12.84
TKT000727,CUST00582,2026-04-21,Feature Request,High,Open,38.62
TKT000728,CUST01738,2025-05-27,Storage,Medium,Resolved,24.77
TKT000729,CUST00910,2025-10-01,Storage,Medium,In Progress,52.76
TKT000730,CUST01141,2025-05-01,Account,Low,In Progress,56.31
TKT000731,CUST00179,2026-03-17,Account,High,Resolved,8.32
TKT000732,CUST01766,2026-03-27,Storage,Medium,In Progress,22.08
TKT000733,CUST00923,2026-08-09,Feature Request,High,Resolved,59.49
TKT000734,CUST00941,2025-01-17,Technical,Low,Resolved,57.78
TKT000735,CUST00149,2026-01-26,Account,Low,Open,58.06
TKT000736,CUST01874,2026-01-19,Storage,Medium,Closed,26.88
TKT000737,CUST00938,2025-02-03,Feature Request,Low,Closed,3.8
TKT000738,CUST00186,2025-01-21,Feature Request,Medium,Resolved,68.56
TKT000739,CUST01059,2025-11-05,Technical,Medium,Closed,15.66
TKT000740,CUST00856,2026-03-02,Billing,Low,Resolved,21.76
TKT000741,CUST01269,2026-02-02,Billing,Low,Resolved,20.3
TKT000742,CUST00875,2025-04-24,Account,Medium,In Progress,58.09
TKT000743,CUST00323,2025-06-18,Technical,Low,In Progress,7.32
TKT000744,CUST01992,2025-10-09,Storage,Medium,Resolved,23.68
TKT000745,CUST01658,2026-04-28,Billing,Low,Resolved,57.51
TKT000746,CUST01078,2025-03-25,Billing,Medium,In Progress,66.42
TKT000747,CUST00144,2025-12-07,Account,High,Closed,19.08
TKT000748,CUST01388,2025-08-16,Storage,Medium,Resolved,6.89
TKT000749,CUST01136,2026-05-26,Technical,High,Closed,36.94
TKT000750,CUST01037,2025-11-12,Storage,Medium,Resolved,35.34
TKT000751,CUST01517,2025-08-09,Storage,Low,Open,29.38
TKT000752,CUST00165,2025-09-28,Storage,Low,Resolved,70.15
TKT000753,CUST01935,2025-03-20,Technical,High,Open,13.48
TKT000754,CUST00215,2026-06-28,Billing,Medium,Closed,69.65
TKT000755,CUST01063,2025-08-17,Feature Request,Low,In Progress,12.21
TKT000756,CUST00875,2025-03-19,Billing,Low,Closed,13.26
TKT000757,CUST00288,2026-06-02,Billing,Medium,Closed,28.48
TKT000758,CUST01643,2025-06-10,Technical,High,Closed,65.92
TKT000759,CUST01185,2025-11-08,Billing,High,Resolved,18.94
TKT000760,CUST00768,2026-03-05,Billing,Low,Open,60.64
TKT000761,CUST00939,2025-03-26,Storage,Medium,Closed,24.89
TKT000762,CUST01526,2026-02-10,Feature Request,Medium,In Progress,66.21
TKT000763,CUST01525,2025-01-12,Technical,Medium,In Progress,1.94
TKT000764,CUST01290,2026-03-16,Account,High,Open,54.34
TKT000765,CUST01420,2026-05-06,Technical,Medium,Resolved,21.47
TKT000766,CUST01096,2025-08-04,Storage,High,In Progress,36.27
TKT000767,CUST00161,2026-05-05,Billing,Medium,Resolved,38.44
TKT000768,CUST01318,2026-05-09,Feature Request,High,Resolved,62.1
TKT000769,CUST01533,2026-05-15,Account,Low,Resolved,40.34
TKT000770,CUST00034,2026-01-30,Account,Low,Resolved,41.94
TKT000771,CUST00846,2025-04-08,Billing,High,Resolved,43.98
TKT000772,CUST00946,2025-06-21,Billing,Medium,Resolved,2.96
TKT000773,CUST01235,2025-05-14,Storage,Low,Resolved,10.36
TKT000774,CUST00939,2026-06-02,Feature Request,Low,Closed,35.66
TKT000775,CUST00056,2025-04-08,Account,Medium,Resolved,47.95
TKT000776,CUST00958,2025-09-25,Account,Medium,In Progress,15.24
TKT000777,CUST01804,2025-08-01,Technical,Medium,Resolved,3.17
TKT000778,CUST01088,2025-09-12,Account,Low,Closed,44.32
TKT000779,CUST01980,2026-08-06,Storage,Critical,Open,11.85
TKT000780,CUST00176,2025-10-06,Account,Medium,Closed,1.51
TKT000781,CUST00741,2026-05-06,Billing,Medium,Resolved,7.62
TKT000782,CUST00361,2025-09-27,Account,Medium,Resolved,5.41
TKT000783,CUST01711,2025-03-01,Account,Medium,In Progress,62.8
TKT000784,CUST00530,2025-02-25,Storage,Low,Resolved,23.35
TKT000785,CUST00497,2025-11-17,Storage,Medium,In Progress,47.01
TKT000786,CUST00646,2025-04-22,Account,Low,Open,33.84
TKT000787,CUST00261,2025-11-05,Feature Request,High,Resolved,35.81
TKT000788,CUST00883,2026-07-08,Account,Medium,Closed,23.75
TKT000789,CUST00620,2025-11-27,Account,Medium,Open,33.18
TKT000790,CUST00887,2026-07-29,Technical,Low,Open,17.44
TKT000791,CUST01443,2026-04-14,Account,Medium,In Progress,59.36
TKT000792,CUST01117,2025-06-24,Technical,Medium,In Progress,28.27
TKT000793,CUST00996,2026-01-15,Billing,High,Resolved,38.61
TKT000794,CUST01104,2026-07-23,Feature Request,Critical,Resolved,35.11
TKT000795,CUST01126,2025-07-23,Storage,Medium,Closed,67.64
TKT000796,CUST00219,2025-10-13,Technical,Medium,Resolved,24.3
TKT000797,CUST01044,2025-07-23,Storage,High,In Progress,32.86
TKT000798,CUST00762,2026-08-05,Storage,Medium,Open,23.69
TKT000799,CUST00948,2026-02-18,Technical,Medium,Resolved,60.24
TKT000800,CUST01968,2025-11-28,Account,High,Closed,10.97
TKT000801,CUST01304,2026-07-30,Storage,High,Resolved,27.87
TKT000802,CUST01479,2026-08-10,Account,High,Closed,56.97
TKT000803,CUST01934,2026-08-19,Storage,High,Open,57.44
TKT000804,CUST00836,2025-03-10,Technical,Low,Open,69.5
TKT000805,CUST00145,2025-01-06,Feature Request,Medium,Resolved,70.87
TKT000806,CUST00623,2026-03-31,Feature Request,Critical,Open,28.13
TKT000807,CUST01771,2025-12-02,Account,Medium,Resolved,31.18
TKT000808,CUST00225,2025-05-10,Storage,Medium,In Progress,35.78
TKT000809,CUST00856,2026-03-31,Storage,Critical,In Progress,38.11
TKT000810,CUST01023,2025-03-02,Technical,Critical,Resolved,49.86
TKT000811,CUST01485,2025-07-03,Storage,Low,In Progress,5.38
TKT000812,CUST00472,2025-02-18,Account,Medium,In Progress,57.69
TKT000813,CUST01407,2026-06-08,Storage,Medium,In Progress,36.51
TKT000814,CUST00013,2026-06-28,Billing,High,Closed,45.9
TKT000815,CUST01434,2025-05-13,Technical,High,Open,12.8
TKT000816,CUST00010,2025-01-18,Feature Request,Medium,Open,40.2
TKT000817,CUST01257,2026-06-20,Feature Request,Medium,Closed,65.83
TKT000818,CUST00404,2025-11-17,Billing,High,Resolved,56.96
TKT000819,CUST01241,2025-12-19,Account,Low,In Progress,62.51
TKT000820,CUST00099,2026-02-16,Technical,Medium,Resolved,60.8
TKT000821,CUST00398,2026-07-26,Billing,High,Closed,29.23
TKT000822,CUST00630,2026-02-24,Account,Low,Closed,41.98
TKT000823,CUST01267,2025-06-20,Storage,Medium,In Progress,66.81
TKT000824,CUST01845,2025-04-26,Storage,Low,In Progress,18.09
TKT000825,CUST01258,2025-08-28,Technical,Medium,Resolved,44.23
TKT000826,CUST00912,2026-06-22,Feature Request,Low,Closed,17.29
TKT000827,CUST01597,2025-06-04,Feature Request,Medium,Open,44.41
TKT000828,CUST00552,2026-08-19,Technical,High,Resolved,68.52
TKT000829,CUST00080,2025-11-16,Billing,Low,Resolved,71.12
TKT000830,CUST01865,2025-05-29,Billing,High,Resolved,64.66
TKT000831,CUST00312,2025-07-25,Technical,High,Resolved,68.11
TKT000832,CUST01752,2026-08-09,Technical,Low,In Progress,51.19
TKT000833,CUST01258,2026-07-05,Account,Medium,Closed,10.44
TKT000834,CUST00788,2025-02-28,Technical,High,Resolved,69.06
TKT000835,CUST01885,2026-03-21,Billing,Low,In Progress,20.28
TKT000836,CUST00743,2025-02-28,Storage,Medium,In Progress,6.51
TKT000837,CUST00740,2025-04-07,Feature Request,Medium,Closed,2.51
TKT000838,CUST00377,2025-09-17,Technical,Medium,In Progress,67.54
TKT000839,CUST01569,2025-08-26,Billing,Medium,Closed,15.12
TKT000840,CUST00016,2025-12-28,Account,Medium,In Progress,7.4
TKT000841,CUST00691,2026-06-12,Billing,High,Resolved,38.8
TKT000842,CUST00244,2025-03-28,Storage,Medium,Resolved,1.35
TKT000843,CUST00293,2026-02-14,Storage,Medium,Closed,8.51
TKT000844,CUST01291,2025-02-19,Account,High,Resolved,5.6
TKT000845,CUST01084,2026-06-11,Account,High,Closed,49.5
TKT000846,CUST01521,2026-01-31,Feature Request,Medium,Closed,6.35
TKT000847,CUST01469,2025-11-13,Billing,Critical,Closed,35.14
TKT000848,CUST00168,2025-06-20,Storage,Low,Resolved,6.97
TKT000849,CUST00188,2026-01-18,Feature Request,Low,Resolved,58.37
TKT000850,CUST00042,2025-09-24,Technical,Medium,In Progress,28.9
TKT000851,CUST01615,2025-09-03,Storage,High,Closed,1.5
TKT000852,CUST00004,2025-07-03,Storage,Medium,Resolved,67.26
TKT000853,CUST01370,2025-05-28,Technical,Critical,Open,54.22
TKT000854,CUST00809,2026-01-12,Feature Request,Medium,Resolved,61.06
TKT000855,CUST00601,2025-07-21,Account,Medium,Open,38.17
TKT000856,CUST01942,2025-08-05,Feature Request,Low,Resolved,70.93
TKT000857,CUST01602,2026-01-17,Storage,High,Closed,52.81
TKT000858,CUST01528,2025-11-08,Storage,Medium,In Progress,15.23
TKT000859,CUST00848,2025-09-12,Account,Low,Open,2.62
TKT000860,CUST01826,2025-01-30,Technical,Critical,Closed,48.39
TKT000861,CUST01201,2026-05-16,Storage,Medium,Resolved,24.25
TKT000862,CUST00846,2026-01-17,Billing,Critical,Open,54.26
TKT000863,CUST01456,2026-08-11,Storage,Medium,Resolved,42.39
TKT000864,CUST01273,2025-11-10,Account,High,Resolved,57.06
TKT000865,CUST00667,2026-01-13,Billing,High,Resolved,15.06
TKT000866,CUST01271,2026-06-28,Storage,Medium,In Progress,39.51
TKT000867,CUST00059,2025-02-16,Billing,Critical,Closed,58.28
TKT000868,CUST01353,2026-01-18,Storage,High,Resolved,24.08
TKT000869,CUST01513,2026-05-23,Feature Request,Medium,Closed,58.33
TKT000870,CUST00248,2025-05-03,Account,High,Resolved,10.63
TKT000871,CUST00474,2026-08-22,Account,High,In Progress,57.02
TKT000872,CUST01869,2026-04-05,Technical,Medium,Resolved,5.77
TKT000873,CUST01430,2026-08-29,Storage,Low,In Progress,1.46
TKT000874,CUST01045,2026-01-14,Account,Low,Resolved,40.19
TKT000875,CUST01471,2025-10-09,Feature Request,Medium,Resolved,7.4
TKT000876,CUST00897,2025-04-27,Storage,Low,Resolved,48.28
TKT000877,CUST01699,2026-05-26,Billing,Low,Closed,36.4
TKT000878,CUST00694,2026-03-20,Technical,High,Resolved,54.39
TKT000879,CUST00814,2025-07-26,Feature Request,High,Closed,28.46
TKT000880,CUST00366,2025-02-18,Storage,Medium,Resolved,27.97
TKT000881,CUST00116,2025-12-24,Billing,Medium,Resolved,6.94
TKT000882,CUST01544,2025-03-16,Storage,Low,Resolved,31.51
TKT000883,CUST00306,2026-06-11,Billing,Medium,Resolved,40.99
TKT000884,CUST01656,2026-02-26,Storage,Medium,In Progress,44.89
TKT000885,CUST01508,2026-06-04,Storage,High,Resolved,52.89
TKT000886,CUST01917,2026-04-16,Storage,Medium,Open,31.95
TKT000887,CUST00422,2026-04-06,Billing,Low,In Progress,67.26
TKT000888,CUST00886,2025-07-26,Technical,Medium,In Progress,63.34
TKT000889,CUST00715,2026-06-16,Storage,Medium,Closed,4.9
TKT000890,CUST00067,2025-08-23,Billing,Medium,Closed,42.46
TKT000891,CUST01179,2025-04-06,Technical,Low,Closed,39.05
TKT000892,CUST00917,2025-06-19,Feature Request,Medium,Resolved,26.11
TKT000893,CUST01437,2025-05-18,Storage,Medium,Resolved,31.97
TKT000894,CUST00946,2025-06-20,Account,Low,Closed,59.07
TKT000895,CUST00739,2025-12-11,Billing,Low,Resolved,54.35
TKT000896,CUST01326,2026-06-05,Feature Request,High,Resolved,22.95
TKT000897,CUST00760,2026-01-04,Feature Request,High,Closed,35.7
TKT000898,CUST01619,2026-01-10,Account,Medium,Resolved,65.41
TKT000899,CUST00316,2026-08-29,Billing,Medium,Closed,25.25
TKT000900,CUST01776,2025-08-27,Technical,Medium,Resolved,23.67
TKT000901,CUST00172,2026-08-06,Account,Low,Closed,8.55
TKT000902,CUST01848,2026-05-09,Account,Low,Closed,5.45
TKT000903,CUST01227,2025-09-05,Feature Request,High,Resolved,10.04
TKT000904,CUST01751,2025-01-05,Account,Medium,In Progress,43.13
TKT000905,CUST00168,2025-11-02,Storage,Medium,Open,21.01
TKT000906,CUST01496,2026-01-18,Billing,Low,In Progress,47.25
TKT000907,CUST00176,2025-05-08,Account,Medium,Open,16.06
TKT000908,CUST01750,2025-04-29,Technical,High,Closed,40.82
TKT000909,CUST01791,2025-02-28,Storage,Low,Resolved,27.7
TKT000910,CUST00280,2026-08-12,Billing,Low,Resolved,66.78
TKT000911,CUST01990,2026-02-16,Billing,High,In Progress,34.99
TKT000912,CUST00230,2026-01-15,Technical,Medium,Resolved,1.63
TKT000913,CUST01454,2026-06-14,Technical,Medium,Open,51.12
TKT000914,CUST00945,2025-07-03,Storage,Medium,Resolved,36.52
TKT000915,CUST01131,2026-07-25,Storage,Medium,Closed,56.37
TKT000916,CUST00774,2026-07-02,Technical,High,In Progress,15.6
TKT000917,CUST00425,2025-08-22,Storage,High,Open,46.12
TKT000918,CUST01167,2025-01-31,Account,Low,Open,25.93
TKT000919,CUST00196,2025-07-14,Technical,Low,Resolved,71.03
TKT000920,CUST00498,2025-02-05,Feature Request,Low,Closed,62.83
TKT000921,CUST00559,2025-11-12,Account,Low,Closed,50.82
TKT000922,CUST01165,2025-12-07,Account,Medium,Resolved,20.84
TKT000923,CUST01271,2025-07-12,Account,Low,In Progress,68.62
TKT000924,CUST00840,2026-04-13,Account,High,Resolved,19.67
TKT000925,CUST00208,2026-07-16,Billing,Medium,Closed,15.44
TKT000926,CUST01759,2026-04-03,Account,Medium,Closed,3.64
TKT000927,CUST00432,2025-07-17,Technical,Medium,Closed,62.91
TKT000928,CUST00442,2025-12-21,Technical,Low,In Progress,2.05
TKT000929,CUST01818,2025-04-11,Account,Medium,Resolved,12.97
TKT000930,CUST00033,2026-02-11,Billing,Medium,Resolved,37.78
TKT000931,CUST01126,2025-12-31,Account,High,Closed,33.93
TKT000932,CUST00164,2026-06-06,Account,Low,Resolved,43.71
TKT000933,CUST00880,2026-06-08,Billing,High,Resolved,61.97
TKT000934,CUST01483,2025-08-01,Account,Medium,Closed,53.72
TKT000935,CUST01206,2026-03-30,Feature Request,High,Resolved,27.53
TKT000936,CUST00563,2025-05-16,Technical,Low,Closed,5.1
TKT000937,CUST01341,2025-07-17,Billing,Low,Resolved,4.89
TKT000938,CUST01963,2026-04-22,Billing,Low,In Progress,31.38
TKT000939,CUST00921,2025-05-19,Technical,Low,Resolved,50.85
TKT000940,CUST01406,2025-07-18,Storage,Medium,In Progress,12.98
TKT000941,CUST00084,2025-08-06,Feature Request,Medium,Resolved,57.71
TKT000942,CUST01565,2026-06-27,Storage,Low,Resolved,67.3
TKT000943,CUST01719,2025-11-24,Storage,Medium,Closed,36.71
TKT000944,CUST00562,2025-09-13,Account,Medium,Open,48.37
TKT000945,CUST01920,2025-03-02,Technical,Medium,Resolved,11.12
TKT000946,CUST01981,2026-04-13,Account,Medium,In Progress,56.67
TKT000947,CUST01040,2025-02-10,Feature Request,High,In Progress,44.1
TKT000948,CUST01288,2025-09-13,Account,Critical,Resolved,49.0
TKT000949,CUST00139,2026-03-03,Technical,Low,Open,55.31
TKT000950,CUST00774,2025-05-28,Billing,Medium,Resolved,38.29
TKT000951,CUST01192,2025-03-18,Account,Medium,Open,24.96
TKT000952,CUST00800,2026-07-11,Technical,Medium,Closed,70.18
TKT000953,CUST00711,2025-05-12,Billing,Low,Resolved,19.17
TKT000954,CUST01134,2025-03-10,Billing,Low,Closed,2.46
TKT000955,CUST01060,2025-10-12,Billing,Medium,Resolved,18.56
TKT000956,CUST00919,2025-03-20,Billing,Low,Open,62.87
TKT000957,CUST01199,2025-12-06,Technical,Medium,Resolved,25.45
TKT000958,CUST00667,2026-08-13,Technical,Medium,Closed,60.58
TKT000959,CUST00282,2025-03-09,Feature Request,Low,Resolved,42.65
TKT000960,CUST00691,2026-04-29,Account,Low,Resolved,38.69
TKT000961,CUST01079,2026-08-30,Account,Low,Closed,49.22
TKT000962,CUST00059,2025-09-30,Billing,Low,Resolved,8.54
TKT000963,CUST00848,2025-11-27,Account,Critical,Closed,35.64
TKT000964,CUST01846,2025-11-07,Technical,High,In Progress,51.74
TKT000965,CUST01928,2025-05-26,Storage,Low,Resolved,41.0
TKT000966,CUST00989,2025-09-08,Storage,Medium,Closed,70.0
TKT000967,CUST00747,2025-11-14,Feature Request,Low,Closed,16.62
TKT000968,CUST01959,2025-03-31,Account,High,Resolved,63.78
TKT000969,CUST00536,2025-01-02,Technical,High,Closed,7.69
TKT000970,CUST01684,2025-06-17,Feature Request,Low,Resolved,28.99
TKT000971,CUST01243,2025-03-17,Billing,High,Resolved,66.62
TKT000972,CUST01237,2026-04-01,Account,Medium,Open,14.15
TKT000973,CUST01916,2025-05-26,Technical,Medium,Closed,28.77
TKT000974,CUST00839,2025-04-16,Billing,Medium,Resolved,44.51
TKT000975,CUST00191,2025-11-09,Storage,Critical,Open,51.72
TKT000976,CUST01843,2026-02-28,Technical,High,Resolved,10.99
TKT000977,CUST01970,2026-03-25,Account,Low,Closed,48.08
TKT000978,CUST01219,2025-03-05,Billing,High,Closed,34.34
TKT000979,CUST01451,2026-01-22,Technical,High,Resolved,66.6
TKT000980,CUST00620,2026-07-13,Feature Request,Medium,Closed,26.44
TKT000981,CUST00444,2026-06-03,Storage,High,Resolved,39.77
TKT000982,CUST01200,2026-05-17,Account,Low,Resolved,71.27
TKT000983,CUST01940,2025-09-12,Account,Low,Closed,39.9
TKT000984,CUST00206,2026-06-10,Feature Request,Low,Resolved,14.92
TKT000985,CUST01770,2025-08-21,Technical,Medium,Resolved,70.62
TKT000986,CUST01702,2026-04-14,Technical,Critical,In Progress,17.75
TKT000987,CUST01523,2025-01-17,Storage,Medium,Resolved,50.96
TKT000988,CUST00597,2026-06-20,Technical,Medium,In Progress,36.48
TKT000989,CUST00779,2025-09-21,Technical,Low,Closed,30.18
TKT000990,CUST00961,2026-01-30,Storage,High,In Progress,38.41
TKT000991,CUST01488,2025-08-13,Account,Critical,Closed,70.2
TKT000992,CUST00396,2026-06-24,Feature Request,Medium,Resolved,46.03
TKT000993,CUST00619,2026-03-24,Account,High,Resolved,30.02
TKT000994,CUST01356,2026-01-07,Billing,High,Closed,47.67
TKT000995,CUST00970,2026-06-03,Storage,High,Resolved,42.32
TKT000996,CUST00587,2026-05-20,Technical,Low,In Progress,9.73
TKT000997,CUST01572,2026-02-02,Technical,High,Closed,70.78
TKT000998,CUST01150,2025-04-22,Account,Low,Resolved,19.23
TKT000999,CUST00806,2025-04-15,Feature Request,Low,Resolved,32.7
TKT001000,CUST00224,2025-12-07,Billing,High,Resolved,1.99
TKT001001,CUST00234,2026-05-06,Technical,Low,Open,38.87
TKT001002,CUST00349,2025-04-25,Billing,Low,Closed,55.44
TKT001003,CUST00054,2025-11-06,Storage,Medium,In Progress,24.18
TKT001004,CUST00921,2025-03-28,Billing,Medium,Closed,12.53
TKT001005,CUST01134,2026-05-18,Account,Medium,Closed,29.38
TKT001006,CUST01942,2025-05-04,Feature Request,Low,Resolved,29.81
TKT001007,CUST00877,2025-07-20,Feature Request,High,Resolved,24.18
TKT001008,CUST01296,2026-02-17,Technical,Medium,Closed,18.07
TKT001009,CUST01476,2025-09-26,Feature Request,Medium,In Progress,32.83
TKT001010,CUST00689,2025-07-27,Technical,Low,Resolved,47.96
TKT001011,CUST00337,2025-06-25,Technical,Medium,Closed,59.33
TKT001012,CUST00825,2025-12-01,Billing,Medium,In Progress,58.61
TKT001013,CUST00250,2025-11-22,Technical,Low,Closed,2.79
TKT001014,CUST00425,2025-10-10,Billing,Low,Closed,38.46
TKT001015,CUST00593,2025-01-08,Billing,Low,In Progress,4.88
TKT001016,CUST00223,2026-05-17,Billing,Medium,Closed,48.1
TKT001017,CUST00576,2025-10-22,Account,Low,Open,18.46
TKT001018,CUST01160,2025-05-28,Storage,Low,Resolved,49.24
TKT001019,CUST01975,2026-03-04,Technical,Medium,Closed,62.31
TKT001020,CUST00682,2026-02-19,Technical,Low,Resolved,45.02
TKT001021,CUST00762,2025-11-28,Storage,Low,Resolved,6.0
TKT001022,CUST00691,2025-06-01,Account,Low,Closed,11.76
TKT001023,CUST00653,2025-09-12,Billing,Low,Open,49.4
TKT001024,CUST00283,2026-07-16,Account,Low,Open,59.48
TKT001025,CUST01000,2026-01-30,Account,Medium,Closed,43.22
TKT001026,CUST01704,2026-03-02,Technical,Low,Open,36.2
TKT001027,CUST01146,2025-03-05,Account,Low,Closed,5.56
TKT001028,CUST01304,2025-12-21,Technical,Medium,In Progress,18.87
TKT001029,CUST00992,2026-08-06,Technical,Low,Closed,32.42
TKT001030,CUST01361,2025-11-12,Billing,Low,Resolved,3.06
TKT001031,CUST01757,2026-02-14,Account,High,In Progress,35.21
TKT001032,CUST01358,2025-07-28,Feature Request,Medium,Closed,52.54
TKT001033,CUST00670,2025-09-29,Storage,Medium,Closed,31.17
TKT001034,CUST00485,2025-01-08,Feature Request,Low,In Progress,29.99
TKT001035,CUST00293,2025-12-18,Technical,Medium,In Progress,22.23
TKT001036,CUST00682,2025-09-04,Billing,Medium,Resolved,53.43
TKT001037,CUST00794,2025-10-02,Billing,High,Resolved,58.73
TKT001038,CUST01864,2025-09-04,Feature Request,Medium,In Progress,30.42
TKT001039,CUST01744,2025-05-05,Account,Critical,In Progress,53.92
TKT001040,CUST00002,2025-08-30,Technical,Low,Closed,65.16
TKT001041,CUST01322,2026-06-12,Technical,Low,Resolved,57.27
TKT001042,CUST01881,2025-04-02,Technical,Medium,Closed,20.98
TKT001043,CUST01141,2026-07-16,Account,Medium,Closed,53.62
TKT001044,CUST01739,2026-07-14,Account,High,Closed,47.54
TKT001045,CUST00812,2025-07-20,Feature Request,High,Resolved,7.6
TKT001046,CUST01676,2026-07-24,Technical,High,Resolved,36.12
TKT001047,CUST00792,2025-11-04,Storage,Medium,Open,64.97
TKT001048,CUST00021,2025-07-15,Technical,Medium,Open,22.41
TKT001049,CUST01682,2025-07-13,Billing,Low,In Progress,23.4
TKT001050,CUST00750,2026-03-21,Account,Low,Resolved,5.62
TKT001051,CUST01229,2026-02-28,Account,Medium,Resolved,59.06
TKT001052,CUST00172,2026-01-11,Account,Low,Resolved,49.9
TKT001053,CUST01200,2026-06-17,Feature Request,Low,Resolved,41.51
TKT001054,CUST01361,2025-09-24,Feature Request,Critical,Closed,51.94
TKT001055,CUST00045,2025-05-30,Account,Low,Closed,47.55
TKT001056,CUST01859,2025-01-30,Technical,Low,Closed,24.87
TKT001057,CUST01051,2025-07-17,Account,Low,Resolved,57.67
TKT001058,CUST01120,2026-08-07,Storage,Medium,Closed,44.86
TKT001059,CUST01752,2025-01-31,Storage,Low,Open,7.53
TKT001060,CUST01556,2025-01-13,Technical,High,In Progress,69.78
TKT001061,CUST00992,2025-10-25,Technical,Critical,Resolved,43.07
TKT001062,CUST01620,2025-10-28,Storage,Low,Resolved,39.72
TKT001063,CUST00479,2026-06-10,Billing,Low,In Progress,23.88
TKT001064,CUST00250,2026-05-27,Storage,Medium,Resolved,64.12
TKT001065,CUST00696,2026-04-12,Technical,Low,Closed,15.69
TKT001066,CUST01149,2026-08-04,Feature Request,Medium,Resolved,29.54
TKT001067,CUST01149,2025-10-18,Storage,Low,Resolved,52.07
TKT001068,CUST01421,2026-01-31,Billing,Medium,Resolved,35.91
TKT001069,CUST01357,2026-02-07,Storage,Medium,Closed,39.39
TKT001070,CUST00711,2026-07-05,Feature Request,Medium,Closed,35.62
TKT001071,CUST00069,2025-03-23,Feature Request,High,Closed,47.27
TKT001072,CUST00808,2025-08-17,Technical,Low,Resolved,65.85
TKT001073,CUST01927,2026-02-17,Account,Low,In Progress,26.2
TKT001074,CUST01785,2025-05-11,Feature Request,Medium,Closed,52.24
TKT001075,CUST00726,2025-12-27,Feature Request,High,Closed,50.03
TKT001076,CUST00274,2026-08-30,Feature Request,Medium,Resolved,22.21
TKT001077,CUST01532,2025-04-12,Feature Request,Medium,Open,53.31
TKT001078,CUST00084,2025-06-13,Feature Request,High,Resolved,40.41
TKT001079,CUST00567,2026-06-16,Account,Medium,Open,62.0
TKT001080,CUST01131,2025-07-11,Storage,Low,Resolved,7.56
TKT001081,CUST01840,2026-05-24,Storage,High,Resolved,1.86
TKT001082,CUST00205,2025-03-25,Feature Request,Medium,Resolved,22.28
TKT001083,CUST00663,2025-12-14,Technical,High,Resolved,32.64
TKT001084,CUST00072,2026-05-04,Account,Low,Resolved,60.33
TKT001085,CUST01372,2025-06-05,Feature Request,Medium,Open,42.19
TKT001086,CUST00266,2026-01-09,Feature Request,Low,Resolved,62.19
TKT001087,CUST00747,2025-03-15,Billing,Low,Resolved,63.99
TKT001088,CUST00544,2026-01-28,Account,Medium,Open,45.55
TKT001089,CUST01978,2026-08-27,Storage,Medium,Closed,34.34
TKT001090,CUST00596,2026-03-05,Account,Low,Closed,46.11
TKT001091,CUST01851,2026-08-25,Storage,Medium,Closed,59.39
TKT001092,CUST00977,2025-05-27,Storage,Low,In Progress,16.15
TKT001093,CUST01011,2025-03-13,Billing,Medium,Resolved,40.99
TKT001094,CUST00948,2025-07-05,Feature Request,Medium,Resolved,69.5
TKT001095,CUST00469,2026-06-10,Account,Medium,Closed,51.25
TKT001096,CUST00697,2026-01-04,Storage,High,Resolved,42.61
TKT001097,CUST00407,2025-11-10,Billing,High,Closed,52.91
TKT001098,CUST00150,2025-02-18,Technical,High,Resolved,49.11
TKT001099,CUST01649,2025-07-07,Technical,Low,Resolved,16.0
TKT001100,CUST01194,2025-04-26,Technical,Low,Resolved,28.31
TKT001101,CUST01570,2025-12-16,Feature Request,High,Resolved,34.84
TKT001102,CUST01577,2025-07-02,Billing,Medium,Resolved,58.63
TKT001103,CUST01761,2025-03-16,Feature Request,Medium,In Progress,63.0
TKT001104,CUST00685,2025-01-07,Feature Request,High,Closed,6.56
TKT001105,CUST01037,2026-05-16,Storage,Low,Closed,23.46
TKT001106,CUST00676,2026-07-20,Feature Request,Medium,Closed,5.22
TKT001107,CUST01950,2025-11-28,Account,Low,In Progress,3.19
TKT001108,CUST01173,2026-08-27,Technical,High,Open,4.21
TKT001109,CUST00260,2026-07-01,Billing,Low,Resolved,21.81
TKT001110,CUST01718,2025-01-25,Technical,Medium,Resolved,10.04
TKT001111,CUST00255,2025-01-04,Feature Request,High,Resolved,34.96
TKT001112,CUST01877,2026-02-28,Feature Request,Low,Open,2.75
TKT001113,CUST00778,2025-07-28,Billing,High,Closed,7.9
TKT001114,CUST01758,2026-08-14,Feature Request,High,Open,9.1
TKT001115,CUST00420,2026-05-14,Billing,High,Resolved,55.97
TKT001116,CUST01595,2025-04-09,Storage,Medium,Resolved,6.53
TKT001117,CUST01542,2026-01-21,Account,High,Resolved,60.28
TKT001118,CUST00085,2025-08-25,Technical,Medium,Resolved,68.74
TKT001119,CUST00612,2026-07-08,Feature Request,Low,In Progress,42.12
TKT001120,CUST00935,2025-06-02,Billing,Medium,Closed,34.98
TKT001121,CUST00576,2026-05-21,Account,Low,Resolved,59.55
TKT001122,CUST00948,2025-09-26,Storage,Low,Resolved,37.23
TKT001123,CUST01180,2025-05-22,Billing,Medium,Resolved,23.99
TKT001124,CUST01412,2026-06-01,Technical,Medium,Closed,10.46
TKT001125,CUST01364,2026-04-09,Billing,Low,Open,54.23
TKT001126,CUST00654,2026-05-23,Account,Medium,Resolved,5.33
TKT001127,CUST01910,2025-11-24,Account,Medium,Open,4.85
TKT001128,CUST00446,2026-02-18,Feature Request,Medium,Closed,23.73
TKT001129,CUST00287,2026-02-16,Feature Request,Low,Resolved,43.61
TKT001130,CUST01173,2025-10-02,Account,Low,Closed,1.1
TKT001131,CUST01800,2025-01-09,Account,High,In Progress,54.87
TKT001132,CUST00999,2025-08-17,Technical,Low,Resolved,60.14
TKT001133,CUST01739,2026-08-21,Account,Low,In Progress,52.81
TKT001134,CUST00990,2026-05-16,Billing,Medium,Closed,23.56
TKT001135,CUST01973,2025-01-06,Technical,Critical,Resolved,69.11
TKT001136,CUST00667,2026-02-24,Billing,Medium,Resolved,62.51
TKT001137,CUST00359,2026-04-23,Account,Medium,Resolved,48.98
TKT001138,CUST00470,2026-04-16,Billing,High,In Progress,3.05
TKT001139,CUST00428,2025-03-28,Billing,Medium,Closed,66.75
TKT001140,CUST00140,2025-01-03,Feature Request,High,Resolved,25.03
TKT001141,CUST00484,2025-10-08,Feature Request,High,Closed,43.61
TKT001142,CUST01314,2026-07-08,Storage,Medium,Resolved,41.03
TKT001143,CUST01999,2025-12-10,Feature Request,Medium,Open,61.74
TKT001144,CUST01608,2026-04-23,Storage,Low,Open,10.86
TKT001145,CUST00199,2026-05-01,Account,Medium,Closed,8.64
TKT001146,CUST01031,2025-08-23,Feature Request,Medium,Resolved,6.41
TKT001147,CUST00559,2025-01-19,Storage,High,Resolved,15.62
TKT001148,CUST00910,2025-06-11,Technical,Medium,Resolved,50.24
TKT001149,CUST00887,2025-08-09,Storage,High,Open,6.72
TKT001150,CUST01501,2025-02-01,Technical,High,Closed,25.61
TKT001151,CUST00251,2025-03-10,Technical,Low,Resolved,52.21
TKT001152,CUST00253,2025-01-31,Technical,Medium,Resolved,67.69
TKT001153,CUST01999,2025-10-31,Technical,High,Resolved,32.62
TKT001154,CUST00020,2025-06-29,Billing,Low,Closed,38.7
TKT001155,CUST00843,2025-11-15,Technical,Low,Resolved,6.08
TKT001156,CUST00442,2025-05-17,Billing,Low,Resolved,52.6
TKT001157,CUST00750,2026-04-09,Billing,Low,Resolved,17.48
TKT001158,CUST00780,2025-04-30,Billing,Low,Closed,7.64
TKT001159,CUST01276,2026-03-28,Feature Request,Medium,Resolved,9.41
TKT001160,CUST01841,2026-08-02,Storage,Medium,Closed,2.76
TKT001161,CUST00598,2025-03-29,Storage,Low,Closed,44.12
TKT001162,CUST01061,2025-01-05,Account,Medium,Open,47.15
TKT001163,CUST01144,2025-03-04,Billing,High,Open,3.57
TKT001164,CUST01496,2025-08-31,Technical,Medium,Resolved,36.75
TKT001165,CUST00581,2026-06-24,Account,Low,In Progress,23.61
TKT001166,CUST00191,2025-07-11,Storage,Critical,Resolved,46.63
TKT001167,CUST00859,2026-01-27,Storage,Low,Resolved,71.59
TKT001168,CUST01209,2025-04-26,Technical,Low,Open,3.85
TKT001169,CUST01566,2025-04-11,Storage,Low,In Progress,57.17
TKT001170,CUST01228,2025-12-19,Storage,Low,Resolved,62.3
TKT001171,CUST01923,2025-04-28,Feature Request,Medium,Resolved,59.77
TKT001172,CUST01809,2025-05-27,Billing,Low,Closed,71.05
TKT001173,CUST01843,2026-04-28,Storage,High,Resolved,58.54
TKT001174,CUST00631,2025-02-04,Technical,Low,Closed,55.28
TKT001175,CUST00937,2026-01-18,Feature Request,High,Resolved,1.72
TKT001176,CUST00508,2025-10-28,Technical,Low,Resolved,40.03
TKT001177,CUST00662,2026-08-16,Account,Low,Open,24.82
TKT001178,CUST01824,2025-07-11,Technical,Low,Closed,52.79
TKT001179,CUST01548,2026-05-02,Billing,Low,Resolved,16.95
TKT001180,CUST00788,2026-03-04,Storage,Medium,Resolved,46.58
TKT001181,CUST00185,2025-01-24,Account,Medium,Resolved,41.12
TKT001182,CUST00461,2026-06-26,Account,Low,Closed,39.12
TKT001183,CUST01891,2025-03-25,Storage,Low,Closed,18.97
TKT001184,CUST00026,2025-10-25,Account,Low,In Progress,71.85
TKT001185,CUST00218,2026-01-16,Technical,Low,In Progress,51.33
TKT001186,CUST01952,2025-05-18,Feature Request,Low,Open,10.31
TKT001187,CUST01708,2025-10-10,Billing,Low,Resolved,21.48
TKT001188,CUST00865,2026-05-04,Billing,Medium,In Progress,71.62
TKT001189,CUST00445,2025-01-11,Account,Low,Resolved,38.55
TKT001190,CUST01059,2025-05-25,Account,Low,Resolved,47.35
TKT001191,CUST00800,2025-04-08,Billing,Low,In Progress,54.03
TKT001192,CUST01875,2026-02-01,Feature Request,Low,Open,44.73
TKT001193,CUST01861,2025-01-09,Technical,Critical,In Progress,18.58
TKT001194,CUST01083,2025-03-30,Feature Request,Low,Resolved,41.16
TKT001195,CUST01870,2026-06-18,Feature Request,Critical,Resolved,45.3
TKT001196,CUST01887,2025-03-17,Technical,Low,Resolved,41.67
TKT001197,CUST01136,2026-01-08,Billing,Low,Resolved,14.69
TKT001198,CUST01098,2026-02-12,Account,Medium,Resolved,40.62
TKT001199,CUST01026,2025-09-29,Technical,Critical,In Progress,54.85
TKT001200,CUST01253,2026-07-23,Billing,Medium,In Progress,29.8
TKT001201,CUST00824,2026-02-05,Billing,Medium,Closed,60.47
TKT001202,CUST01367,2025-09-03,Account,Medium,Resolved,69.74
TKT001203,CUST00377,2025-09-25,Billing,High,Resolved,23.69
TKT001204,CUST00157,2026-07-05,Storage,Medium,Resolved,29.54
TKT001205,CUST01165,2026-04-16,Account,Low,Resolved,37.15
TKT001206,CUST00029,2025-02-02,Account,Low,Closed,41.42
TKT001207,CUST01756,2026-02-19,Technical,Medium,Resolved,49.26
TKT001208,CUST00890,2026-05-12,Feature Request,Medium,Resolved,49.1
TKT001209,CUST01493,2025-12-18,Feature Request,High,Open,32.16
TKT001210,CUST00282,2025-08-03,Account,Medium,Open,55.64
TKT001211,CUST01383,2026-07-28,Storage,Medium,Closed,10.12
TKT001212,CUST01012,2026-05-19,Feature Request,High,In Progress,15.79
TKT001213,CUST00384,2025-01-05,Billing,Low,Resolved,36.55
TKT001214,CUST00217,2026-03-05,Account,Medium,Closed,3.76
TKT001215,CUST01271,2026-05-03,Storage,Medium,Resolved,49.33
TKT001216,CUST01360,2025-02-17,Technical,Low,Closed,69.05
TKT001217,CUST01051,2026-01-25,Technical,High,Resolved,31.86
TKT001218,CUST01066,2025-03-23,Technical,Low,Resolved,4.03
TKT001219,CUST01176,2026-04-13,Feature Request,Medium,Closed,51.49
TKT001220,CUST00971,2026-02-10,Billing,Low,Closed,33.12
TKT001221,CUST00714,2026-03-14,Storage,Low,Resolved,31.53
TKT001222,CUST01744,2026-05-03,Feature Request,Low,In Progress,53.68
TKT001223,CUST01366,2025-11-18,Feature Request,High,Open,21.6
TKT001224,CUST01411,2025-11-21,Account,Low,Resolved,10.82
TKT001225,CUST01571,2025-10-29,Storage,Medium,Closed,39.94
TKT001226,CUST00338,2025-05-23,Feature Request,Medium,Resolved,16.68
TKT001227,CUST00223,2025-08-04,Technical,Low,In Progress,7.56
TKT001228,CUST00137,2025-07-19,Account,Medium,Open,37.92
TKT001229,CUST01140,2026-04-28,Technical,Low,Resolved,31.58
TKT001230,CUST00154,2025-07-06,Feature Request,Medium,Resolved,33.14
TKT001231,CUST00575,2025-11-06,Account,Medium,In Progress,2.51
TKT001232,CUST00219,2025-06-22,Technical,Low,Closed,50.25
TKT001233,CUST01168,2025-11-20,Storage,Low,Closed,50.71
TKT001234,CUST01660,2026-05-18,Technical,Medium,Closed,45.87
TKT001235,CUST01621,2026-01-16,Feature Request,High,Open,68.14
TKT001236,CUST00516,2026-05-19,Feature Request,High,Open,15.72
TKT001237,CUST01375,2025-01-28,Billing,High,Closed,9.76
TKT001238,CUST01344,2026-03-20,Account,Medium,Resolved,8.97
TKT001239,CUST01482,2025-07-31,Feature Request,Low,Resolved,48.98
TKT001240,CUST00340,2025-08-27,Storage,Medium,Resolved,68.35
TKT001241,CUST00972,2026-06-13,Account,Low,Open,43.85
TKT001242,CUST01436,2025-06-01,Billing,Low,Open,35.2
TKT001243,CUST01290,2026-07-29,Account,Medium,Closed,71.39
TKT001244,CUST01818,2026-08-23,Feature Request,Medium,Resolved,31.43
TKT001245,CUST01770,2025-04-16,Technical,Medium,Closed,42.64
TKT001246,CUST00606,2026-08-04,Account,Medium,Resolved,38.07
TKT001247,CUST01861,2026-08-05,Billing,Medium,Resolved,35.92
TKT001248,CUST00479,2025-08-09,Feature Request,Medium,In Progress,41.3
TKT001249,CUST01714,2025-07-13,Feature Request,Medium,Closed,69.24
TKT001250,CUST01472,2025-12-15,Storage,Low,Resolved,18.62
TKT001251,CUST01584,2026-05-08,Storage,Low,Resolved,36.46
TKT001252,CUST00309,2025-09-04,Feature Request,Medium,Closed,62.0
TKT001253,CUST00704,2026-05-31,Billing,Low,Resolved,17.38
TKT001254,CUST01357,2025-06-03,Technical,Low,Closed,57.88
TKT001255,CUST01814,2025-03-25,Billing,High,Resolved,17.76
TKT001256,CUST00712,2025-12-14,Storage,Medium,Open,2.66
TKT001257,CUST00969,2025-07-13,Storage,Medium,Open,6.98
TKT001258,CUST00924,2025-12-04,Account,Low,Closed,40.33
TKT001259,CUST00844,2026-05-09,Feature Request,Low,In Progress,3.7
TKT001260,CUST00647,2025-02-21,Feature Request,High,In Progress,23.43
TKT001261,CUST01427,2026-08-24,Billing,High,Closed,53.27
TKT001262,CUST01067,2025-08-16,Account,Low,Resolved,49.0
TKT001263,CUST01270,2026-03-27,Technical,High,Resolved,34.36
TKT001264,CUST01775,2026-07-09,Feature Request,Critical,Open,64.04
TKT001265,CUST01167,2025-03-04,Billing,Low,Closed,34.94
TKT001266,CUST01817,2025-02-19,Feature Request,High,Resolved,8.73
TKT001267,CUST00849,2026-03-27,Feature Request,Medium,Resolved,21.04
TKT001268,CUST01840,2026-08-26,Technical,Low,Resolved,71.37
TKT001269,CUST00052,2025-02-26,Technical,Medium,Open,65.07
TKT001270,CUST00066,2026-05-24,Billing,Low,Resolved,71.7
TKT001271,CUST00091,2025-02-22,Billing,Low,Resolved,40.83
TKT001272,CUST00672,2026-01-21,Billing,Low,Open,17.69
TKT001273,CUST00678,2026-07-20,Billing,High,Closed,3.94
TKT001274,CUST00102,2026-06-20,Storage,Medium,Closed,20.43
TKT001275,CUST01570,2025-12-25,Storage,Low,Resolved,70.61
TKT001276,CUST00339,2025-03-23,Billing,Low,Resolved,20.73
TKT001277,CUST01840,2025-09-02,Account,Low,Closed,68.2
TKT001278,CUST01612,2026-06-26,Feature Request,Medium,Closed,30.43
TKT001279,CUST01992,2026-01-17,Technical,Medium,Closed,69.12
TKT001280,CUST01153,2026-01-24,Account,Medium,In Progress,3.14
TKT001281,CUST01288,2026-08-03,Feature Request,Low,In Progress,55.59
TKT001282,CUST01321,2026-07-28,Storage,Medium,Resolved,59.64
TKT001283,CUST01458,2025-05-09,Storage,Low,Resolved,17.15
TKT001284,CUST00550,2025-08-23,Feature Request,Low,Resolved,24.56
TKT001285,CUST00583,2025-04-02,Technical,Low,Closed,62.64
TKT001286,CUST01972,2026-01-02,Technical,Low,In Progress,60.48
TKT001287,CUST01658,2025-03-09,Feature Request,Low,In Progress,7.96
TKT001288,CUST00733,2025-07-31,Account,Medium,Resolved,53.12
TKT001289,CUST01772,2026-03-05,Account,Medium,In Progress,20.43
TKT001290,CUST01203,2026-05-12,Billing,Medium,Resolved,37.65
TKT001291,CUST00543,2025-01-29,Storage,Low,Resolved,63.14
TKT001292,CUST01384,2025-09-19,Billing,Low,Closed,38.16
TKT001293,CUST01708,2026-06-01,Billing,Medium,Closed,38.13
TKT001294,CUST00907,2025-03-07,Technical,Medium,Resolved,49.62
TKT001295,CUST00609,2025-12-24,Feature Request,High,Resolved,67.66
TKT001296,CUST01050,2025-10-30,Feature Request,Medium,Open,28.43
TKT001297,CUST00189,2025-04-15,Technical,Low,Open,21.42
TKT001298,CUST01429,2025-01-29,Billing,High,Closed,64.28
TKT001299,CUST01687,2026-05-27,Technical,Low,Resolved,16.64
TKT001300,CUST00801,2026-04-13,Technical,Low,Closed,45.32
TKT001301,CUST00032,2025-01-21,Storage,Medium,Resolved,35.45
TKT001302,CUST01687,2025-10-24,Billing,Medium,Resolved,16.15
TKT001303,CUST00393,2025-12-26,Billing,Medium,In Progress,29.11
TKT001304,CUST01283,2026-03-14,Account,Medium,Resolved,23.88
TKT001305,CUST00893,2025-07-01,Billing,Medium,Resolved,66.68
TKT001306,CUST01899,2025-05-19,Storage,Critical,Closed,35.25
TKT001307,CUST01435,2025-06-09,Account,Medium,Closed,53.11
TKT001308,CUST00683,2025-03-22,Storage,Low,Resolved,39.01
TKT001309,CUST00479,2025-06-02,Billing,Medium,Closed,26.4
TKT001310,CUST01269,2025-09-22,Feature Request,High,Closed,34.05
TKT001311,CUST00757,2026-02-11,Technical,Low,Resolved,42.91
TKT001312,CUST00343,2026-06-12,Technical,Low,Resolved,62.58
TKT001313,CUST01643,2026-04-04,Technical,High,Open,45.93
TKT001314,CUST00678,2026-01-06,Feature Request,Low,Resolved,36.81
TKT001315,CUST01035,2025-03-15,Billing,Low,Closed,1.54
TKT001316,CUST01066,2025-02-19,Account,High,Resolved,24.78
TKT001317,CUST00449,2025-08-28,Storage,Low,Resolved,47.93
TKT001318,CUST01985,2025-04-14,Technical,Low,Closed,15.57
TKT001319,CUST01354,2026-07-18,Technical,Low,In Progress,63.71
TKT001320,CUST00845,2025-04-29,Billing,Medium,Closed,62.29
TKT001321,CUST01143,2025-11-06,Technical,Medium,Resolved,49.91
TKT001322,CUST00437,2026-01-01,Billing,High,Resolved,54.38
TKT001323,CUST00080,2025-09-20,Account,Low,In Progress,55.54
TKT001324,CUST00329,2025-10-22,Feature Request,Low,Resolved,28.29
TKT001325,CUST00770,2026-02-15,Storage,High,Resolved,55.32
TKT001326,CUST01908,2026-02-09,Billing,Low,Resolved,1.68
TKT001327,CUST01234,2026-07-29,Billing,High,Open,69.54
TKT001328,CUST00173,2025-11-13,Technical,High,Closed,47.6
TKT001329,CUST00917,2026-05-09,Storage,Low,In Progress,16.52
TKT001330,CUST01126,2025-12-29,Storage,Medium,Resolved,14.85
TKT001331,CUST00903,2025-12-17,Technical,High,Closed,70.65
TKT001332,CUST01923,2025-08-31,Technical,Medium,Resolved,42.88
TKT001333,CUST00514,2025-07-19,Technical,High,Closed,7.13
TKT001334,CUST00220,2025-12-28,Account,High,Open,33.95
TKT001335,CUST00075,2025-01-23,Storage,Low,Open,24.86
TKT001336,CUST01961,2026-03-02,Billing,Low,Closed,6.47
TKT001337,CUST01079,2026-03-11,Storage,Low,In Progress,28.78
TKT001338,CUST00469,2025-08-17,Account,Low,Closed,34.46
TKT001339,CUST01017,2026-04-11,Billing,Medium,In Progress,58.97
TKT001340,CUST00163,2026-05-14,Storage,Medium,Resolved,14.23
TKT001341,CUST01719,2026-05-19,Feature Request,Medium,Resolved,42.16
TKT001342,CUST01383,2025-11-17,Storage,High,Closed,49.09
TKT001343,CUST00275,2025-08-18,Feature Request,Medium,In Progress,69.87
TKT001344,CUST01485,2025-12-12,Billing,Medium,Closed,53.01
TKT001345,CUST01699,2026-04-06,Billing,Medium,Resolved,40.52
TKT001346,CUST00843,2025-02-06,Billing,High,Closed,1.54
TKT001347,CUST01853,2026-07-26,Storage,High,Closed,17.18
TKT001348,CUST01181,2025-10-20,Storage,Low,Resolved,14.27
TKT001349,CUST01214,2025-05-31,Technical,Low,Resolved,9.97
TKT001350,CUST01740,2025-03-16,Billing,Medium,In Progress,45.06
TKT001351,CUST01043,2026-04-12,Billing,Medium,Closed,26.48
TKT001352,CUST00917,2025-07-15,Account,Medium,Closed,49.73
TKT001353,CUST00991,2026-07-27,Billing,Medium,Resolved,61.84
TKT001354,CUST00117,2026-02-08,Account,Medium,Closed,56.56
TKT001355,CUST00929,2025-04-27,Technical,Low,Resolved,2.44
TKT001356,CUST01145,2026-01-30,Storage,Medium,In Progress,65.85
TKT001357,CUST01111,2025-01-17,Feature Request,Medium,Resolved,57.21
TKT001358,CUST01484,2025-08-17,Billing,Low,Closed,63.8
TKT001359,CUST01043,2025-06-28,Technical,Medium,In Progress,43.04
TKT001360,CUST00533,2025-04-14,Storage,High,Resolved,22.69
TKT001361,CUST00555,2025-09-26,Technical,Low,Resolved,25.74
TKT001362,CUST01964,2026-05-23,Technical,Medium,Closed,70.89
TKT001363,CUST01604,2025-11-24,Billing,Medium,Closed,30.69
TKT001364,CUST00928,2026-05-19,Billing,High,Closed,50.68
TKT001365,CUST00372,2025-08-19,Account,Medium,Closed,53.48
TKT001366,CUST01315,2026-07-03,Feature Request,Medium,Closed,37.58
TKT001367,CUST00071,2025-04-20,Account,Medium,Closed,59.84
TKT001368,CUST01402,2026-08-19,Billing,High,Resolved,40.45
TKT001369,CUST00307,2025-06-18,Account,Low,Closed,59.03
TKT001370,CUST00058,2025-11-05,Account,Low,In Progress,28.59
TKT001371,CUST00623,2026-06-14,Storage,Low,Open,2.74
TKT001372,CUST00424,2025-10-24,Technical,Medium,Resolved,12.93
TKT001373,CUST00791,2026-08-31,Account,Medium,Resolved,7.74
TKT001374,CUST01839,2026-07-26,Billing,High,Closed,60.36
TKT001375,CUST01177,2025-09-10,Technical,Medium,Closed,61.58
TKT001376,CUST01792,2025-01-31,Storage,Low,Resolved,37.09
TKT001377,CUST01907,2025-05-29,Account,Medium,Open,44.83
TKT001378,CUST00029,2025-08-17,Storage,Medium,Resolved,47.12
TKT001379,CUST01674,2025-02-22,Billing,Medium,Open,5.9
TKT001380,CUST01855,2026-02-14,Account,Medium,In Progress,47.63
TKT001381,CUST00354,2025-10-21,Technical,High,Open,11.38
TKT001382,CUST01927,2025-09-10,Storage,Low,Resolved,64.51
TKT001383,CUST01501,2025-10-02,Billing,Low,Resolved,1.75
TKT001384,CUST01036,2025-11-10,Feature Request,Medium,Closed,18.0
TKT001385,CUST00711,2025-02-18,Feature Request,Critical,Resolved,66.75
TKT001386,CUST01583,2026-03-08,Account,Critical,In Progress,49.99
TKT001387,CUST00040,2025-11-25,Feature Request,Medium,Resolved,14.51
TKT001388,CUST00176,2025-01-24,Storage,High,Open,29.94
TKT001389,CUST01150,2026-07-28,Account,Medium,Open,19.06
TKT001390,CUST00737,2025-10-27,Billing,High,Resolved,11.67
TKT001391,CUST01765,2026-05-23,Account,Medium,Resolved,39.6
TKT001392,CUST01451,2025-04-24,Technical,Medium,Closed,65.11
TKT001393,CUST00178,2026-04-19,Billing,Medium,Open,46.39
TKT001394,CUST00749,2026-04-25,Storage,Low,Resolved,35.2
TKT001395,CUST00300,2025-05-29,Billing,Low,Closed,60.38
TKT001396,CUST01912,2025-03-09,Storage,High,Resolved,65.54
TKT001397,CUST01383,2025-06-25,Storage,High,Closed,38.52
TKT001398,CUST01629,2025-07-25,Storage,Medium,Resolved,71.84
TKT001399,CUST01100,2025-06-16,Storage,Low,Open,9.71
TKT001400,CUST01647,2026-01-09,Feature Request,High,Closed,71.12
TKT001401,CUST00092,2026-04-28,Billing,High,Resolved,46.23
TKT001402,CUST01592,2025-08-02,Billing,Low,Resolved,32.74
TKT001403,CUST00053,2026-06-13,Technical,Low,Resolved,8.26
TKT001404,CUST00175,2025-09-09,Account,Medium,Closed,22.83
TKT001405,CUST00409,2025-03-02,Billing,Low,Closed,69.48
TKT001406,CUST00722,2025-06-14,Storage,High,Resolved,14.19
TKT001407,CUST01486,2026-07-28,Technical,High,In Progress,9.68
TKT001408,CUST00593,2025-03-16,Billing,Medium,Open,21.26
TKT001409,CUST00560,2026-05-12,Storage,Medium,Resolved,6.03
TKT001410,CUST00715,2025-02-16,Technical,Low,Resolved,5.34
TKT001411,CUST01912,2026-05-25,Feature Request,Low,Resolved,50.75
TKT001412,CUST00640,2025-12-28,Account,High,Open,71.64
TKT001413,CUST00500,2026-03-14,Feature Request,High,Resolved,63.94
TKT001414,CUST01176,2026-01-20,Storage,Low,Resolved,43.35
TKT001415,CUST01785,2026-04-26,Billing,Critical,Resolved,14.83
TKT001416,CUST00045,2025-08-14,Feature Request,Medium,Resolved,27.31
TKT001417,CUST01116,2025-09-20,Billing,Low,Resolved,2.16
TKT001418,CUST01126,2025-11-17,Technical,Medium,Resolved,3.36
TKT001419,CUST01754,2025-10-03,Account,Low,Closed,30.41
TKT001420,CUST01529,2026-03-16,Feature Request,Medium,Closed,6.93
TKT001421,CUST01576,2025-11-21,Feature Request,Medium,Resolved,47.96
TKT001422,CUST00186,2026-03-16,Billing,High,Resolved,4.87
TKT001423,CUST01342,2025-07-06,Billing,Critical,Resolved,23.13
TKT001424,CUST00796,2025-04-02,Storage,Low,In Progress,44.47
TKT001425,CUST01361,2025-10-01,Account,Medium,In Progress,59.91
TKT001426,CUST00900,2025-07-28,Feature Request,Low,Resolved,27.71
TKT001427,CUST00366,2025-03-07,Technical,Low,Resolved,2.02
TKT001428,CUST01332,2025-02-02,Storage,Low,Open,44.84
TKT001429,CUST00612,2025-09-18,Technical,Low,Closed,34.09
TKT001430,CUST00202,2026-05-04,Technical,Medium,In Progress,46.34
TKT001431,CUST01495,2025-01-31,Technical,Low,Open,52.71
TKT001432,CUST01498,2025-11-26,Feature Request,Medium,Resolved,67.73
TKT001433,CUST01247,2026-04-06,Technical,Medium,Resolved,4.77
TKT001434,CUST01168,2026-08-03,Billing,High,Resolved,30.48
TKT001435,CUST01702,2025-03-31,Storage,Low,Closed,64.55
TKT001436,CUST00839,2025-01-04,Account,High,Resolved,53.64
TKT001437,CUST01290,2025-10-04,Technical,High,Resolved,36.67
TKT001438,CUST01442,2025-03-22,Feature Request,High,Resolved,44.29
TKT001439,CUST01032,2025-05-08,Feature Request,High,In Progress,46.76
TKT001440,CUST01031,2025-04-28,Technical,Critical,Resolved,32.82
TKT001441,CUST00168,2026-06-29,Account,Medium,Closed,71.24
TKT001442,CUST00691,2026-08-01,Feature Request,Low,Resolved,55.04
TKT001443,CUST01859,2025-06-07,Technical,Medium,Closed,57.27
TKT001444,CUST00044,2025-07-17,Technical,Low,Resolved,20.29
TKT001445,CUST00549,2026-08-20,Billing,Medium,Closed,61.78
TKT001446,CUST00815,2025-12-28,Feature Request,Medium,Resolved,33.06
TKT001447,CUST01795,2025-04-17,Technical,Medium,Open,61.31
TKT001448,CUST00417,2025-07-14,Account,High,In Progress,19.11
TKT001449,CUST01301,2025-10-22,Billing,Critical,Resolved,59.86
TKT001450,CUST01549,2025-11-21,Billing,High,Resolved,1.28
TKT001451,CUST00560,2025-01-10,Account,Low,Open,30.86
TKT001452,CUST00094,2025-12-14,Billing,High,In Progress,34.69
TKT001453,CUST01272,2026-08-12,Account,High,Open,5.14
TKT001454,CUST00222,2025-09-07,Feature Request,High,Resolved,42.67
TKT001455,CUST00568,2025-05-31,Billing,Medium,Closed,27.14
TKT001456,CUST01904,2026-08-01,Storage,Medium,Closed,13.89
TKT001457,CUST01976,2025-02-22,Feature Request,Medium,Open,1.11
TKT001458,CUST00143,2025-09-09,Billing,Medium,In Progress,69.42
TKT001459,CUST01765,2026-04-24,Feature Request,Medium,Open,40.49
TKT001460,CUST00724,2025-05-24,Feature Request,High,Resolved,59.97
TKT001461,CUST00816,2025-03-06,Account,Low,Resolved,27.54
TKT001462,CUST00825,2025-04-23,Storage,Medium,Resolved,49.46
TKT001463,CUST00555,2025-11-25,Technical,Medium,Closed,19.74
TKT001464,CUST01672,2026-05-30,Technical,Medium,Closed,63.86
TKT001465,CUST00980,2026-07-26,Account,Medium,Resolved,35.14
TKT001466,CUST00542,2025-01-26,Account,High,Resolved,35.41
TKT001467,CUST00441,2025-08-27,Account,Low,Resolved,57.44
TKT001468,CUST01737,2025-03-22,Storage,Medium,Resolved,54.87
TKT001469,CUST00026,2025-02-06,Storage,High,Resolved,31.1
TKT001470,CUST00745,2025-08-12,Technical,Medium,Closed,35.65
TKT001471,CUST01094,2025-08-12,Feature Request,Medium,Open,67.52
TKT001472,CUST00324,2025-07-12,Feature Request,Low,Resolved,16.34
TKT001473,CUST01099,2025-01-28,Storage,Critical,Resolved,43.23
TKT001474,CUST01821,2025-01-22,Storage,Low,Resolved,64.08
TKT001475,CUST00759,2026-02-03,Feature Request,Low,Resolved,58.97
TKT001476,CUST01756,2026-07-08,Billing,Medium,Resolved,52.66
TKT001477,CUST00673,2025-04-04,Feature Request,Medium,Resolved,56.66
TKT001478,CUST00716,2026-01-29,Technical,Medium,Resolved,43.39
TKT001479,CUST01428,2025-12-27,Account,High,Open,14.52
TKT001480,CUST00997,2025-04-04,Account,High,Resolved,4.68
TKT001481,CUST00071,2025-01-05,Account,Low,Resolved,58.36
TKT001482,CUST01603,2025-04-18,Technical,Medium,Closed,43.78
TKT001483,CUST01882,2026-04-11,Technical,High,In Progress,65.79
TKT001484,CUST01514,2025-09-13,Technical,Low,Resolved,9.61
TKT001485,CUST01456,2025-07-10,Feature Request,Medium,Resolved,9.34
TKT001486,CUST01042,2025-03-07,Storage,Medium,Resolved,10.99
TKT001487,CUST01254,2026-08-05,Storage,Medium,Open,61.87
TKT001488,CUST01815,2025-01-09,Billing,Critical,Resolved,15.0
TKT001489,CUST01333,2025-10-05,Billing,Low,Closed,38.26
TKT001490,CUST01808,2026-05-16,Technical,Low,Resolved,62.17
TKT001491,CUST00745,2025-07-23,Account,High,Closed,41.23
TKT001492,CUST01463,2025-09-07,Storage,Medium,Closed,52.07
TKT001493,CUST00624,2026-03-10,Billing,Low,Closed,5.5
TKT001494,CUST00549,2025-04-19,Storage,Medium,In Progress,45.11
TKT001495,CUST00213,2026-03-07,Feature Request,Medium,Resolved,38.48
TKT001496,CUST00823,2025-09-21,Storage,Medium,Closed,61.11
TKT001497,CUST00828,2025-03-29,Storage,Medium,Closed,33.24
TKT001498,CUST01357,2025-04-17,Account,Medium,Closed,67.71
TKT001499,CUST01980,2026-08-06,Feature Request,Low,Resolved,31.61
TKT001500,CUST01567,2025-10-02,Billing,High,Resolved,9.57
TKT001501,CUST00164,2026-02-12,Account,High,Resolved,62.4
TKT001502,CUST00306,2025-12-01,Feature Request,Low,Closed,31.58
TKT001503,CUST01241,2025-02-06,Feature Request,Medium,Open,20.44
TKT001504,CUST00638,2026-01-02,Account,Low,In Progress,22.65
TKT001505,CUST01200,2026-01-31,Account,Low,Closed,70.35
TKT001506,CUST01690,2026-07-21,Technical,Low,Closed,31.97
TKT001507,CUST01457,2025-11-20,Storage,Medium,Resolved,28.31
TKT001508,CUST00514,2025-04-09,Account,Critical,Closed,55.45
TKT001509,CUST01445,2026-05-06,Technical,High,Closed,36.0
TKT001510,CUST01118,2025-05-05,Technical,Low,Open,52.59
TKT001511,CUST01960,2025-08-25,Storage,Low,Closed,45.74
TKT001512,CUST01811,2026-05-14,Billing,Medium,Closed,68.2
TKT001513,CUST00087,2026-08-08,Billing,High,Resolved,61.86
TKT001514,CUST01954,2025-01-17,Storage,Low,Resolved,6.73
TKT001515,CUST01243,2025-02-27,Technical,Medium,Closed,68.9
TKT001516,CUST00678,2026-06-08,Billing,Critical,In Progress,44.68
TKT001517,CUST01518,2025-03-05,Billing,Low,Resolved,23.92
TKT001518,CUST01703,2026-08-01,Feature Request,High,Resolved,62.66
TKT001519,CUST01912,2025-12-17,Feature Request,High,Resolved,55.21
TKT001520,CUST01615,2026-05-11,Billing,Low,Resolved,13.17
TKT001521,CUST01142,2025-11-18,Account,Low,Open,10.61
TKT001522,CUST01071,2026-05-17,Storage,Low,In Progress,61.47
TKT001523,CUST00905,2025-07-26,Technical,Medium,Closed,51.25
TKT001524,CUST00402,2025-09-12,Billing,High,Resolved,22.33
TKT001525,CUST00089,2026-02-06,Billing,Low,In Progress,26.44
TKT001526,CUST00082,2025-01-03,Storage,Low,Open,42.68
TKT001527,CUST01400,2025-07-24,Technical,Low,Resolved,40.78
TKT001528,CUST00275,2026-07-31,Technical,High,Resolved,47.35
TKT001529,CUST01298,2025-01-30,Technical,Low,Open,47.23
TKT001530,CUST01986,2025-10-25,Billing,Medium,Closed,15.65
TKT001531,CUST00332,2025-11-10,Technical,Medium,In Progress,47.32
TKT001532,CUST01837,2025-11-18,Billing,Medium,Resolved,16.2
TKT001533,CUST01780,2025-06-05,Technical,Medium,Closed,5.67
TKT001534,CUST01565,2025-07-15,Technical,Low,Resolved,47.92
TKT001535,CUST00243,2026-02-25,Storage,Low,In Progress,69.95
TKT001536,CUST00703,2026-07-13,Billing,Low,Open,8.99
TKT001537,CUST01388,2025-10-12,Feature Request,Low,Open,62.62
TKT001538,CUST00190,2026-08-03,Feature Request,Medium,Resolved,22.64
TKT001539,CUST01732,2026-07-14,Feature Request,Low,Resolved,58.5
TKT001540,CUST00042,2026-02-04,Technical,Low,Resolved,41.15
TKT001541,CUST00843,2026-06-01,Billing,Medium,Closed,61.54
TKT001542,CUST00205,2026-07-28,Technical,Medium,Closed,10.64
TKT001543,CUST00675,2026-08-22,Feature Request,Low,Resolved,23.55
TKT001544,CUST00875,2025-02-24,Feature Request,Medium,Resolved,40.45
TKT001545,CUST00904,2026-06-28,Billing,Low,Open,34.48
TKT001546,CUST01359,2025-12-26,Storage,High,Resolved,29.15
TKT001547,CUST01817,2025-10-08,Feature Request,Low,In Progress,18.7
TKT001548,CUST00320,2026-03-07,Storage,Medium,In Progress,26.26
TKT001549,CUST00318,2025-12-03,Storage,Medium,Resolved,51.16
TKT001550,CUST01691,2025-11-01,Storage,Low,Closed,50.1
TKT001551,CUST01902,2026-03-31,Feature Request,Medium,In Progress,28.6
TKT001552,CUST00950,2025-01-19,Technical,High,Closed,41.58
TKT001553,CUST01976,2025-10-03,Storage,Low,Resolved,12.59
TKT001554,CUST01960,2026-07-13,Account,Low,Open,54.7
TKT001555,CUST01936,2025-12-18,Feature Request,Medium,Resolved,47.92
TKT001556,CUST01949,2026-03-03,Technical,Medium,Closed,56.8
TKT001557,CUST01719,2026-08-11,Billing,High,Closed,49.81
TKT001558,CUST01775,2025-08-10,Storage,Low,In Progress,20.81
TKT001559,CUST01551,2025-10-30,Technical,Low,Resolved,17.82
TKT001560,CUST00618,2026-03-02,Feature Request,Medium,Resolved,15.62
TKT001561,CUST01765,2025-12-24,Account,Medium,In Progress,61.23
TKT001562,CUST01285,2026-08-08,Billing,Medium,Resolved,15.7
TKT001563,CUST00573,2026-08-13,Account,Low,Resolved,9.38
TKT001564,CUST01088,2025-04-11,Technical,Medium,Closed,6.87
TKT001565,CUST00231,2026-01-31,Feature Request,Medium,Resolved,63.96
TKT001566,CUST00489,2025-01-18,Feature Request,Critical,Resolved,54.43
TKT001567,CUST00915,2025-06-12,Account,Low,Resolved,26.49
TKT001568,CUST00525,2025-02-02,Technical,Medium,Resolved,44.14
TKT001569,CUST01718,2026-06-29,Feature Request,Medium,Closed,69.97
TKT001570,CUST00476,2025-12-19,Feature Request,Medium,Resolved,23.93
TKT001571,CUST00752,2025-02-23,Technical,Medium,Resolved,68.86
TKT001572,CUST00883,2025-07-16,Technical,Low,Open,20.54
TKT001573,CUST01980,2025-01-11,Feature Request,Medium,Resolved,26.87
TKT001574,CUST00437,2025-08-10,Storage,Medium,Resolved,46.6
TKT001575,CUST00470,2025-03-23,Billing,Medium,In Progress,40.0
TKT001576,CUST00098,2025-04-27,Account,High,Closed,29.56
TKT001577,CUST00721,2026-05-22,Feature Request,Low,Resolved,53.24
TKT001578,CUST01729,2026-06-02,Storage,Medium,Open,41.86
TKT001579,CUST01188,2025-02-26,Storage,Low,Resolved,28.15
TKT001580,CUST00295,2025-09-21,Technical,Medium,Resolved,51.77
TKT001581,CUST01649,2025-05-08,Billing,Low,Resolved,41.32
TKT001582,CUST00951,2026-08-21,Feature Request,Medium,In Progress,57.66
TKT001583,CUST00237,2026-03-24,Account,Medium,Resolved,23.92
TKT001584,CUST00598,2025-12-19,Account,Low,Resolved,24.02
TKT001585,CUST00583,2025-01-08,Storage,Low,Resolved,33.96
TKT001586,CUST00100,2026-05-02,Storage,Medium,Resolved,65.12
TKT001587,CUST01655,2026-03-30,Storage,Medium,Closed,42.52
TKT001588,CUST01285,2025-01-03,Feature Request,High,Closed,53.83
TKT001589,CUST01125,2025-05-31,Account,Low,Closed,40.04
TKT001590,CUST00788,2025-08-28,Storage,Low,Resolved,15.46
TKT001591,CUST00336,2026-01-20,Account,High,In Progress,45.76
TKT001592,CUST00898,2025-06-27,Account,Low,Resolved,61.69
TKT001593,CUST00340,2025-12-23,Account,Medium,In Progress,46.72
TKT001594,CUST00381,2026-07-09,Billing,Medium,Resolved,14.69
TKT001595,CUST00429,2025-08-25,Feature Request,Low,In Progress,47.18
TKT001596,CUST00768,2025-03-16,Feature Request,Medium,Resolved,21.71
TKT001597,CUST01010,2026-05-14,Feature Request,Critical,Closed,41.56
TKT001598,CUST00300,2026-06-06,Feature Request,High,Resolved,38.86
TKT001599,CUST00515,2025-07-11,Feature Request,Medium,Resolved,26.79
TKT001600,CUST00070,2025-09-07,Technical,Medium,Resolved,37.87
TKT001601,CUST01250,2025-03-10,Billing,High,Open,2.4
TKT001602,CUST01435,2026-08-08,Billing,Medium,Resolved,68.64
TKT001603,CUST00276,2025-11-13,Storage,Low,Closed,57.68
TKT001604,CUST00874,2026-08-20,Technical,Medium,Open,9.01
TKT001605,CUST01801,2025-08-05,Technical,Medium,Resolved,21.85
TKT001606,CUST01284,2025-05-29,Billing,Low,Resolved,49.04
TKT001607,CUST01052,2025-04-24,Feature Request,Medium,Open,43.52
TKT001608,CUST01207,2026-04-06,Storage,Critical,Resolved,23.0
TKT001609,CUST00418,2026-06-14,Account,High,In Progress,11.99
TKT001610,CUST01164,2025-05-29,Technical,Medium,In Progress,66.0
TKT001611,CUST00540,2025-04-14,Technical,High,Closed,8.93
TKT001612,CUST01222,2025-01-06,Feature Request,Medium,Resolved,16.14
TKT001613,CUST01893,2026-08-10,Technical,Medium,Closed,43.9
TKT001614,CUST00885,2026-04-14,Billing,Low,Resolved,32.56
TKT001615,CUST00414,2025-01-04,Technical,Medium,Resolved,23.7
TKT001616,CUST01483,2026-07-03,Account,Medium,Closed,63.76
TKT001617,CUST01692,2026-01-15,Account,Medium,Closed,21.58
TKT001618,CUST00233,2025-12-06,Billing,Medium,Resolved,54.06
TKT001619,CUST01748,2025-05-04,Storage,Low,Resolved,10.27
TKT001620,CUST00439,2026-04-14,Feature Request,Low,Resolved,34.46
TKT001621,CUST01268,2025-09-28,Storage,Medium,Resolved,34.07
TKT001622,CUST00910,2025-05-07,Billing,Low,In Progress,40.62
TKT001623,CUST01657,2025-05-17,Storage,High,Closed,56.37
TKT001624,CUST00407,2025-06-15,Technical,Low,In Progress,1.77
TKT001625,CUST00154,2025-07-29,Account,Low,Open,64.36
TKT001626,CUST01703,2025-07-08,Feature Request,Medium,Closed,64.09
TKT001627,CUST01610,2026-01-03,Billing,Low,Resolved,15.34
TKT001628,CUST01317,2025-03-30,Technical,Medium,Closed,17.88
TKT001629,CUST00074,2026-05-04,Storage,Low,In Progress,61.74
TKT001630,CUST01428,2026-03-23,Feature Request,Low,In Progress,51.9
TKT001631,CUST01673,2025-06-14,Account,Medium,Closed,42.67
TKT001632,CUST00304,2026-06-09,Storage,Low,In Progress,51.77
TKT001633,CUST01863,2026-02-27,Feature Request,Medium,In Progress,31.51
TKT001634,CUST00711,2025-07-30,Technical,High,Resolved,7.77
TKT001635,CUST01580,2026-02-17,Account,Low,Resolved,39.46
TKT001636,CUST01487,2025-12-01,Storage,Low,Resolved,17.34
TKT001637,CUST00675,2026-07-20,Storage,Medium,Open,45.61
TKT001638,CUST00577,2026-01-01,Billing,Medium,In Progress,14.5
TKT001639,CUST01446,2025-02-17,Billing,Low,Resolved,14.34
TKT001640,CUST01242,2026-04-17,Technical,Low,Open,7.57
TKT001641,CUST00798,2025-10-11,Billing,Critical,In Progress,30.5
TKT001642,CUST00477,2025-06-26,Billing,Medium,Resolved,63.91
TKT001643,CUST00790,2025-03-29,Feature Request,Low,Closed,62.88
TKT001644,CUST01443,2025-05-21,Technical,Medium,Resolved,12.36
TKT001645,CUST01622,2026-07-16,Technical,Low,In Progress,55.47
TKT001646,CUST01736,2025-03-11,Feature Request,High,Resolved,64.18
TKT001647,CUST00804,2025-05-24,Billing,Medium,Closed,7.89
TKT001648,CUST01572,2026-04-30,Storage,Low,Resolved,39.92
TKT001649,CUST00644,2025-01-15,Account,Medium,Resolved,42.35
TKT001650,CUST01494,2026-01-29,Technical,High,Open,20.43
TKT001651,CUST01467,2025-05-19,Account,Medium,Open,23.26
TKT001652,CUST00563,2025-09-07,Feature Request,Medium,In Progress,26.1
TKT001653,CUST00230,2025-02-06,Billing,Low,Closed,23.17
TKT001654,CUST01407,2026-03-16,Billing,Medium,Open,32.26
TKT001655,CUST00391,2026-06-19,Account,High,Open,54.61
TKT001656,CUST00329,2025-01-14,Account,Medium,Closed,49.84
TKT001657,CUST01924,2025-02-23,Billing,Medium,Open,8.17
TKT001658,CUST00669,2025-05-18,Billing,Medium,Resolved,1.65
TKT001659,CUST01514,2026-04-29,Technical,High,Open,44.08
TKT001660,CUST00051,2025-01-02,Feature Request,Medium,Resolved,54.17
TKT001661,CUST00343,2025-10-15,Technical,Low,Closed,62.97
TKT001662,CUST01154,2025-12-25,Account,Medium,Resolved,42.1
TKT001663,CUST01257,2025-05-05,Billing,High,Resolved,62.67
TKT001664,CUST00173,2025-04-13,Account,Low,Resolved,41.73
TKT001665,CUST00891,2026-08-23,Account,Medium,Closed,33.28
TKT001666,CUST00822,2026-03-10,Account,Low,In Progress,58.76
TKT001667,CUST01241,2025-03-08,Feature Request,Medium,In Progress,8.75
TKT001668,CUST00936,2025-03-31,Technical,Medium,Closed,7.44
TKT001669,CUST00658,2026-07-07,Technical,High,Resolved,57.54
TKT001670,CUST00977,2025-07-03,Technical,Medium,Resolved,14.43
TKT001671,CUST00888,2025-03-19,Technical,Medium,In Progress,71.3
TKT001672,CUST01261,2025-10-02,Feature Request,Low,Resolved,43.58
TKT001673,CUST01644,2026-06-13,Billing,Medium,Resolved,43.37
TKT001674,CUST00120,2025-05-17,Technical,Medium,Resolved,10.01
TKT001675,CUST00506,2026-06-01,Feature Request,Medium,Closed,58.71
TKT001676,CUST01780,2025-09-08,Account,High,Resolved,61.88
TKT001677,CUST00824,2025-12-14,Storage,Medium,Closed,45.72
TKT001678,CUST00560,2025-11-08,Storage,Medium,Closed,46.1
TKT001679,CUST00766,2025-04-07,Feature Request,Medium,Closed,35.52
TKT001680,CUST00685,2025-12-12,Feature Request,High,In Progress,45.38
TKT001681,CUST00660,2025-03-07,Billing,Low,Resolved,64.36
TKT001682,CUST00244,2025-03-21,Storage,Medium,In Progress,69.45
TKT001683,CUST00181,2025-06-13,Billing,Low,Resolved,40.39
TKT001684,CUST01210,2026-03-03,Account,Low,Open,22.07
TKT001685,CUST01209,2026-03-27,Account,Medium,Resolved,57.83
TKT001686,CUST00328,2025-08-19,Technical,High,Open,58.86
TKT001687,CUST01670,2025-05-25,Technical,Medium,Resolved,61.79
TKT001688,CUST01092,2025-12-01,Feature Request,Medium,Resolved,5.36
TKT001689,CUST01753,2025-01-14,Technical,Low,Closed,6.54
TKT001690,CUST01931,2026-07-18,Billing,Low,In Progress,67.14
TKT001691,CUST01883,2025-05-03,Billing,Medium,Resolved,70.34
TKT001692,CUST00431,2025-06-13,Technical,High,In Progress,6.24
TKT001693,CUST01839,2025-04-26,Storage,Medium,Closed,68.66
TKT001694,CUST01324,2025-11-05,Feature Request,Low,Open,6.21
TKT001695,CUST01650,2026-08-18,Storage,Medium,Closed,9.28
TKT001696,CUST00243,2025-05-25,Billing,Low,Resolved,65.46
TKT001697,CUST01685,2026-03-31,Billing,High,Resolved,32.52
TKT001698,CUST00539,2026-01-21,Storage,Medium,In Progress,58.89
TKT001699,CUST01586,2025-05-18,Feature Request,Medium,Closed,13.67
TKT001700,CUST00235,2026-03-25,Account,Medium,Resolved,19.11
TKT001701,CUST00271,2026-02-07,Technical,Medium,In Progress,22.88
TKT001702,CUST01100,2025-04-03,Feature Request,Critical,In Progress,28.01
TKT001703,CUST01430,2025-07-07,Billing,Low,Resolved,48.44
TKT001704,CUST00225,2026-07-22,Account,Low,Closed,29.24
TKT001705,CUST01588,2025-05-10,Technical,High,Resolved,64.49
TKT001706,CUST00946,2025-02-10,Technical,High,Resolved,44.15
TKT001707,CUST00502,2025-02-19,Feature Request,Medium,Resolved,60.91
TKT001708,CUST00752,2025-12-22,Technical,Medium,Resolved,4.02
TKT001709,CUST01723,2025-12-23,Billing,Low,Resolved,1.02
TKT001710,CUST01781,2025-07-02,Feature Request,Low,Resolved,29.18
TKT001711,CUST01589,2025-01-20,Account,Medium,Closed,5.36
TKT001712,CUST01777,2025-10-21,Storage,High,Resolved,36.66
TKT001713,CUST00559,2026-04-18,Technical,Low,Closed,46.55
TKT001714,CUST01820,2026-07-21,Technical,High,Closed,14.02
TKT001715,CUST00250,2026-06-12,Feature Request,Medium,Closed,69.91
TKT001716,CUST01430,2026-02-15,Feature Request,High,Closed,4.51
TKT001717,CUST01944,2025-12-27,Feature Request,Low,Closed,43.38
TKT001718,CUST00149,2025-05-16,Billing,Medium,Resolved,67.86
TKT001719,CUST01388,2026-08-07,Feature Request,Medium,Resolved,38.72
TKT001720,CUST01764,2025-05-05,Technical,Medium,Closed,66.19
TKT001721,CUST01734,2025-08-24,Feature Request,Medium,Closed,4.35
TKT001722,CUST00461,2026-06-19,Storage,Medium,Closed,42.56
TKT001723,CUST00423,2025-12-14,Account,Medium,Closed,67.4
TKT001724,CUST00309,2025-07-24,Storage,High,Closed,61.83
TKT001725,CUST01525,2025-10-24,Billing,High,Closed,10.85
TKT001726,CUST00767,2025-01-18,Feature Request,Medium,In Progress,71.74
TKT001727,CUST00404,2025-06-06,Feature Request,Low,Closed,10.91
TKT001728,CUST00252,2025-01-30,Storage,Medium,Resolved,17.65
TKT001729,CUST00137,2025-10-06,Feature Request,Medium,Closed,7.98
TKT001730,CUST01883,2026-02-04,Storage,Low,Resolved,47.64
TKT001731,CUST01064,2026-01-03,Billing,High,Resolved,30.71
TKT001732,CUST01214,2025-02-02,Technical,Medium,Resolved,61.02
TKT001733,CUST01496,2026-05-30,Account,High,Resolved,62.73
TKT001734,CUST00878,2026-01-05,Feature Request,Medium,In Progress,14.42
TKT001735,CUST01523,2025-02-20,Billing,Low,Closed,32.8
TKT001736,CUST00036,2025-09-23,Storage,High,Resolved,45.42
TKT001737,CUST00938,2025-10-14,Billing,Medium,Resolved,60.1
TKT001738,CUST01675,2025-01-03,Technical,Low,In Progress,7.62
TKT001739,CUST01634,2026-01-15,Feature Request,Low,Resolved,51.62
TKT001740,CUST01679,2026-02-23,Storage,Low,Resolved,34.95
TKT001741,CUST00020,2026-06-29,Billing,Medium,Closed,35.33
TKT001742,CUST00271,2025-11-04,Storage,Medium,Resolved,44.2
TKT001743,CUST00819,2026-03-15,Feature Request,High,In Progress,12.16
TKT001744,CUST00678,2026-05-25,Feature Request,Low,Closed,30.5
TKT001745,CUST00614,2025-10-23,Storage,Low,Resolved,64.17
TKT001746,CUST01678,2026-07-01,Billing,Low,Resolved,61.74
TKT001747,CUST01211,2026-07-02,Account,Critical,Closed,11.71
TKT001748,CUST00051,2025-05-08,Billing,Low,In Progress,40.74
TKT001749,CUST01668,2026-08-23,Feature Request,Low,Resolved,69.9
TKT001750,CUST00569,2026-02-18,Feature Request,Medium,Open,45.73
TKT001751,CUST00884,2025-04-16,Feature Request,Critical,Closed,19.3
TKT001752,CUST01004,2025-02-12,Billing,High,Closed,5.83
TKT001753,CUST00188,2026-05-22,Storage,Medium,Resolved,38.42
TKT001754,CUST01924,2025-11-08,Account,Medium,Resolved,14.21
TKT001755,CUST00834,2026-01-19,Account,Low,Resolved,69.45
TKT001756,CUST00191,2026-04-14,Billing,Low,Closed,49.16
TKT001757,CUST01729,2025-12-05,Feature Request,Low,Resolved,66.48
TKT001758,CUST00423,2025-07-30,Technical,Low,Open,55.03
TKT001759,CUST00509,2025-02-06,Storage,Medium,Resolved,50.6
TKT001760,CUST01664,2025-01-11,Technical,Medium,Closed,37.86
TKT001761,CUST00860,2025-08-08,Storage,High,Closed,17.8
TKT001762,CUST00870,2025-05-23,Account,Medium,Resolved,41.69
TKT001763,CUST00509,2025-03-04,Feature Request,Medium,Resolved,56.48
TKT001764,CUST01922,2025-10-06,Technical,High,Resolved,22.35
TKT001765,CUST00392,2026-03-01,Account,Medium,Resolved,16.86
TKT001766,CUST00530,2025-12-30,Storage,High,Closed,8.2
TKT001767,CUST00211,2025-06-24,Technical,Low,Open,33.3
TKT001768,CUST00195,2025-09-27,Feature Request,Medium,Closed,49.27
TKT001769,CUST01905,2026-02-19,Storage,High,Open,2.66
TKT001770,CUST01528,2026-06-16,Technical,Medium,Resolved,62.05
TKT001771,CUST00047,2025-08-17,Technical,Low,Closed,37.99
TKT001772,CUST01643,2025-11-10,Billing,Medium,Resolved,9.89
TKT001773,CUST01609,2025-10-16,Billing,Medium,Closed,55.54
TKT001774,CUST00157,2026-04-07,Technical,Low,In Progress,70.96
TKT001775,CUST00158,2025-12-18,Technical,Medium,Closed,55.72
TKT001776,CUST00045,2026-08-17,Feature Request,Medium,Resolved,68.61
TKT001777,CUST00096,2026-01-31,Feature Request,Medium,Closed,71.92
TKT001778,CUST01249,2026-08-18,Feature Request,Medium,Resolved,23.18
TKT001779,CUST01339,2026-03-07,Storage,Medium,Open,42.34
TKT001780,CUST00075,2025-09-30,Storage,Critical,Resolved,31.8
TKT001781,CUST01202,2026-05-07,Storage,Medium,Resolved,41.77
TKT001782,CUST01467,2026-02-02,Account,Medium,Resolved,42.14
TKT001783,CUST00695,2025-01-18,Storage,Medium,Resolved,36.05
TKT001784,CUST01209,2026-02-10,Feature Request,Low,Resolved,13.47
TKT001785,CUST01190,2025-10-08,Storage,Medium,Resolved,9.86
TKT001786,CUST00095,2026-01-28,Feature Request,Medium,Closed,38.72
TKT001787,CUST01923,2025-03-25,Feature Request,Low,Resolved,58.18
TKT001788,CUST01036,2026-02-03,Billing,Medium,In Progress,2.62
TKT001789,CUST00923,2025-06-13,Feature Request,Medium,Closed,65.95
TKT001790,CUST00333,2026-07-12,Technical,High,Closed,17.85
TKT001791,CUST01224,2025-11-20,Technical,High,Resolved,56.91
TKT001792,CUST01301,2025-05-12,Technical,Low,Resolved,50.34
TKT001793,CUST01930,2025-12-19,Storage,Medium,Open,65.03
TKT001794,CUST01553,2026-05-14,Feature Request,Medium,Resolved,31.63
TKT001795,CUST00909,2026-05-08,Account,Medium,In Progress,23.34
TKT001796,CUST00741,2025-02-17,Feature Request,Low,Resolved,6.85
TKT001797,CUST01287,2025-05-01,Account,Low,Resolved,17.31
TKT001798,CUST01798,2025-08-28,Storage,Low,Closed,65.75
TKT001799,CUST01506,2025-07-09,Billing,Low,Resolved,32.37
TKT001800,CUST00106,2026-01-31,Billing,High,Closed,1.52
TKT001801,CUST00051,2025-05-04,Feature Request,High,Closed,20.02
TKT001802,CUST01949,2025-02-06,Storage,Medium,In Progress,28.94
TKT001803,CUST01634,2026-08-09,Feature Request,Critical,Closed,2.05
TKT001804,CUST00933,2026-08-04,Account,Low,In Progress,71.33
TKT001805,CUST01680,2025-05-09,Feature Request,Low,In Progress,55.67
TKT001806,CUST01176,2025-01-25,Billing,Medium,Open,30.18
TKT001807,CUST00925,2025-05-21,Technical,Medium,Resolved,31.0
TKT001808,CUST01610,2026-01-13,Storage,High,Closed,32.89
TKT001809,CUST00983,2025-09-24,Account,High,Resolved,16.2
TKT001810,CUST00839,2025-08-17,Technical,Low,Open,19.35
TKT001811,CUST00982,2025-03-04,Billing,Medium,Closed,45.96
TKT001812,CUST01521,2026-01-06,Billing,High,Closed,43.26
TKT001813,CUST01105,2025-01-29,Feature Request,Medium,Resolved,36.27
TKT001814,CUST01188,2025-10-12,Storage,Medium,Closed,7.96
TKT001815,CUST01992,2025-05-16,Feature Request,Low,Resolved,8.61
TKT001816,CUST01009,2025-01-09,Storage,Medium,Resolved,63.47
TKT001817,CUST00389,2025-10-22,Storage,Critical,Resolved,8.9
TKT001818,CUST00749,2025-10-24,Billing,Low,Resolved,9.59
TKT001819,CUST01102,2025-06-02,Technical,Low,Open,31.74
TKT001820,CUST00102,2025-04-02,Feature Request,High,Resolved,20.56
TKT001821,CUST01645,2025-04-24,Storage,Medium,Closed,39.48
TKT001822,CUST01633,2025-07-02,Billing,Medium,Resolved,62.19
TKT001823,CUST00908,2026-06-15,Account,Low,Resolved,68.64
TKT001824,CUST00704,2025-07-12,Billing,Low,Closed,7.16
TKT001825,CUST01275,2025-10-15,Feature Request,Low,Resolved,52.41
TKT001826,CUST01351,2026-08-15,Account,Critical,Resolved,57.46
TKT001827,CUST00974,2025-08-29,Technical,Low,Closed,34.32
TKT001828,CUST01069,2026-05-26,Billing,Medium,Resolved,35.75
TKT001829,CUST01812,2026-01-18,Feature Request,High,Open,20.38
TKT001830,CUST00568,2025-06-14,Storage,Medium,Resolved,1.68
TKT001831,CUST00490,2025-04-12,Feature Request,Low,In Progress,31.54
TKT001832,CUST01513,2025-03-07,Billing,High,Resolved,60.32
TKT001833,CUST01790,2025-08-25,Feature Request,Medium,Closed,9.45
TKT001834,CUST00915,2025-05-07,Billing,Critical,Closed,66.56
TKT001835,CUST00590,2025-08-10,Technical,Medium,Closed,18.6
TKT001836,CUST01502,2025-05-13,Technical,High,Closed,5.48
TKT001837,CUST01722,2026-02-19,Billing,Medium,Resolved,64.97
TKT001838,CUST00126,2025-04-21,Account,Medium,Closed,51.19
TKT001839,CUST01572,2025-03-08,Technical,High,Resolved,47.86
TKT001840,CUST00694,2025-11-16,Storage,Medium,Resolved,47.92
TKT001841,CUST01754,2026-01-14,Feature Request,Low,Closed,62.57
TKT001842,CUST00178,2025-06-17,Account,Low,In Progress,48.32
TKT001843,CUST00901,2025-07-13,Feature Request,Low,Closed,8.08
TKT001844,CUST01853,2026-07-10,Storage,Medium,Resolved,45.34
TKT001845,CUST01584,2025-02-23,Account,Low,Open,35.44
TKT001846,CUST01713,2025-08-23,Technical,Medium,Resolved,44.39
TKT001847,CUST00083,2026-07-31,Billing,Critical,In Progress,50.33
TKT001848,CUST00160,2025-11-21,Account,Low,Closed,60.35
TKT001849,CUST00656,2025-09-24,Account,Low,Closed,62.3
TKT001850,CUST00858,2026-06-29,Billing,Medium,Closed,42.12
TKT001851,CUST00452,2026-08-07,Feature Request,High,In Progress,27.33
TKT001852,CUST00663,2026-08-01,Account,Medium,In Progress,66.38
TKT001853,CUST00602,2025-08-27,Feature Request,High,Closed,22.14
TKT001854,CUST00658,2026-04-12,Storage,Low,In Progress,6.57
TKT001855,CUST01520,2025-08-28,Billing,High,Closed,57.65
TKT001856,CUST00342,2026-06-15,Billing,Low,Closed,19.14
TKT001857,CUST00065,2025-04-26,Account,Low,Open,71.46
TKT001858,CUST00304,2025-08-15,Storage,Low,Resolved,19.52
TKT001859,CUST01814,2026-03-04,Account,Medium,Resolved,57.29
TKT001860,CUST01933,2026-04-02,Storage,Low,In Progress,11.16
TKT001861,CUST01821,2026-06-08,Storage,Medium,Closed,8.38
TKT001862,CUST00865,2025-11-10,Feature Request,Medium,Open,17.01
TKT001863,CUST00501,2026-07-21,Technical,Low,In Progress,68.58
TKT001864,CUST01042,2025-06-20,Feature Request,High,Resolved,51.4
TKT001865,CUST00301,2025-06-26,Account,Critical,Resolved,11.64
TKT001866,CUST00384,2026-04-06,Technical,Medium,Closed,9.2
TKT001867,CUST01206,2025-05-17,Billing,Low,Resolved,20.99
TKT001868,CUST00553,2025-06-02,Storage,Low,Resolved,20.57
TKT001869,CUST01729,2025-11-09,Billing,High,Open,61.54
TKT001870,CUST00334,2025-11-03,Storage,Low,Closed,27.57
TKT001871,CUST00562,2025-12-03,Billing,High,Closed,53.65
TKT001872,CUST00029,2025-01-15,Billing,Low,Closed,32.78
TKT001873,CUST00655,2026-08-07,Billing,High,Open,36.94
TKT001874,CUST01738,2025-05-10,Technical,Low,In Progress,14.22
TKT001875,CUST00740,2026-06-01,Storage,Critical,Closed,2.39
TKT001876,CUST01438,2025-10-31,Storage,Low,Resolved,34.04
TKT001877,CUST00031,2025-01-02,Billing,Low,Closed,24.22
TKT001878,CUST01568,2025-05-09,Storage,Low,Resolved,70.94
TKT001879,CUST01393,2026-04-12,Feature Request,Low,Resolved,12.77
TKT001880,CUST01331,2025-11-29,Technical,Low,Resolved,7.56
TKT001881,CUST01046,2025-08-23,Technical,Low,Resolved,25.56
TKT001882,CUST00055,2025-04-22,Feature Request,Low,Resolved,23.11
TKT001883,CUST00083,2025-03-19,Technical,Medium,Resolved,38.71
TKT001884,CUST00049,2025-07-24,Feature Request,Medium,Resolved,20.64
TKT001885,CUST01563,2026-05-26,Feature Request,Medium,Resolved,37.2
TKT001886,CUST00522,2026-01-12,Account,Medium,Resolved,18.88
TKT001887,CUST00008,2025-10-16,Feature Request,Low,Resolved,71.24
TKT001888,CUST01188,2025-08-21,Technical,High,In Progress,33.55
TKT001889,CUST00397,2025-02-07,Technical,High,Resolved,50.8
TKT001890,CUST01588,2025-09-22,Billing,Critical,Resolved,55.27
TKT001891,CUST00727,2026-04-19,Storage,Medium,Closed,69.06
TKT001892,CUST01318,2025-03-10,Account,Medium,Resolved,34.18
TKT001893,CUST01278,2025-06-11,Feature Request,Medium,Resolved,51.3
TKT001894,CUST01275,2025-06-30,Account,Medium,Closed,2.44
TKT001895,CUST00102,2025-05-11,Storage,Medium,Resolved,41.92
TKT001896,CUST01448,2025-09-06,Account,Critical,Closed,53.57
TKT001897,CUST01824,2025-11-16,Account,Low,Open,56.8
TKT001898,CUST01003,2026-02-03,Storage,Medium,Resolved,1.3
TKT001899,CUST00941,2026-04-07,Billing,Low,Closed,45.11
TKT001900,CUST01299,2026-07-09,Storage,Medium,Closed,52.01
TKT001901,CUST01093,2025-03-09,Storage,Medium,In Progress,60.92
TKT001902,CUST01475,2026-08-19,Storage,High,Closed,42.75
TKT001903,CUST00541,2025-05-31,Account,Medium,Open,36.15
TKT001904,CUST00266,2026-05-08,Feature Request,Medium,Open,9.86
TKT001905,CUST00397,2025-03-05,Technical,Low,In Progress,29.41
TKT001906,CUST00305,2026-06-21,Feature Request,High,Resolved,48.43
TKT001907,CUST01992,2025-03-19,Feature Request,Low,Resolved,63.56
TKT001908,CUST00532,2025-08-13,Account,Critical,Resolved,5.34
TKT001909,CUST00999,2025-07-28,Account,Low,Resolved,1.94
TKT001910,CUST01399,2026-02-11,Storage,Medium,Resolved,54.49
TKT001911,CUST01536,2025-05-24,Storage,Low,Closed,23.39
TKT001912,CUST00292,2026-08-29,Account,Low,Open,19.75
TKT001913,CUST01433,2026-05-24,Billing,Low,Resolved,45.5
TKT001914,CUST01938,2025-02-06,Account,High,In Progress,42.12
TKT001915,CUST01754,2026-08-03,Feature Request,Low,Closed,40.98
TKT001916,CUST01603,2025-05-11,Storage,Medium,Resolved,47.78
TKT001917,CUST00728,2025-11-08,Account,High,Resolved,55.18
TKT001918,CUST01442,2026-08-27,Feature Request,Critical,Closed,34.01
TKT001919,CUST01979,2026-01-09,Account,Low,Closed,8.92
TKT001920,CUST00334,2026-07-12,Feature Request,Medium,Resolved,59.66
TKT001921,CUST00038,2025-07-26,Storage,High,Open,46.47
TKT001922,CUST00171,2026-02-17,Storage,Medium,Open,62.75
TKT001923,CUST01157,2025-09-08,Account,Medium,Resolved,46.75
TKT001924,CUST00936,2025-06-14,Billing,Medium,In Progress,7.98
TKT001925,CUST00531,2026-01-07,Feature Request,Low,Resolved,9.31
TKT001926,CUST01498,2025-04-11,Billing,Low,Resolved,14.01
TKT001927,CUST01538,2025-03-03,Account,High,Closed,28.22
TKT001928,CUST00051,2026-05-15,Account,Low,Closed,23.96
TKT001929,CUST01792,2025-01-22,Billing,High,Closed,40.81
TKT001930,CUST01518,2025-05-18,Account,Low,Closed,5.76
TKT001931,CUST00061,2026-08-23,Account,High,Resolved,61.95
TKT001932,CUST01313,2025-10-05,Feature Request,Medium,Closed,31.04
TKT001933,CUST01232,2025-06-08,Billing,Low,Closed,63.33
TKT001934,CUST00467,2026-02-06,Account,Low,Resolved,53.19
TKT001935,CUST01358,2025-04-30,Storage,Medium,In Progress,56.93
TKT001936,CUST01541,2025-07-07,Billing,Medium,Closed,15.05
TKT001937,CUST01124,2025-12-22,Feature Request,High,Closed,55.14
TKT001938,CUST01911,2025-04-29,Technical,Low,Resolved,49.77
TKT001939,CUST01362,2025-02-11,Billing,High,Closed,66.45
TKT001940,CUST01792,2026-04-13,Feature Request,High,Resolved,44.95
TKT001941,CUST01369,2025-09-20,Technical,Medium,Resolved,63.67
TKT001942,CUST00769,2025-07-04,Billing,Critical,In Progress,56.79
TKT001943,CUST00576,2025-12-22,Billing,High,In Progress,66.66
TKT001944,CUST01673,2025-03-28,Technical,High,Closed,24.74
TKT001945,CUST00396,2026-02-20,Billing,Medium,Resolved,39.53
TKT001946,CUST01018,2025-09-30,Account,Medium,Resolved,19.53
TKT001947,CUST00375,2026-05-15,Billing,High,Closed,61.32
TKT001948,CUST01113,2025-08-07,Billing,Low,Resolved,14.74
TKT001949,CUST00098,2025-08-07,Feature Request,Medium,Resolved,40.43
TKT001950,CUST01226,2026-04-16,Billing,Medium,Resolved,50.04
TKT001951,CUST01884,2025-02-23,Feature Request,Critical,Resolved,70.87
TKT001952,CUST01654,2025-06-11,Feature Request,Medium,In Progress,13.66
TKT001953,CUST01980,2025-09-30,Storage,Low,Closed,3.07
TKT001954,CUST00278,2025-10-05,Storage,Low,Resolved,56.31
TKT001955,CUST01356,2025-09-03,Billing,High,Closed,69.6
TKT001956,CUST01300,2026-05-06,Storage,Low,Closed,49.34
TKT001957,CUST01380,2025-04-09,Account,Low,Closed,41.99
TKT001958,CUST00027,2026-07-28,Technical,Low,In Progress,16.48
TKT001959,CUST00694,2025-09-17,Account,High,Resolved,51.54
TKT001960,CUST01547,2025-10-27,Feature Request,High,Closed,9.97
TKT001961,CUST01709,2025-11-28,Storage,Low,In Progress,66.91
TKT001962,CUST01546,2026-03-05,Technical,Medium,Closed,64.59
TKT001963,CUST01030,2025-03-29,Technical,Medium,Closed,7.7
TKT001964,CUST00965,2025-08-04,Billing,Low,Resolved,31.06
TKT001965,CUST01906,2026-07-31,Storage,Low,Closed,9.29
TKT001966,CUST01474,2026-05-12,Billing,Medium,Closed,57.84
TKT001967,CUST00385,2025-08-18,Account,Low,Open,23.44
TKT001968,CUST00522,2025-09-20,Billing,Critical,Closed,67.37
TKT001969,CUST00556,2025-08-09,Technical,Medium,In Progress,22.12
TKT001970,CUST00406,2025-10-06,Feature Request,Medium,Closed,5.42
TKT001971,CUST00224,2025-12-23,Storage,Medium,Resolved,19.34
TKT001972,CUST01788,2025-01-09,Storage,Low,In Progress,32.08
TKT001973,CUST00774,2026-04-24,Account,Low,Closed,28.48
TKT001974,CUST01681,2025-07-14,Account,High,Closed,61.84
TKT001975,CUST00195,2025-07-11,Storage,Medium,In Progress,14.03
TKT001976,CUST01643,2026-07-12,Technical,Low,Resolved,31.34
TKT001977,CUST01632,2025-05-26,Billing,Medium,Closed,46.57
TKT001978,CUST00547,2025-12-02,Storage,Low,Resolved,51.13
TKT001979,CUST00590,2025-04-17,Storage,High,Resolved,48.2
TKT001980,CUST00992,2025-07-16,Account,High,Closed,65.11
TKT001981,CUST01748,2025-03-09,Billing,Low,Open,53.23
TKT001982,CUST00280,2025-09-11,Storage,Medium,Resolved,3.46
TKT001983,CUST01334,2025-01-10,Storage,Low,Resolved,52.81
TKT001984,CUST00755,2025-06-12,Account,Low,Resolved,35.88
TKT001985,CUST01884,2026-04-18,Account,High,Resolved,46.78
TKT001986,CUST01027,2026-08-11,Account,Low,Resolved,18.08
TKT001987,CUST00681,2026-08-07,Technical,Low,Closed,49.13
TKT001988,CUST00125,2025-12-20,Technical,Medium,Resolved,33.79
TKT001989,CUST00156,2026-03-25,Storage,Medium,Resolved,42.74
TKT001990,CUST01749,2026-04-10,Billing,Low,Open,20.68
TKT001991,CUST00119,2025-08-17,Feature Request,Low,Resolved,6.8
TKT001992,CUST01862,2025-09-17,Technical,High,Closed,64.15
TKT001993,CUST01060,2026-04-01,Storage,Medium,Closed,12.76
TKT001994,CUST00969,2026-01-29,Technical,Medium,Resolved,53.9
TKT001995,CUST00574,2026-06-21,Account,Critical,Resolved,25.21
TKT001996,CUST00626,2026-07-03,Technical,Medium,Open,7.79
TKT001997,CUST01150,2025-11-16,Storage,Low,Resolved,33.64
TKT001998,CUST00535,2026-04-05,Billing,Medium,Closed,8.58
TKT001999,CUST01071,2025-02-04,Billing,Low,Resolved,27.2
TKT002000,CUST01531,2025-01-12,Billing,Medium,Resolved,62.43
TKT002001,CUST00863,2026-07-01,Storage,Medium,Closed,5.25
TKT002002,CUST00233,2026-06-22,Billing,Medium,In Progress,2.62
TKT002003,CUST00600,2025-03-14,Feature Request,Medium,Resolved,17.55
TKT002004,CUST01681,2026-05-31,Technical,Low,Resolved,34.67
TKT002005,CUST01498,2025-06-30,Storage,Medium,Open,38.32
TKT002006,CUST01961,2025-04-08,Technical,Medium,Resolved,56.76
TKT002007,CUST01378,2025-10-17,Technical,High,Closed,7.33
TKT002008,CUST00517,2025-02-28,Technical,Low,Closed,70.47
TKT002009,CUST00190,2025-01-31,Storage,Medium,Resolved,24.45
TKT002010,CUST00113,2025-05-01,Account,Low,Resolved,50.14
TKT002011,CUST00313,2025-09-29,Billing,Medium,Closed,25.05
TKT002012,CUST00834,2026-03-22,Billing,Medium,Resolved,15.22
TKT002013,CUST01903,2025-08-13,Technical,Medium,Closed,68.12
TKT002014,CUST00982,2025-06-22,Feature Request,Low,Resolved,12.28
TKT002015,CUST01908,2025-05-18,Account,Medium,Resolved,62.29
TKT002016,CUST00133,2025-12-15,Technical,Low,Closed,50.98
TKT002017,CUST00346,2026-01-21,Feature Request,High,Closed,16.43
TKT002018,CUST00341,2026-04-17,Feature Request,Medium,Resolved,26.79
TKT002019,CUST00635,2026-06-05,Technical,Medium,Closed,54.19
TKT002020,CUST01218,2025-05-13,Account,Medium,Resolved,46.52
TKT002021,CUST00483,2025-03-16,Account,Medium,Resolved,50.28
TKT002022,CUST01365,2025-02-27,Technical,High,Resolved,66.16
TKT002023,CUST00783,2025-11-14,Account,Medium,Resolved,19.48
TKT002024,CUST01486,2025-03-16,Feature Request,Medium,Open,9.85
TKT002025,CUST01050,2025-10-28,Technical,High,Closed,23.84
TKT002026,CUST00520,2026-07-11,Feature Request,Medium,Resolved,13.42
TKT002027,CUST00429,2025-07-09,Account,Medium,Closed,47.7
TKT002028,CUST01342,2025-04-15,Technical,High,Closed,25.81
TKT002029,CUST00400,2026-06-29,Storage,High,Closed,64.54
TKT002030,CUST00614,2025-08-15,Storage,Medium,Resolved,67.64
TKT002031,CUST01686,2026-03-30,Feature Request,Low,Closed,70.56
TKT002032,CUST00689,2025-09-15,Billing,Medium,Open,23.66
TKT002033,CUST01080,2025-11-11,Account,Low,Resolved,56.74
TKT002034,CUST01047,2026-01-21,Feature Request,Medium,In Progress,11.44
TKT002035,CUST00392,2025-01-28,Technical,Low,Open,11.76
TKT002036,CUST00327,2025-06-21,Feature Request,Medium,Resolved,60.65
TKT002037,CUST01244,2025-07-16,Feature Request,Medium,Resolved,34.26
TKT002038,CUST00666,2025-05-05,Billing,Medium,Closed,31.95
TKT002039,CUST01558,2025-05-17,Feature Request,Medium,Resolved,50.29
TKT002040,CUST00220,2025-07-23,Billing,Low,Resolved,14.99
TKT002041,CUST01778,2025-02-23,Storage,Low,Open,37.47
TKT002042,CUST01973,2026-03-21,Billing,Medium,Closed,61.71
TKT002043,CUST01946,2025-03-08,Storage,Low,In Progress,34.82
TKT002044,CUST01956,2026-06-01,Technical,Medium,Resolved,4.23
TKT002045,CUST00803,2025-07-24,Account,High,Resolved,13.78
TKT002046,CUST01353,2025-06-08,Billing,High,Closed,54.84
TKT002047,CUST01484,2025-07-14,Storage,High,Open,17.56
TKT002048,CUST00589,2025-03-23,Technical,High,Resolved,1.57
TKT002049,CUST00978,2025-07-27,Feature Request,Low,Resolved,14.69
TKT002050,CUST00099,2025-07-13,Billing,Critical,Closed,45.97
TKT002051,CUST01654,2025-05-19,Feature Request,Medium,Closed,8.7
TKT002052,CUST01346,2025-04-03,Billing,Low,In Progress,52.59
TKT002053,CUST01027,2025-06-30,Feature Request,Medium,Resolved,6.51
TKT002054,CUST01018,2025-02-15,Account,High,Closed,45.76
TKT002055,CUST01509,2025-02-11,Account,Low,Closed,7.79
TKT002056,CUST01766,2025-05-01,Storage,Medium,In Progress,4.53
TKT002057,CUST01837,2025-09-20,Billing,High,Closed,8.35
TKT002058,CUST01223,2025-09-11,Feature Request,Medium,Closed,66.98
TKT002059,CUST01916,2025-11-19,Feature Request,High,Resolved,30.17
TKT002060,CUST01060,2025-07-10,Storage,High,In Progress,34.09
TKT002061,CUST00794,2025-10-17,Storage,Medium,In Progress,48.99
TKT002062,CUST01238,2026-07-19,Technical,Low,Closed,65.53
TKT002063,CUST01019,2025-02-24,Account,Medium,Closed,43.72
TKT002064,CUST00082,2025-12-07,Feature Request,Medium,Resolved,1.66
TKT002065,CUST00620,2026-08-26,Storage,Critical,Resolved,66.71
TKT002066,CUST01444,2025-12-08,Technical,Medium,Closed,22.83
TKT002067,CUST00474,2025-01-14,Feature Request,High,Resolved,5.77
TKT002068,CUST01976,2025-10-28,Billing,Medium,Resolved,68.96
TKT002069,CUST01471,2025-09-06,Feature Request,Low,Resolved,15.8
TKT002070,CUST01031,2025-02-28,Technical,Low,Resolved,48.47
TKT002071,CUST01273,2025-10-26,Technical,High,In Progress,52.42
TKT002072,CUST01580,2025-03-31,Account,Critical,Closed,62.51
TKT002073,CUST00058,2025-08-07,Feature Request,Medium,Closed,45.34
TKT002074,CUST00418,2025-02-26,Billing,High,Resolved,71.98
TKT002075,CUST01306,2025-09-16,Billing,Medium,Closed,65.25
TKT002076,CUST00686,2026-02-05,Billing,Low,Closed,9.84
TKT002077,CUST01289,2026-08-10,Technical,High,Resolved,38.95
TKT002078,CUST01832,2026-01-25,Account,High,Closed,61.93
TKT002079,CUST01187,2025-02-24,Account,Low,Resolved,26.53
TKT002080,CUST00941,2025-03-06,Feature Request,Low,Closed,64.73
TKT002081,CUST01957,2025-07-08,Billing,Low,Resolved,20.35
TKT002082,CUST01805,2025-09-12,Account,Low,Resolved,38.73
TKT002083,CUST00300,2025-02-07,Technical,Medium,In Progress,58.03
TKT002084,CUST00497,2025-01-08,Billing,Low,Resolved,55.08
TKT002085,CUST00555,2025-01-19,Storage,Medium,In Progress,10.56
TKT002086,CUST01034,2026-08-21,Technical,Low,In Progress,37.34
TKT002087,CUST00696,2025-08-25,Storage,Low,Resolved,16.58
TKT002088,CUST01327,2025-07-09,Technical,High,Open,28.84
TKT002089,CUST00046,2025-12-19,Technical,Medium,Open,60.03
TKT002090,CUST00588,2025-10-03,Account,Low,Open,33.35
TKT002091,CUST00113,2026-01-23,Feature Request,Low,In Progress,48.36
TKT002092,CUST01794,2025-09-22,Storage,Low,In Progress,13.75
TKT002093,CUST00870,2025-01-22,Storage,Low,Closed,67.54
TKT002094,CUST00273,2026-03-21,Feature Request,High,Closed,59.62
TKT002095,CUST00743,2025-07-09,Billing,Medium,Resolved,3.2
TKT002096,CUST01734,2026-04-21,Billing,Low,Open,3.75
TKT002097,CUST00624,2026-01-10,Account,High,Open,48.25
TKT002098,CUST00575,2025-03-29,Feature Request,Low,In Progress,32.74
TKT002099,CUST01339,2025-10-19,Storage,Low,Closed,45.09
TKT002100,CUST00867,2025-03-28,Account,Medium,Resolved,45.21
TKT002101,CUST01638,2025-06-09,Billing,High,Resolved,15.1
TKT002102,CUST00695,2025-12-31,Storage,Medium,Resolved,57.06
TKT002103,CUST01014,2025-05-27,Account,Low,Resolved,54.5
TKT002104,CUST01418,2025-01-23,Storage,Low,Resolved,52.25
TKT002105,CUST01295,2026-02-09,Account,Medium,In Progress,18.91
TKT002106,CUST00435,2025-10-27,Billing,Critical,Closed,24.54
TKT002107,CUST01891,2025-05-11,Feature Request,High,In Progress,39.26
TKT002108,CUST00729,2025-02-25,Storage,High,In Progress,17.27
TKT002109,CUST01199,2026-07-05,Technical,Medium,Closed,46.31
TKT002110,CUST01143,2025-05-10,Account,Medium,In Progress,71.38
TKT002111,CUST01371,2025-12-08,Technical,Critical,In Progress,52.4
TKT002112,CUST00786,2025-03-13,Technical,Medium,Closed,50.06
TKT002113,CUST01644,2025-10-11,Account,Medium,Open,17.75
TKT002114,CUST01797,2026-08-05,Technical,Low,In Progress,68.87
TKT002115,CUST00503,2025-06-26,Technical,Low,Open,15.08
TKT002116,CUST01704,2025-04-17,Billing,Low,Resolved,16.25
TKT002117,CUST00661,2026-04-18,Billing,Medium,Closed,19.03
TKT002118,CUST01201,2026-05-22,Billing,Medium,Resolved,44.39
TKT002119,CUST00925,2025-05-17,Storage,Medium,Resolved,6.88
TKT002120,CUST00331,2025-03-31,Billing,High,In Progress,39.81
TKT002121,CUST01168,2026-07-21,Storage,Medium,In Progress,56.69
TKT002122,CUST00214,2025-03-13,Account,Medium,Resolved,51.75
TKT002123,CUST01324,2026-03-24,Storage,High,Closed,25.13
TKT002124,CUST00098,2025-08-15,Billing,Low,Closed,26.69
TKT002125,CUST01258,2025-04-23,Storage,Medium,Resolved,36.22
TKT002126,CUST00839,2025-11-13,Technical,High,Resolved,56.01
TKT002127,CUST00277,2026-01-10,Billing,Medium,Closed,21.24
TKT002128,CUST01586,2026-01-20,Account,Low,Resolved,55.75
TKT002129,CUST01816,2026-02-12,Technical,Medium,Resolved,60.49
TKT002130,CUST01621,2026-02-17,Billing,Medium,Open,18.57
TKT002131,CUST00627,2025-09-29,Storage,Medium,Resolved,40.97
TKT002132,CUST00886,2026-05-16,Technical,High,In Progress,55.11
TKT002133,CUST01060,2026-03-29,Account,Low,Resolved,40.51
TKT002134,CUST00214,2026-03-21,Feature Request,Low,Resolved,2.31
TKT002135,CUST00946,2026-04-10,Billing,High,Closed,67.49
TKT002136,CUST00763,2026-05-12,Account,Low,Open,42.06
TKT002137,CUST00515,2026-05-28,Storage,Critical,Resolved,3.82
TKT002138,CUST01972,2025-12-26,Feature Request,Medium,In Progress,43.47
TKT002139,CUST00869,2026-02-01,Technical,Medium,Resolved,33.36
TKT002140,CUST00971,2025-03-13,Account,Low,Resolved,44.35
TKT002141,CUST00488,2025-05-20,Technical,High,Resolved,23.82
TKT002142,CUST01531,2025-09-29,Technical,Critical,Closed,50.79
TKT002143,CUST00108,2025-12-24,Account,Low,Closed,65.32
TKT002144,CUST00418,2026-01-03,Technical,Critical,Resolved,21.65
TKT002145,CUST00858,2026-02-21,Storage,Medium,Closed,1.5
TKT002146,CUST00279,2026-06-06,Storage,Medium,Closed,64.03
TKT002147,CUST01000,2026-06-16,Billing,Critical,Closed,56.82
TKT002148,CUST01184,2025-09-27,Feature Request,Critical,Resolved,24.7
TKT002149,CUST01364,2025-07-04,Feature Request,High,Closed,55.04
TKT002150,CUST01289,2025-01-14,Feature Request,Medium,Resolved,25.15
TKT002151,CUST00026,2025-12-27,Storage,High,Resolved,45.84
TKT002152,CUST01455,2025-11-16,Billing,Critical,Resolved,3.82
TKT002153,CUST01807,2026-06-21,Feature Request,Low,Resolved,69.23
TKT002154,CUST01003,2026-08-02,Billing,Low,Resolved,23.9
TKT002155,CUST00855,2025-05-09,Feature Request,Low,Resolved,58.52
TKT002156,CUST01311,2025-03-27,Feature Request,Low,Resolved,15.38
TKT002157,CUST00028,2025-12-08,Technical,Low,In Progress,25.4
TKT002158,CUST01844,2026-06-28,Feature Request,High,Closed,69.51
TKT002159,CUST01801,2026-07-15,Account,Medium,Resolved,18.75
TKT002160,CUST00756,2026-03-01,Account,Medium,Open,53.29
TKT002161,CUST00261,2026-03-14,Account,Medium,Closed,9.93
TKT002162,CUST01040,2025-12-27,Account,Low,Closed,69.18
TKT002163,CUST01722,2025-10-02,Feature Request,High,Open,20.91
TKT002164,CUST01953,2025-04-05,Technical,Low,Resolved,50.7
TKT002165,CUST00350,2025-12-17,Billing,Medium,Open,15.09
TKT002166,CUST00016,2025-05-06,Account,Medium,Open,53.67
TKT002167,CUST01866,2026-08-31,Account,High,Resolved,42.93
TKT002168,CUST01558,2025-11-30,Feature Request,High,Closed,7.41
TKT002169,CUST00732,2025-05-25,Storage,Medium,Closed,19.31
TKT002170,CUST01719,2026-05-30,Billing,High,Closed,16.37
TKT002171,CUST00856,2026-05-05,Technical,Medium,Resolved,6.33
TKT002172,CUST01698,2025-07-10,Feature Request,Medium,Resolved,15.96
TKT002173,CUST01870,2026-02-06,Technical,Medium,Closed,5.97
TKT002174,CUST00431,2026-08-05,Technical,High,In Progress,35.84
TKT002175,CUST00495,2026-01-19,Technical,Low,In Progress,21.37
TKT002176,CUST01095,2026-05-10,Account,Medium,Resolved,26.43
TKT002177,CUST01236,2025-11-21,Storage,Medium,Resolved,58.29
TKT002178,CUST00972,2025-02-12,Technical,High,Closed,24.17
TKT002179,CUST00068,2026-02-21,Billing,High,Resolved,12.87
TKT002180,CUST00770,2026-08-28,Technical,Low,In Progress,65.72
TKT002181,CUST00632,2025-10-11,Billing,Medium,Resolved,53.37
TKT002182,CUST00269,2025-09-07,Account,High,Closed,66.93
TKT002183,CUST00780,2025-09-06,Feature Request,High,Closed,55.09
TKT002184,CUST01382,2025-04-18,Feature Request,Medium,Resolved,9.77
TKT002185,CUST00701,2025-03-14,Feature Request,Medium,In Progress,45.72
TKT002186,CUST00328,2025-06-25,Feature Request,Low,Closed,40.91
TKT002187,CUST00766,2025-08-10,Feature Request,High,Open,55.52
TKT002188,CUST00113,2026-01-14,Storage,Medium,Resolved,35.97
TKT002189,CUST00379,2026-01-15,Account,Medium,Closed,36.99
TKT002190,CUST00936,2025-01-01,Feature Request,Medium,Closed,41.97
TKT002191,CUST00578,2025-08-12,Feature Request,Low,Resolved,42.91
TKT002192,CUST01365,2025-06-17,Storage,High,Open,11.2
TKT002193,CUST01229,2026-06-02,Storage,Medium,In Progress,37.26
TKT002194,CUST00390,2026-07-11,Feature Request,Medium,Closed,25.45
TKT002195,CUST01286,2025-12-03,Storage,High,Resolved,51.36
TKT002196,CUST01686,2025-02-17,Storage,Medium,In Progress,15.45
TKT002197,CUST00655,2026-05-02,Storage,Low,Closed,59.12
TKT002198,CUST00761,2026-05-05,Feature Request,Medium,Closed,11.87
TKT002199,CUST01382,2025-11-12,Billing,Low,Resolved,4.81
TKT002200,CUST00533,2025-06-22,Technical,Medium,Closed,36.08
TKT002201,CUST00985,2026-03-24,Storage,Medium,Resolved,21.76
TKT002202,CUST01509,2026-06-20,Technical,Medium,Resolved,68.91
TKT002203,CUST01832,2025-03-23,Technical,Critical,Resolved,5.96
TKT002204,CUST01480,2026-06-21,Storage,High,Closed,71.99
TKT002205,CUST01098,2026-01-31,Technical,Medium,In Progress,28.7
TKT002206,CUST00272,2026-06-16,Feature Request,Low,Resolved,56.86
TKT002207,CUST00267,2025-07-31,Feature Request,Medium,Closed,66.17
TKT002208,CUST00826,2026-03-17,Technical,Low,Open,24.6
TKT002209,CUST00261,2026-06-09,Storage,High,In Progress,19.89
TKT002210,CUST01620,2026-06-29,Feature Request,Low,Resolved,53.36
TKT002211,CUST00471,2026-06-19,Storage,Low,Open,57.86
TKT002212,CUST01908,2025-03-20,Billing,Medium,In Progress,41.47
TKT002213,CUST01694,2025-09-02,Technical,Medium,Closed,16.83
TKT002214,CUST01721,2026-07-15,Account,Medium,In Progress,26.65
TKT002215,CUST01949,2026-07-22,Account,Low,In Progress,67.23
TKT002216,CUST01018,2025-09-09,Feature Request,Medium,Resolved,19.9
TKT002217,CUST00822,2025-07-27,Account,Low,Open,27.54
TKT002218,CUST01089,2026-08-14,Account,Medium,Closed,66.8
TKT002219,CUST01050,2025-03-05,Technical,Low,In Progress,53.6
TKT002220,CUST00019,2026-01-20,Feature Request,High,Resolved,55.81
TKT002221,CUST00423,2026-02-02,Technical,High,Resolved,5.61
TKT002222,CUST00373,2025-10-21,Technical,Medium,Resolved,42.43
TKT002223,CUST01028,2026-05-28,Billing,Medium,Resolved,30.74
TKT002224,CUST01940,2026-07-02,Feature Request,Low,Open,34.89
TKT002225,CUST01577,2025-02-11,Feature Request,Medium,Resolved,46.37
TKT002226,CUST00191,2026-05-19,Storage,High,Closed,4.39
TKT002227,CUST01699,2025-07-16,Storage,Medium,Resolved,63.3
TKT002228,CUST01092,2025-06-17,Feature Request,Medium,Resolved,19.77
TKT002229,CUST01655,2025-02-09,Storage,Medium,Resolved,58.19
TKT002230,CUST01418,2025-02-24,Billing,Low,Open,54.66
TKT002231,CUST00558,2025-11-24,Storage,Medium,Closed,51.92
TKT002232,CUST01326,2025-07-25,Feature Request,Medium,Resolved,60.64
TKT002233,CUST01319,2026-07-20,Feature Request,Low,Resolved,71.2
TKT002234,CUST00057,2025-06-20,Storage,Medium,Resolved,8.94
TKT002235,CUST01954,2025-10-20,Feature Request,High,In Progress,5.75
TKT002236,CUST01061,2025-07-05,Technical,Critical,Closed,50.93
TKT002237,CUST01695,2025-01-02,Storage,High,Resolved,70.51
TKT002238,CUST00673,2025-05-27,Feature Request,Low,Closed,17.44
TKT002239,CUST00500,2026-04-11,Billing,High,Closed,30.54
TKT002240,CUST01227,2025-10-12,Account,High,In Progress,26.75
TKT002241,CUST00911,2025-07-24,Technical,Low,Resolved,71.01
TKT002242,CUST00076,2025-04-04,Technical,High,Closed,23.35
TKT002243,CUST00329,2025-09-19,Technical,Medium,Resolved,49.14
TKT002244,CUST01095,2026-02-25,Billing,High,Closed,56.05
TKT002245,CUST01748,2026-02-12,Account,Medium,Resolved,30.46
TKT002246,CUST01026,2025-12-23,Billing,Critical,Closed,10.66
TKT002247,CUST01312,2025-09-25,Technical,High,Closed,50.52
TKT002248,CUST01974,2025-11-28,Feature Request,Low,Open,19.81
TKT002249,CUST01883,2026-03-14,Storage,High,Open,8.56
TKT002250,CUST01954,2025-01-25,Technical,Medium,In Progress,25.06
TKT002251,CUST00922,2026-01-29,Technical,Medium,Closed,17.66
TKT002252,CUST00388,2026-01-24,Billing,Medium,Resolved,28.56
TKT002253,CUST00270,2026-06-29,Account,Low,Closed,16.27
TKT002254,CUST00747,2026-04-21,Account,High,Resolved,31.58
TKT002255,CUST01131,2025-02-13,Billing,Low,Closed,15.7
TKT002256,CUST01775,2025-06-12,Billing,High,Resolved,57.08
TKT002257,CUST01352,2025-09-11,Account,High,Resolved,70.22
TKT002258,CUST00934,2025-12-05,Storage,High,Closed,20.46
TKT002259,CUST00873,2026-05-23,Billing,High,Open,36.45
TKT002260,CUST01338,2025-11-14,Billing,Medium,Resolved,8.8
TKT002261,CUST00531,2026-05-22,Technical,High,Closed,14.79
TKT002262,CUST00619,2025-03-13,Storage,Medium,Open,6.44
TKT002263,CUST00958,2026-04-20,Technical,Medium,Closed,53.83
TKT002264,CUST00484,2026-01-13,Account,Medium,Resolved,42.03
TKT002265,CUST01252,2026-03-18,Storage,Low,Resolved,22.84
TKT002266,CUST01578,2025-06-10,Technical,High,Closed,67.93
TKT002267,CUST00026,2026-02-22,Feature Request,High,Resolved,11.62
TKT002268,CUST01495,2025-12-16,Technical,Medium,In Progress,12.03
TKT002269,CUST00083,2025-02-12,Feature Request,Low,Resolved,2.29
TKT002270,CUST01366,2025-07-01,Storage,Low,Resolved,14.43
TKT002271,CUST01794,2025-12-16,Billing,Low,Resolved,23.09
TKT002272,CUST01147,2025-01-22,Feature Request,Medium,Resolved,69.2
TKT002273,CUST00657,2025-03-10,Storage,Low,Resolved,68.68
TKT002274,CUST00836,2025-04-07,Account,Low,Resolved,8.89
TKT002275,CUST00354,2025-01-02,Account,Medium,Closed,45.51
TKT002276,CUST01439,2025-12-10,Feature Request,Medium,Open,13.94
TKT002277,CUST00770,2026-03-24,Feature Request,Low,Closed,53.21
TKT002278,CUST01845,2025-12-09,Feature Request,Medium,Resolved,27.22
TKT002279,CUST00304,2026-03-24,Billing,Medium,Resolved,20.01
TKT002280,CUST01989,2025-11-01,Account,Low,Closed,11.09
TKT002281,CUST00447,2026-05-11,Storage,Medium,Resolved,48.84
TKT002282,CUST01375,2026-05-29,Technical,High,Closed,31.39
TKT002283,CUST01515,2026-07-06,Account,High,Open,31.17
TKT002284,CUST01970,2025-02-10,Storage,Low,Resolved,37.14
TKT002285,CUST01632,2025-09-27,Feature Request,Medium,Resolved,35.02
TKT002286,CUST01018,2025-12-16,Feature Request,Medium,Closed,28.8
TKT002287,CUST00211,2025-03-27,Account,Medium,Open,32.18
TKT002288,CUST01781,2026-04-07,Account,Medium,Resolved,54.7
TKT002289,CUST01017,2025-01-15,Account,Critical,In Progress,66.7
TKT002290,CUST01307,2025-05-14,Account,High,In Progress,57.06
TKT002291,CUST01491,2025-05-23,Feature Request,Low,Closed,28.9
TKT002292,CUST00977,2025-12-03,Feature Request,Medium,Closed,14.05
TKT002293,CUST01745,2025-07-17,Storage,High,Open,9.3
TKT002294,CUST00588,2026-01-21,Feature Request,Medium,Closed,67.95
TKT002295,CUST01570,2025-12-29,Billing,High,Closed,19.1
TKT002296,CUST00381,2026-01-08,Feature Request,High,Resolved,53.7
TKT002297,CUST00126,2025-12-11,Technical,Medium,Resolved,21.06
TKT002298,CUST00293,2026-04-18,Storage,Medium,Closed,26.28
TKT002299,CUST00352,2025-03-22,Feature Request,Low,Closed,28.9
TKT002300,CUST00548,2025-10-14,Account,Low,Closed,49.73
TKT002301,CUST01616,2026-02-24,Account,Medium,Closed,44.36
TKT002302,CUST01098,2025-07-26,Billing,High,Closed,58.66
TKT002303,CUST00248,2026-05-17,Feature Request,Medium,Closed,62.28
TKT002304,CUST01582,2026-05-05,Technical,High,Open,53.67
TKT002305,CUST01104,2025-08-23,Account,Medium,Resolved,71.32
TKT002306,CUST00603,2025-04-22,Storage,High,In Progress,18.51
TKT002307,CUST01834,2026-03-02,Storage,Medium,Closed,39.13
TKT002308,CUST01382,2025-07-21,Billing,Medium,Closed,57.5
TKT002309,CUST00228,2026-04-15,Technical,Low,In Progress,25.91
TKT002310,CUST00966,2025-11-05,Storage,Medium,In Progress,25.96
TKT002311,CUST01238,2025-12-09,Feature Request,Low,Closed,44.44
TKT002312,CUST01353,2025-10-19,Billing,Low,Resolved,59.27
TKT002313,CUST01544,2026-05-05,Storage,Low,Resolved,13.95
TKT002314,CUST00039,2025-09-20,Feature Request,Low,In Progress,41.3
TKT002315,CUST00332,2026-03-10,Storage,High,Resolved,67.57
TKT002316,CUST01612,2025-05-27,Storage,High,Closed,50.47
TKT002317,CUST01984,2025-07-02,Feature Request,Low,In Progress,63.97
TKT002318,CUST00305,2025-02-09,Storage,Low,In Progress,1.26
TKT002319,CUST01363,2026-05-01,Feature Request,High,In Progress,34.77
TKT002320,CUST01357,2025-10-09,Storage,Medium,In Progress,52.45
TKT002321,CUST00812,2026-04-14,Storage,Critical,Closed,16.52
TKT002322,CUST00347,2025-12-05,Account,Low,Resolved,47.95
TKT002323,CUST01690,2025-09-04,Storage,Low,In Progress,14.92
TKT002324,CUST00283,2025-05-10,Feature Request,Medium,In Progress,18.39
TKT002325,CUST00455,2025-06-09,Account,Low,Open,51.22
TKT002326,CUST00202,2026-08-19,Account,High,Closed,7.51
TKT002327,CUST00906,2025-02-26,Storage,High,Resolved,35.94
TKT002328,CUST01278,2026-06-19,Technical,Low,In Progress,38.35
TKT002329,CUST00797,2026-05-16,Storage,High,Closed,20.3
TKT002330,CUST01309,2025-06-27,Account,High,Resolved,67.07
TKT002331,CUST01596,2025-01-18,Account,Medium,Closed,67.76
TKT002332,CUST01690,2026-07-22,Storage,Medium,Closed,59.71
TKT002333,CUST01664,2025-06-21,Storage,High,Resolved,28.86
TKT002334,CUST01823,2026-03-16,Feature Request,Medium,Closed,37.58
TKT002335,CUST01072,2025-09-18,Billing,Low,In Progress,68.97
TKT002336,CUST01232,2025-09-19,Storage,Medium,Resolved,34.12
TKT002337,CUST00780,2025-04-21,Storage,High,Resolved,25.82
TKT002338,CUST00096,2025-04-03,Billing,Medium,In Progress,4.41
TKT002339,CUST00702,2025-01-05,Account,Medium,Closed,34.34
TKT002340,CUST00761,2025-06-12,Account,High,Resolved,59.92
TKT002341,CUST00830,2026-06-22,Account,High,Closed,68.45
TKT002342,CUST00217,2025-07-08,Billing,Low,In Progress,32.76
TKT002343,CUST01610,2025-01-11,Account,Low,Closed,30.39
TKT002344,CUST00826,2025-10-13,Account,Medium,Open,38.81
TKT002345,CUST00305,2026-02-05,Feature Request,Critical,Resolved,53.48
TKT002346,CUST00328,2025-12-22,Technical,Medium,Open,66.13
TKT002347,CUST01127,2025-07-10,Billing,Low,In Progress,38.89
TKT002348,CUST00850,2025-10-30,Storage,Medium,In Progress,18.19
TKT002349,CUST00973,2025-02-16,Account,Medium,Closed,8.44
TKT002350,CUST01841,2025-03-13,Feature Request,Medium,Resolved,45.32
TKT002351,CUST00711,2025-02-16,Storage,High,Open,64.61
TKT002352,CUST00842,2025-12-05,Account,Medium,In Progress,31.87
TKT002353,CUST01176,2025-05-12,Storage,Low,Resolved,63.66
TKT002354,CUST00084,2025-05-14,Billing,Low,Open,41.56
TKT002355,CUST00618,2025-11-21,Billing,Low,Resolved,38.53
TKT002356,CUST01257,2025-02-16,Account,Medium,Closed,22.32
TKT002357,CUST00350,2026-03-02,Account,Medium,Resolved,23.03
TKT002358,CUST00567,2025-06-11,Technical,High,Open,27.05
TKT002359,CUST01807,2026-04-06,Billing,High,Resolved,32.11
TKT002360,CUST00991,2026-07-30,Feature Request,Medium,In Progress,70.49
TKT002361,CUST01953,2026-05-23,Storage,Medium,Resolved,12.17
TKT002362,CUST00786,2025-06-25,Feature Request,Medium,Resolved,35.96
TKT002363,CUST00878,2025-02-15,Account,Medium,In Progress,71.03
TKT002364,CUST00315,2025-12-12,Technical,High,Closed,43.18
TKT002365,CUST00305,2025-10-21,Technical,High,Closed,38.79
TKT002366,CUST00359,2025-06-18,Technical,Medium,In Progress,24.31
TKT002367,CUST01398,2026-06-26,Account,Low,Open,49.0
TKT002368,CUST00143,2025-12-04,Account,Medium,Resolved,32.86
TKT002369,CUST00573,2026-06-28,Storage,Medium,Closed,18.63
TKT002370,CUST01483,2025-06-02,Technical,Low,Resolved,52.05
TKT002371,CUST00026,2025-10-22,Billing,Medium,Closed,33.53
TKT002372,CUST00506,2026-03-23,Billing,Low,Resolved,32.91
TKT002373,CUST00976,2026-08-09,Technical,Medium,Resolved,2.52
TKT002374,CUST00194,2025-09-13,Storage,Medium,Closed,64.88
TKT002375,CUST01498,2026-01-13,Account,High,Closed,49.64
TKT002376,CUST01173,2025-02-05,Billing,Low,Resolved,43.99
TKT002377,CUST00398,2025-07-11,Storage,Low,Open,18.49
TKT002378,CUST00392,2025-04-11,Feature Request,Medium,In Progress,13.0
TKT002379,CUST01193,2025-05-12,Technical,Low,In Progress,28.19
TKT002380,CUST00156,2026-03-22,Billing,Medium,Closed,33.24
TKT002381,CUST00349,2025-04-09,Storage,Medium,Closed,32.16
TKT002382,CUST00227,2025-12-04,Billing,Low,Closed,46.92
TKT002383,CUST00659,2026-05-04,Billing,Medium,In Progress,37.5
TKT002384,CUST00852,2025-07-01,Technical,Medium,Resolved,52.2
TKT002385,CUST01918,2025-10-20,Account,Medium,Closed,50.82
TKT002386,CUST00714,2025-05-13,Account,Medium,Closed,44.21
TKT002387,CUST00597,2026-01-28,Storage,Medium,Resolved,38.54
TKT002388,CUST01223,2026-03-08,Technical,Low,Closed,24.07
TKT002389,CUST00095,2025-04-24,Account,Low,Closed,22.85
TKT002390,CUST01901,2025-06-18,Storage,Medium,Closed,29.15
TKT002391,CUST00858,2026-04-23,Storage,Low,Resolved,59.36
TKT002392,CUST01829,2025-04-05,Storage,Medium,In Progress,34.33
TKT002393,CUST00535,2025-09-26,Billing,Medium,Closed,56.26
TKT002394,CUST00194,2026-04-10,Storage,Medium,Closed,61.03
TKT002395,CUST01214,2025-09-05,Feature Request,High,Open,15.91
TKT002396,CUST00462,2025-03-18,Feature Request,Low,Resolved,9.76
TKT002397,CUST00056,2025-08-29,Feature Request,Low,Closed,38.29
TKT002398,CUST00565,2025-11-23,Feature Request,Medium,Resolved,70.58
TKT002399,CUST01135,2025-01-05,Billing,Low,Resolved,2.34
TKT002400,CUST00366,2026-05-06,Feature Request,Medium,Resolved,11.6
TKT002401,CUST01636,2025-10-02,Technical,Low,Closed,13.79
TKT002402,CUST00271,2025-11-29,Storage,Low,In Progress,30.45
TKT002403,CUST01634,2025-08-30,Storage,Low,Resolved,62.19
TKT002404,CUST00630,2026-02-16,Storage,Medium,Closed,32.17
TKT002405,CUST00587,2025-08-23,Technical,High,Resolved,24.31
TKT002406,CUST00897,2025-09-27,Feature Request,High,Resolved,10.51
TKT002407,CUST00541,2025-01-11,Feature Request,High,Closed,60.06
TKT002408,CUST00767,2025-07-29,Billing,Medium,Resolved,67.0
TKT002409,CUST01067,2026-06-27,Billing,Low,Closed,3.66
TKT002410,CUST00979,2026-08-20,Billing,Low,Open,55.51
TKT002411,CUST00416,2026-01-20,Account,High,Resolved,29.26
TKT002412,CUST00825,2025-12-11,Billing,Critical,Open,26.58
TKT002413,CUST00386,2025-05-17,Storage,Critical,Resolved,9.06
TKT002414,CUST01450,2025-02-23,Feature Request,Medium,Closed,58.1
TKT002415,CUST01273,2025-10-26,Account,Critical,Resolved,69.39
TKT002416,CUST00291,2026-08-13,Account,High,Open,54.48
TKT002417,CUST00686,2025-06-23,Account,High,Resolved,29.98
TKT002418,CUST01703,2025-10-05,Billing,Medium,In Progress,64.4
TKT002419,CUST01616,2025-12-11,Technical,High,Resolved,1.35
TKT002420,CUST01587,2026-06-25,Account,High,Open,39.82
TKT002421,CUST00173,2025-12-21,Account,High,Closed,16.27
TKT002422,CUST00935,2026-03-21,Billing,Medium,Open,48.24
TKT002423,CUST01573,2026-06-26,Feature Request,Low,Closed,15.31
TKT002424,CUST00216,2026-06-03,Storage,Medium,Closed,42.38
TKT002425,CUST00759,2026-01-07,Feature Request,Medium,Resolved,25.82
TKT002426,CUST01801,2025-10-06,Feature Request,High,Resolved,32.41
TKT002427,CUST01920,2026-03-27,Account,Medium,Resolved,59.75
TKT002428,CUST00937,2025-05-24,Account,Medium,Open,38.32
TKT002429,CUST01400,2025-09-23,Feature Request,Medium,Closed,13.75
TKT002430,CUST01400,2026-04-15,Account,Medium,In Progress,1.75
TKT002431,CUST00562,2026-07-11,Account,Low,Resolved,44.2
TKT002432,CUST00561,2025-11-29,Storage,Medium,Resolved,64.48
TKT002433,CUST00522,2025-07-11,Storage,Medium,Closed,14.22
TKT002434,CUST01486,2026-02-12,Account,High,Closed,13.01
TKT002435,CUST01508,2025-09-08,Feature Request,High,Closed,12.24
TKT002436,CUST00220,2025-01-15,Account,Medium,Resolved,56.91
TKT002437,CUST01549,2026-04-20,Technical,Medium,In Progress,1.2
TKT002438,CUST01410,2025-04-27,Storage,Medium,In Progress,30.44
TKT002439,CUST01560,2026-02-05,Technical,High,Closed,21.63
TKT002440,CUST01602,2026-07-29,Feature Request,Low,Resolved,44.48
TKT002441,CUST00264,2026-08-01,Feature Request,Medium,Resolved,2.02
TKT002442,CUST01475,2026-04-30,Feature Request,Medium,Closed,23.92
TKT002443,CUST01006,2025-12-14,Billing,Critical,Resolved,10.24
TKT002444,CUST01650,2025-01-25,Technical,Medium,Resolved,33.45
TKT002445,CUST00643,2025-08-10,Billing,High,Resolved,57.52
TKT002446,CUST00682,2025-03-15,Account,Medium,Resolved,20.59
TKT002447,CUST00235,2026-03-30,Technical,Medium,Closed,52.77
TKT002448,CUST01830,2025-04-27,Storage,Medium,Closed,66.66
TKT002449,CUST00226,2026-07-08,Billing,Low,Closed,43.8
TKT002450,CUST01149,2026-04-25,Technical,Low,Resolved,8.57
TKT002451,CUST00378,2025-12-28,Technical,Medium,Open,62.54
TKT002452,CUST01912,2025-06-29,Feature Request,Low,Open,16.25
TKT002453,CUST01422,2025-07-20,Billing,Medium,Resolved,38.41
TKT002454,CUST01587,2025-05-25,Account,Low,In Progress,26.8
TKT002455,CUST01465,2025-11-09,Account,Low,Closed,5.82
TKT002456,CUST00214,2026-03-03,Storage,Medium,In Progress,5.45
TKT002457,CUST00585,2025-12-28,Account,Medium,Closed,9.98
TKT002458,CUST00017,2025-01-27,Account,Medium,Closed,20.18
TKT002459,CUST01939,2026-04-15,Feature Request,Medium,In Progress,45.27
TKT002460,CUST00123,2025-12-15,Feature Request,Low,Closed,50.39
TKT002461,CUST01983,2025-12-01,Account,Medium,Open,66.24
TKT002462,CUST01447,2026-03-07,Technical,High,Closed,49.46
TKT002463,CUST01187,2026-01-06,Feature Request,Medium,Closed,20.47
TKT002464,CUST00670,2025-07-13,Storage,Medium,Open,14.11
TKT002465,CUST00169,2025-01-18,Technical,Medium,Closed,40.31
TKT002466,CUST00220,2025-07-08,Technical,Low,Closed,71.84
TKT002467,CUST00870,2026-05-27,Billing,Critical,Resolved,48.56
TKT002468,CUST01815,2025-11-26,Feature Request,Critical,Resolved,48.79
TKT002469,CUST00628,2025-05-21,Account,Medium,Resolved,6.57
TKT002470,CUST01677,2026-04-06,Technical,High,Resolved,2.66
TKT002471,CUST01726,2026-01-14,Account,High,Closed,48.06
TKT002472,CUST01137,2025-06-10,Feature Request,High,Resolved,63.17
TKT002473,CUST00215,2025-10-20,Billing,Medium,Closed,64.2
TKT002474,CUST00371,2026-02-06,Storage,High,Resolved,5.26
TKT002475,CUST00337,2026-07-06,Storage,Low,In Progress,32.2
TKT002476,CUST01131,2025-02-19,Technical,Low,Resolved,60.58
TKT002477,CUST01086,2025-03-05,Storage,Medium,Resolved,54.62
TKT002478,CUST00249,2025-12-10,Storage,Medium,Closed,52.54
TKT002479,CUST01290,2025-05-13,Account,High,Resolved,27.69
TKT002480,CUST00119,2025-08-24,Feature Request,Low,Closed,32.19
TKT002481,CUST01346,2026-07-13,Storage,High,In Progress,29.46
TKT002482,CUST01272,2026-05-26,Storage,Medium,Closed,67.06
TKT002483,CUST00452,2026-06-03,Feature Request,Low,Resolved,62.02
TKT002484,CUST00875,2026-08-14,Technical,Low,Resolved,11.28
TKT002485,CUST01258,2026-04-14,Account,Medium,Open,31.23
TKT002486,CUST01707,2025-03-26,Technical,Critical,Closed,57.86
TKT002487,CUST01928,2025-01-10,Storage,Medium,In Progress,60.96
TKT002488,CUST00839,2026-01-07,Storage,Medium,Resolved,70.57
TKT002489,CUST00985,2025-01-27,Technical,Low,Resolved,39.88
TKT002490,CUST00371,2026-03-04,Account,Low,Resolved,6.33
TKT002491,CUST00368,2025-09-06,Technical,Medium,Closed,65.53
TKT002492,CUST00044,2025-08-21,Technical,Medium,Resolved,54.74
TKT002493,CUST00766,2025-07-12,Technical,Low,Resolved,2.13
TKT002494,CUST01513,2025-04-05,Storage,Low,Closed,62.82
TKT002495,CUST01725,2025-06-16,Billing,Low,Resolved,30.34
TKT002496,CUST01672,2026-07-16,Account,Low,In Progress,21.19
TKT002497,CUST01980,2026-08-22,Billing,Medium,Closed,62.19
TKT002498,CUST00312,2026-04-24,Technical,High,Resolved,40.7
TKT002499,CUST01902,2025-03-03,Feature Request,Low,Resolved,9.09
TKT002500,CUST00656,2025-07-11,Storage,Low,Resolved,53.27
TKT002501,CUST00353,2026-04-13,Feature Request,Medium,Resolved,3.29
TKT002502,CUST00542,2025-05-14,Feature Request,Medium,Resolved,60.23
TKT002503,CUST01128,2026-05-03,Technical,Medium,Resolved,26.49
TKT002504,CUST01557,2026-04-18,Technical,Medium,Closed,17.9
TKT002505,CUST01369,2025-10-29,Feature Request,Low,Closed,10.05
TKT002506,CUST01820,2025-06-25,Feature Request,Medium,Closed,46.7
TKT002507,CUST01926,2025-09-02,Feature Request,Medium,Closed,60.21
TKT002508,CUST01890,2026-04-07,Billing,High,In Progress,40.13
TKT002509,CUST00304,2025-12-15,Storage,Medium,Closed,30.36
TKT002510,CUST00305,2025-09-30,Technical,Medium,Open,43.56
TKT002511,CUST00742,2026-03-07,Account,Medium,Closed,11.38
TKT002512,CUST01484,2026-04-07,Billing,Low,Closed,43.66
TKT002513,CUST01416,2025-04-12,Account,Medium,Closed,57.63
TKT002514,CUST01509,2025-05-27,Storage,High,Resolved,57.8
TKT002515,CUST00989,2025-12-02,Feature Request,Low,Closed,33.02
TKT002516,CUST01955,2025-04-22,Account,Low,Resolved,66.0
TKT002517,CUST00235,2025-08-18,Storage,Medium,Closed,48.61
TKT002518,CUST01482,2026-02-18,Technical,Low,Resolved,54.19
TKT002519,CUST01352,2025-02-26,Storage,Medium,Closed,40.0
TKT002520,CUST01056,2025-02-02,Storage,Medium,In Progress,19.64
TKT002521,CUST01678,2025-10-08,Storage,Low,Closed,3.77
TKT002522,CUST00069,2026-08-13,Technical,High,Open,46.39
TKT002523,CUST01182,2026-06-07,Feature Request,Medium,Closed,6.25
TKT002524,CUST01949,2025-01-26,Billing,Medium,Resolved,37.94
TKT002525,CUST01965,2026-06-16,Feature Request,Medium,Closed,59.38
TKT002526,CUST00503,2025-11-29,Technical,High,Resolved,8.37
TKT002527,CUST01589,2026-01-18,Technical,Medium,Resolved,60.98
TKT002528,CUST00861,2026-08-27,Billing,Medium,In Progress,32.92
TKT002529,CUST01146,2025-09-10,Storage,Low,In Progress,27.64
TKT002530,CUST01230,2025-06-28,Billing,Low,In Progress,13.25
TKT002531,CUST01752,2025-01-19,Account,Low,Resolved,8.99
TKT002532,CUST00108,2026-05-09,Storage,Low,In Progress,15.31
TKT002533,CUST00078,2026-08-28,Account,Medium,Resolved,34.47
TKT002534,CUST00801,2025-10-06,Account,Medium,Resolved,54.04
TKT002535,CUST00968,2025-10-24,Storage,Low,Closed,42.89
TKT002536,CUST00125,2026-06-27,Storage,High,Open,39.08
TKT002537,CUST00367,2025-05-25,Technical,Medium,Resolved,40.49
TKT002538,CUST00441,2025-01-26,Technical,Low,Resolved,14.72
TKT002539,CUST01022,2026-05-26,Storage,Medium,Resolved,49.39
TKT002540,CUST00105,2025-06-21,Feature Request,Low,Closed,60.1
TKT002541,CUST00808,2025-05-16,Feature Request,Low,Resolved,14.04
TKT002542,CUST01307,2025-05-07,Technical,Low,Open,34.73
TKT002543,CUST00668,2026-05-20,Account,Medium,Resolved,22.03
TKT002544,CUST00449,2026-07-08,Technical,Medium,In Progress,21.5
TKT002545,CUST01340,2025-11-22,Technical,Low,Resolved,28.72
TKT002546,CUST01023,2025-03-31,Storage,High,Open,17.35
TKT002547,CUST01038,2026-03-08,Technical,Low,Closed,10.22
TKT002548,CUST00312,2025-07-18,Storage,Medium,In Progress,24.36
TKT002549,CUST00316,2025-08-30,Billing,Low,Closed,10.09
TKT002550,CUST01929,2026-08-28,Technical,Medium,Closed,21.86
TKT002551,CUST00295,2026-08-26,Account,Low,Resolved,63.79
TKT002552,CUST00389,2026-03-16,Billing,Medium,Closed,51.92
TKT002553,CUST00072,2025-04-27,Account,High,Resolved,61.75
TKT002554,CUST01078,2025-05-02,Account,Low,Resolved,65.58
TKT002555,CUST01235,2025-11-01,Billing,Medium,Resolved,66.92
TKT002556,CUST00199,2025-12-26,Technical,Medium,In Progress,42.12
TKT002557,CUST00101,2025-11-10,Feature Request,High,Closed,28.45
TKT002558,CUST00112,2026-01-31,Account,Medium,Closed,64.54
TKT002559,CUST01370,2026-04-16,Storage,Medium,Resolved,11.37
TKT002560,CUST01711,2026-03-22,Feature Request,Medium,Closed,29.52
TKT002561,CUST00953,2026-06-26,Technical,Low,Closed,22.57
TKT002562,CUST00827,2026-02-18,Account,High,Resolved,26.02
TKT002563,CUST01543,2025-09-18,Storage,High,Resolved,30.67
TKT002564,CUST00971,2025-12-14,Billing,Low,Resolved,58.91
TKT002565,CUST01572,2026-08-04,Storage,Medium,Closed,14.82
TKT002566,CUST00567,2025-11-21,Technical,High,Resolved,60.46
TKT002567,CUST00862,2025-02-19,Storage,Medium,Closed,45.11
TKT002568,CUST00299,2026-08-01,Billing,Low,Closed,31.96
TKT002569,CUST00344,2025-09-04,Technical,Low,Closed,71.75
TKT002570,CUST00522,2025-08-14,Storage,Low,Resolved,36.41
TKT002571,CUST01661,2025-01-04,Feature Request,Low,In Progress,41.21
TKT002572,CUST00663,2025-10-29,Storage,High,Open,68.58
TKT002573,CUST00169,2025-02-11,Feature Request,Medium,Resolved,21.53
TKT002574,CUST01193,2026-04-16,Billing,Medium,Closed,3.34
TKT002575,CUST01124,2026-04-27,Billing,Low,In Progress,63.5
TKT002576,CUST01560,2025-09-25,Account,Medium,In Progress,68.33
TKT002577,CUST00473,2025-09-24,Storage,Low,In Progress,42.9
TKT002578,CUST01137,2025-01-26,Billing,Low,Resolved,12.71
TKT002579,CUST01711,2026-05-09,Technical,Low,Open,30.54
TKT002580,CUST01409,2026-06-03,Feature Request,High,Resolved,33.22
TKT002581,CUST00469,2025-05-05,Storage,Medium,Resolved,9.24
TKT002582,CUST00645,2025-02-14,Feature Request,High,Closed,18.85
TKT002583,CUST00194,2026-01-20,Billing,Medium,Closed,69.12
TKT002584,CUST01148,2026-06-26,Feature Request,High,Closed,69.48
TKT002585,CUST00862,2025-12-23,Feature Request,Low,Resolved,38.96
TKT002586,CUST01545,2026-05-23,Feature Request,High,Closed,33.91
TKT002587,CUST01408,2025-05-27,Feature Request,Medium,Closed,39.0
TKT002588,CUST00357,2026-07-12,Account,Medium,Resolved,9.93
TKT002589,CUST01764,2026-04-06,Storage,Medium,Closed,46.55
TKT002590,CUST00853,2026-03-19,Technical,High,Open,62.4
TKT002591,CUST01570,2026-06-22,Technical,High,In Progress,28.86
TKT002592,CUST00820,2025-11-11,Storage,Medium,Resolved,12.67
TKT002593,CUST01368,2026-01-12,Billing,High,Closed,53.03
TKT002594,CUST01121,2025-05-27,Feature Request,Medium,Closed,5.08
TKT002595,CUST01021,2026-02-09,Technical,High,Closed,33.08
TKT002596,CUST01665,2025-10-09,Billing,Medium,Resolved,66.43
TKT002597,CUST01928,2025-10-25,Billing,Low,In Progress,6.74
TKT002598,CUST00041,2026-02-05,Billing,Medium,Closed,60.2
TKT002599,CUST00652,2025-01-17,Storage,Medium,Resolved,30.11
TKT002600,CUST01026,2025-02-10,Account,Medium,Open,13.31
TKT002601,CUST00871,2025-06-30,Storage,Low,Open,32.28
TKT002602,CUST00122,2026-03-24,Technical,Medium,Closed,23.78
TKT002603,CUST00457,2025-01-02,Account,Low,Closed,15.78
TKT002604,CUST00170,2026-07-04,Feature Request,Medium,Resolved,65.15
TKT002605,CUST01506,2025-03-13,Storage,Low,Closed,28.9
TKT002606,CUST01222,2025-09-01,Feature Request,Low,Resolved,20.65
TKT002607,CUST00385,2025-03-17,Technical,Medium,Resolved,35.7
TKT002608,CUST00983,2026-06-05,Technical,Medium,Closed,2.68
TKT002609,CUST01700,2026-02-12,Feature Request,Medium,Closed,8.77
TKT002610,CUST00550,2026-01-02,Account,Medium,In Progress,15.43
TKT002611,CUST01169,2025-06-06,Feature Request,Low,Resolved,67.05
TKT002612,CUST00187,2025-03-12,Technical,Medium,Closed,64.52
TKT002613,CUST00374,2025-03-18,Account,Low,Closed,44.5
TKT002614,CUST01753,2025-02-06,Technical,Medium,Resolved,48.61
TKT002615,CUST01539,2025-07-01,Billing,High,Open,7.77
TKT002616,CUST00471,2025-04-29,Technical,Critical,Open,16.58
TKT002617,CUST01745,2025-01-24,Feature Request,Medium,Resolved,60.15
TKT002618,CUST01680,2026-06-01,Feature Request,Medium,Resolved,69.91
TKT002619,CUST01375,2025-03-11,Billing,Medium,Resolved,51.19
TKT002620,CUST01222,2026-08-28,Technical,Medium,In Progress,37.85
TKT002621,CUST00723,2025-02-06,Feature Request,High,Closed,5.43
TKT002622,CUST01746,2025-11-06,Technical,High,Resolved,2.17
TKT002623,CUST01277,2025-06-15,Technical,Low,Closed,57.77
TKT002624,CUST01058,2025-06-30,Storage,Low,Closed,17.17
TKT002625,CUST00162,2025-09-08,Billing,High,Resolved,22.26
TKT002626,CUST01382,2025-04-17,Feature Request,Medium,Closed,18.08
TKT002627,CUST00936,2026-01-08,Account,High,Closed,8.76
TKT002628,CUST01657,2026-04-17,Technical,Medium,Resolved,60.36
TKT002629,CUST01059,2026-04-29,Storage,High,Closed,38.77
TKT002630,CUST01642,2025-09-04,Billing,Low,Resolved,15.35
TKT002631,CUST01604,2026-04-09,Storage,Low,Resolved,30.2
TKT002632,CUST00745,2026-05-04,Billing,Medium,Resolved,59.04
TKT002633,CUST01177,2025-01-11,Billing,Low,In Progress,17.31
TKT002634,CUST00086,2026-05-30,Storage,Critical,Closed,7.06
TKT002635,CUST00913,2025-10-18,Storage,Medium,Closed,66.7
TKT002636,CUST00475,2025-12-22,Feature Request,Low,Resolved,37.01
TKT002637,CUST00748,2025-08-05,Technical,High,Resolved,53.14
TKT002638,CUST01549,2025-01-02,Account,High,Resolved,59.97
TKT002639,CUST00651,2025-01-25,Feature Request,High,Resolved,26.73
TKT002640,CUST01819,2026-03-09,Feature Request,Low,Open,21.88
TKT002641,CUST01842,2026-07-30,Storage,Critical,Closed,55.34
TKT002642,CUST00438,2026-06-01,Billing,Low,Closed,17.35
TKT002643,CUST01105,2025-06-10,Billing,Medium,Resolved,55.67
TKT002644,CUST01903,2025-06-03,Account,Medium,Closed,31.69
TKT002645,CUST00853,2025-06-29,Technical,High,Closed,45.06
TKT002646,CUST00991,2025-08-27,Feature Request,Low,In Progress,17.04
TKT002647,CUST00268,2025-04-26,Account,High,Closed,53.14
TKT002648,CUST01375,2025-04-09,Billing,Low,Closed,53.89
TKT002649,CUST01123,2025-04-04,Feature Request,Critical,Resolved,16.35
TKT002650,CUST01169,2026-03-14,Storage,Critical,Open,19.63
TKT002651,CUST01563,2025-06-10,Feature Request,Medium,Open,23.18
TKT002652,CUST00309,2025-05-14,Feature Request,High,Resolved,31.56
TKT002653,CUST00327,2025-08-19,Technical,High,Closed,10.25
TKT002654,CUST01952,2025-11-27,Account,Medium,Open,26.13
TKT002655,CUST01839,2025-03-12,Technical,Medium,Resolved,38.85
TKT002656,CUST01286,2025-12-11,Storage,High,Closed,11.92
TKT002657,CUST00097,2025-06-29,Technical,Medium,Resolved,50.97
TKT002658,CUST00426,2025-11-16,Technical,Medium,Closed,8.09
TKT002659,CUST00241,2025-10-05,Storage,Low,Resolved,9.69
TKT002660,CUST00100,2025-04-16,Feature Request,Medium,In Progress,2.29
TKT002661,CUST00950,2025-07-12,Account,Low,Resolved,15.56
TKT002662,CUST00630,2025-12-07,Billing,Low,Resolved,64.59
TKT002663,CUST01217,2025-06-11,Account,Medium,Resolved,2.69
TKT002664,CUST01170,2026-08-27,Feature Request,Medium,Resolved,44.2
TKT002665,CUST01093,2025-05-06,Account,Medium,Resolved,64.08
TKT002666,CUST01472,2026-02-23,Billing,Low,Closed,52.34
TKT002667,CUST00764,2025-11-17,Technical,High,Open,10.87
TKT002668,CUST01309,2026-07-04,Storage,Low,Resolved,70.48
TKT002669,CUST01997,2026-02-05,Storage,High,Closed,36.11
TKT002670,CUST01952,2026-02-18,Billing,High,Open,40.63
TKT002671,CUST01962,2025-05-11,Account,Medium,Resolved,42.65
TKT002672,CUST00078,2025-08-09,Storage,Medium,In Progress,30.87
TKT002673,CUST00762,2026-05-19,Technical,Medium,Closed,40.64
TKT002674,CUST00150,2025-06-04,Account,Medium,In Progress,56.72
TKT002675,CUST00081,2026-03-23,Technical,Medium,Resolved,10.94
TKT002676,CUST00544,2025-01-16,Billing,Medium,Closed,59.46
TKT002677,CUST01384,2025-11-26,Account,High,In Progress,19.42
TKT002678,CUST01840,2025-10-15,Storage,Low,Closed,18.1
TKT002679,CUST01300,2025-11-26,Billing,Low,In Progress,71.84
TKT002680,CUST01289,2026-01-29,Account,Critical,In Progress,30.49
TKT002681,CUST01257,2026-03-20,Billing,High,Resolved,37.06
TKT002682,CUST01780,2025-09-02,Account,Low,Closed,51.2
TKT002683,CUST01143,2025-06-29,Technical,Medium,In Progress,15.56
TKT002684,CUST00631,2026-03-28,Storage,Low,In Progress,30.47
TKT002685,CUST00376,2025-05-25,Storage,Low,In Progress,1.55
TKT002686,CUST00626,2026-07-17,Billing,Medium,Closed,21.55
TKT002687,CUST01793,2026-06-24,Feature Request,Critical,Closed,34.1
TKT002688,CUST01481,2025-04-24,Technical,Medium,In Progress,27.19
TKT002689,CUST01920,2026-07-14,Technical,Critical,In Progress,17.14
TKT002690,CUST01798,2025-12-15,Account,Medium,Resolved,12.58
TKT002691,CUST00462,2025-09-16,Feature Request,Medium,Resolved,33.7
TKT002692,CUST01421,2025-09-27,Feature Request,Medium,Closed,31.69
TKT002693,CUST01635,2025-08-11,Feature Request,Low,Resolved,59.91
TKT002694,CUST00519,2025-04-06,Technical,Low,Resolved,36.53
TKT002695,CUST00303,2025-03-24,Account,Low,In Progress,34.77
TKT002696,CUST00422,2026-06-12,Billing,High,Resolved,27.54
TKT002697,CUST01516,2026-05-02,Billing,Low,Resolved,2.75
TKT002698,CUST00073,2025-05-14,Storage,High,Resolved,29.5
TKT002699,CUST00246,2026-05-17,Feature Request,High,Resolved,15.79
TKT002700,CUST00058,2025-09-01,Technical,High,In Progress,49.2
TKT002701,CUST01334,2025-04-21,Feature Request,Medium,Closed,31.88
TKT002702,CUST00251,2025-02-21,Storage,Low,Closed,60.53
TKT002703,CUST01890,2026-03-01,Storage,Medium,Closed,56.23
TKT002704,CUST01345,2026-01-10,Account,High,Closed,59.72
TKT002705,CUST01423,2025-03-04,Feature Request,Low,Closed,18.43
TKT002706,CUST00167,2026-03-13,Storage,Medium,Resolved,34.03
TKT002707,CUST01474,2026-04-09,Feature Request,Critical,Resolved,65.52
TKT002708,CUST00314,2025-04-19,Technical,Critical,Closed,16.12
TKT002709,CUST00139,2025-06-15,Technical,Medium,Resolved,26.98
TKT002710,CUST01152,2025-08-11,Storage,Medium,Resolved,41.12
TKT002711,CUST01445,2026-07-01,Feature Request,Medium,Open,42.7
TKT002712,CUST01212,2025-11-12,Storage,Medium,Resolved,31.45
TKT002713,CUST00777,2025-12-18,Technical,Critical,Closed,34.0
TKT002714,CUST01674,2026-05-13,Billing,Critical,In Progress,28.8
TKT002715,CUST00113,2025-08-12,Technical,Low,Closed,27.75
TKT002716,CUST00189,2025-11-13,Technical,Medium,Resolved,62.73
TKT002717,CUST01837,2026-03-02,Storage,High,Resolved,15.34
TKT002718,CUST00374,2025-03-31,Storage,Medium,Resolved,37.92
TKT002719,CUST00089,2026-03-08,Storage,Low,Resolved,42.49
TKT002720,CUST01991,2025-01-09,Feature Request,Low,Closed,21.48
TKT002721,CUST01199,2026-03-21,Billing,Medium,In Progress,3.76
TKT002722,CUST01479,2026-07-30,Storage,High,In Progress,17.24
TKT002723,CUST00033,2025-08-11,Technical,Critical,Resolved,41.81
TKT002724,CUST00233,2026-07-05,Storage,Medium,Resolved,17.88
TKT002725,CUST00534,2026-02-07,Technical,Medium,In Progress,64.57
TKT002726,CUST00879,2025-07-22,Technical,High,Resolved,16.01
TKT002727,CUST00569,2025-03-11,Feature Request,High,Closed,32.16
TKT002728,CUST00589,2025-11-15,Storage,High,Closed,4.3
TKT002729,CUST00998,2025-04-03,Feature Request,Medium,Resolved,63.01
TKT002730,CUST00328,2025-11-18,Storage,Medium,Closed,44.97
TKT002731,CUST01300,2026-03-15,Storage,Medium,Resolved,36.54
TKT002732,CUST00951,2025-04-11,Storage,Low,Resolved,18.89
TKT002733,CUST00058,2025-10-13,Billing,High,Closed,13.9
TKT002734,CUST00557,2025-03-30,Billing,Low,In Progress,43.17
TKT002735,CUST01167,2026-05-04,Technical,Low,Closed,55.28
TKT002736,CUST00411,2025-06-23,Technical,Low,Closed,32.58
TKT002737,CUST00300,2026-07-15,Billing,Low,Open,37.25
TKT002738,CUST00462,2025-07-23,Feature Request,Medium,Resolved,9.8
TKT002739,CUST00886,2025-04-16,Account,Low,Closed,15.83
TKT002740,CUST01977,2025-04-06,Billing,Medium,Closed,27.12
TKT002741,CUST01345,2025-08-25,Billing,Low,Resolved,55.76
TKT002742,CUST00254,2026-03-26,Account,Low,Open,5.53
TKT002743,CUST01217,2026-02-12,Storage,Low,Open,62.05
TKT002744,CUST00709,2025-12-03,Feature Request,High,In Progress,29.38
TKT002745,CUST01697,2026-01-27,Billing,Low,Closed,56.35
TKT002746,CUST01454,2026-03-13,Technical,Medium,Resolved,22.31
TKT002747,CUST01549,2025-07-05,Storage,Low,Resolved,62.58
TKT002748,CUST01706,2026-01-14,Billing,High,Resolved,26.01
TKT002749,CUST00832,2026-05-02,Storage,High,Open,57.28
TKT002750,CUST00347,2025-04-22,Technical,Medium,Resolved,6.35
TKT002751,CUST00730,2025-01-04,Technical,Medium,Resolved,20.39
TKT002752,CUST01878,2025-04-20,Storage,Medium,Closed,71.41
TKT002753,CUST01929,2026-01-08,Account,Low,Resolved,8.19
TKT002754,CUST00882,2025-03-18,Account,Low,Closed,57.89
TKT002755,CUST00970,2026-01-04,Storage,Low,Resolved,33.57
TKT002756,CUST01283,2026-04-23,Storage,Medium,Open,47.12
TKT002757,CUST00820,2026-05-10,Storage,Medium,Closed,68.34
TKT002758,CUST00847,2026-03-16,Account,Critical,In Progress,11.89
TKT002759,CUST00551,2025-02-16,Billing,High,Resolved,27.75
TKT002760,CUST00219,2026-01-13,Storage,Low,Resolved,29.1
TKT002761,CUST01775,2025-05-05,Technical,Low,In Progress,71.36
TKT002762,CUST01038,2026-05-27,Billing,Low,Closed,15.13
TKT002763,CUST00553,2026-08-26,Billing,Low,Resolved,63.96
TKT002764,CUST01922,2025-10-07,Technical,Medium,Resolved,30.18
TKT002765,CUST01467,2025-10-16,Account,Medium,Closed,70.15
TKT002766,CUST01916,2025-03-16,Billing,High,Closed,2.42
TKT002767,CUST01267,2025-10-24,Technical,Medium,Resolved,68.11
TKT002768,CUST00581,2026-07-31,Feature Request,High,Closed,21.8
TKT002769,CUST00684,2025-03-10,Billing,Low,In Progress,6.58
TKT002770,CUST00655,2025-07-16,Feature Request,Low,Resolved,30.18
TKT002771,CUST01841,2025-02-16,Feature Request,Low,Resolved,50.08
TKT002772,CUST01126,2025-10-25,Technical,Medium,Resolved,27.07
TKT002773,CUST01860,2025-04-08,Billing,Critical,Resolved,70.85
TKT002774,CUST00016,2025-08-26,Account,High,Resolved,42.98
TKT002775,CUST00791,2025-04-14,Account,Medium,Open,48.82
TKT002776,CUST01142,2026-04-09,Billing,High,Resolved,22.78
TKT002777,CUST00443,2026-06-22,Storage,Critical,Closed,67.13
TKT002778,CUST01440,2025-07-19,Billing,Medium,Open,27.26
TKT002779,CUST01569,2026-06-15,Billing,High,Closed,35.87
TKT002780,CUST01317,2026-03-18,Billing,Medium,Open,58.41
TKT002781,CUST00378,2025-02-28,Feature Request,Medium,In Progress,24.28
TKT002782,CUST01819,2025-03-09,Billing,Medium,In Progress,12.59
TKT002783,CUST00107,2026-01-12,Feature Request,High,Closed,71.0
TKT002784,CUST01894,2025-09-26,Billing,High,Closed,19.25
TKT002785,CUST01275,2026-01-18,Billing,Medium,Resolved,4.53
TKT002786,CUST01322,2026-07-19,Technical,Low,Resolved,37.0
TKT002787,CUST01984,2026-06-13,Storage,High,Resolved,3.86
TKT002788,CUST01822,2026-07-26,Storage,Medium,Resolved,8.94
TKT002789,CUST01733,2025-12-20,Technical,Low,In Progress,14.82
TKT002790,CUST00843,2025-07-07,Account,Low,Resolved,42.27
TKT002791,CUST00903,2025-11-09,Account,Medium,Open,13.59
TKT002792,CUST00429,2025-12-24,Feature Request,Medium,Resolved,14.02
TKT002793,CUST00669,2025-08-28,Feature Request,High,Resolved,29.87
TKT002794,CUST01409,2025-11-27,Technical,Low,Closed,46.8
TKT002795,CUST00084,2025-12-29,Feature Request,High,Closed,23.16
TKT002796,CUST00959,2025-10-02,Storage,High,Resolved,27.94
TKT002797,CUST00623,2026-04-16,Account,High,In Progress,58.48
TKT002798,CUST01174,2025-06-22,Storage,Critical,Resolved,49.37
TKT002799,CUST01667,2025-10-23,Account,High,Resolved,21.61
TKT002800,CUST01467,2025-03-24,Billing,Medium,Open,71.15
TKT002801,CUST01334,2025-06-12,Billing,High,Closed,14.21
TKT002802,CUST00055,2025-01-27,Feature Request,Medium,Closed,47.39
TKT002803,CUST01989,2025-04-01,Billing,Low,Resolved,61.06
TKT002804,CUST00628,2025-07-31,Storage,Low,In Progress,10.89
TKT002805,CUST00219,2026-08-20,Feature Request,Medium,Resolved,41.38
TKT002806,CUST00480,2026-07-14,Feature Request,Low,Closed,59.5
TKT002807,CUST00679,2026-06-08,Account,Medium,In Progress,66.87
TKT002808,CUST01416,2026-01-19,Technical,Medium,Closed,29.84
TKT002809,CUST01418,2025-10-07,Technical,High,Resolved,37.05
TKT002810,CUST01408,2026-03-17,Feature Request,Low,Closed,61.21
TKT002811,CUST01683,2025-04-13,Feature Request,Low,Resolved,34.09
TKT002812,CUST01663,2025-04-24,Billing,Low,Closed,42.29
TKT002813,CUST01057,2026-03-23,Feature Request,High,Closed,50.24
TKT002814,CUST00486,2025-03-14,Billing,Medium,Resolved,59.03
TKT002815,CUST00249,2025-11-05,Storage,High,Closed,11.03
TKT002816,CUST01323,2026-02-28,Account,Medium,Resolved,62.72
TKT002817,CUST01455,2025-05-04,Billing,High,In Progress,31.42
TKT002818,CUST01031,2025-05-25,Account,High,In Progress,20.45
TKT002819,CUST01347,2026-05-12,Storage,Low,Closed,69.21
TKT002820,CUST00136,2025-11-30,Account,Medium,Resolved,16.44
TKT002821,CUST01354,2025-09-15,Billing,Medium,Resolved,48.19
TKT002822,CUST00489,2026-06-17,Technical,Medium,Resolved,55.27
TKT002823,CUST00992,2025-07-15,Feature Request,Medium,Resolved,20.41
TKT002824,CUST01121,2025-06-25,Account,Low,Open,28.42
TKT002825,CUST00982,2025-01-03,Billing,Medium,Resolved,33.43
TKT002826,CUST01912,2026-02-26,Technical,Low,In Progress,61.77
TKT002827,CUST01439,2025-01-28,Storage,Low,In Progress,27.38
TKT002828,CUST00559,2026-05-03,Billing,Low,Closed,68.38
TKT002829,CUST00930,2025-12-08,Feature Request,High,Closed,18.15
TKT002830,CUST00340,2026-03-30,Technical,Medium,Closed,57.2
TKT002831,CUST00013,2026-02-10,Billing,Medium,Resolved,21.05
TKT002832,CUST01058,2025-02-12,Billing,Medium,In Progress,33.72
TKT002833,CUST01799,2026-01-02,Feature Request,Medium,Resolved,26.71
TKT002834,CUST01980,2025-01-12,Feature Request,Low,Resolved,69.23
TKT002835,CUST00495,2026-08-25,Feature Request,Low,Closed,16.33
TKT002836,CUST01292,2025-09-26,Account,High,Resolved,56.37
TKT002837,CUST00507,2025-12-11,Technical,Low,In Progress,18.19
TKT002838,CUST01634,2026-07-13,Technical,Medium,Resolved,49.8
TKT002839,CUST00828,2025-04-15,Account,Medium,Resolved,25.17
TKT002840,CUST00125,2025-01-10,Billing,Low,Closed,41.84
TKT002841,CUST01305,2025-05-07,Storage,Low,Resolved,39.52
TKT002842,CUST00643,2025-09-23,Feature Request,Medium,Resolved,70.6
TKT002843,CUST00936,2026-01-15,Billing,Low,Resolved,15.88
TKT002844,CUST01730,2025-12-15,Technical,Medium,In Progress,23.33
TKT002845,CUST00551,2026-05-18,Technical,Medium,Resolved,17.74
TKT002846,CUST01122,2025-05-15,Storage,Critical,Resolved,39.41
TKT002847,CUST01107,2025-06-21,Account,Low,Closed,39.66
TKT002848,CUST00968,2025-07-28,Technical,Low,Resolved,55.21
TKT002849,CUST00669,2025-05-14,Billing,Critical,Resolved,59.64
TKT002850,CUST00233,2025-01-28,Storage,Low,Resolved,52.31
TKT002851,CUST00588,2025-04-21,Storage,Medium,Resolved,37.61
TKT002852,CUST00076,2025-07-14,Feature Request,Medium,Resolved,55.35
TKT002853,CUST01628,2026-03-26,Technical,High,Resolved,14.99
TKT002854,CUST00088,2026-02-28,Feature Request,Critical,Closed,2.48
TKT002855,CUST01739,2025-04-25,Feature Request,Medium,Closed,39.67
TKT002856,CUST01649,2026-08-25,Billing,Medium,Resolved,22.5
TKT002857,CUST00987,2025-12-07,Technical,Low,Resolved,19.93
TKT002858,CUST01250,2026-07-27,Billing,Medium,Resolved,41.9
TKT002859,CUST01196,2026-05-14,Technical,High,Resolved,12.48
TKT002860,CUST01722,2025-08-20,Feature Request,Low,In Progress,22.86
TKT002861,CUST01405,2025-02-03,Billing,Medium,Closed,10.62
TKT002862,CUST01540,2026-02-16,Account,High,Resolved,15.27
TKT002863,CUST01630,2025-01-14,Storage,Low,Closed,66.87
TKT002864,CUST00114,2026-05-17,Storage,High,Resolved,67.71
TKT002865,CUST00144,2026-02-07,Account,Critical,Resolved,13.36
TKT002866,CUST01134,2025-01-28,Account,High,Resolved,27.71
TKT002867,CUST00931,2026-03-22,Account,Low,Resolved,64.47
TKT002868,CUST01959,2026-01-05,Billing,High,Resolved,4.15
TKT002869,CUST01546,2025-06-21,Technical,Critical,Closed,24.25
TKT002870,CUST01364,2026-05-11,Account,Medium,Closed,44.83
TKT002871,CUST00304,2026-06-20,Account,Low,Resolved,39.45
TKT002872,CUST00006,2025-04-20,Storage,Medium,Closed,16.88
TKT002873,CUST00147,2026-07-29,Account,Critical,Resolved,35.25
TKT002874,CUST01630,2026-05-07,Account,Medium,Resolved,43.4
TKT002875,CUST01131,2025-04-05,Storage,High,In Progress,24.15
TKT002876,CUST01234,2026-02-14,Account,Low,Open,61.66
TKT002877,CUST01599,2026-07-09,Billing,Medium,Closed,62.51
TKT002878,CUST01590,2026-08-05,Technical,Critical,Resolved,43.97
TKT002879,CUST01237,2026-06-01,Billing,Medium,In Progress,56.25
TKT002880,CUST01402,2026-06-30,Storage,Low,Closed,55.89
TKT002881,CUST00412,2026-05-15,Account,Low,Resolved,33.6
TKT002882,CUST01783,2025-12-26,Feature Request,Medium,Closed,64.89
TKT002883,CUST01877,2026-06-28,Storage,Critical,In Progress,64.69
TKT002884,CUST00584,2026-08-09,Feature Request,High,Closed,56.79
TKT002885,CUST00126,2025-07-01,Billing,Medium,Resolved,20.07
TKT002886,CUST00333,2025-06-27,Account,Critical,Resolved,37.7
TKT002887,CUST01675,2026-04-19,Storage,Low,Resolved,33.0
TKT002888,CUST00082,2026-07-31,Account,Low,Resolved,35.69
TKT002889,CUST00554,2026-04-20,Storage,Medium,Resolved,36.02
TKT002890,CUST00897,2025-12-18,Technical,Low,Resolved,66.87
TKT002891,CUST01233,2025-10-28,Feature Request,Medium,Open,40.41
TKT002892,CUST01495,2025-09-13,Technical,High,Closed,69.36
TKT002893,CUST00372,2025-05-28,Storage,Medium,Resolved,68.85
TKT002894,CUST00695,2026-05-20,Technical,High,In Progress,32.61
TKT002895,CUST01706,2025-01-18,Billing,High,Resolved,28.33
TKT002896,CUST01418,2025-09-10,Storage,High,In Progress,58.48
TKT002897,CUST01705,2025-11-08,Technical,Medium,Open,62.93
TKT002898,CUST01773,2025-08-09,Account,High,Open,63.35
TKT002899,CUST01245,2025-07-22,Account,Medium,Closed,21.56
TKT002900,CUST01966,2025-09-19,Storage,Medium,Closed,12.85
TKT002901,CUST01163,2026-08-30,Account,Medium,Resolved,66.85
TKT002902,CUST00267,2025-12-29,Technical,Medium,Resolved,57.51
TKT002903,CUST01412,2025-08-21,Account,Critical,Resolved,18.69
TKT002904,CUST01514,2025-04-17,Billing,Low,Closed,16.99
TKT002905,CUST00271,2025-07-12,Billing,Medium,Open,22.66
TKT002906,CUST00519,2025-02-05,Technical,Medium,Resolved,65.81
TKT002907,CUST01092,2026-04-30,Billing,Low,In Progress,33.97
TKT002908,CUST00222,2025-09-03,Technical,Medium,Closed,13.81
TKT002909,CUST01271,2025-07-15,Technical,High,Resolved,69.81
TKT002910,CUST01638,2025-11-12,Storage,Low,Resolved,69.04
TKT002911,CUST00282,2025-10-10,Storage,Medium,Closed,9.41
TKT002912,CUST00451,2026-07-26,Technical,Low,Closed,40.73
TKT002913,CUST01126,2025-02-16,Feature Request,Medium,Resolved,28.05
TKT002914,CUST00546,2025-03-13,Billing,High,Resolved,20.43
TKT002915,CUST01532,2025-09-08,Feature Request,Low,Resolved,33.7
TKT002916,CUST01438,2025-03-29,Feature Request,Medium,Resolved,20.87
TKT002917,CUST01062,2026-02-18,Technical,Low,Closed,7.14
TKT002918,CUST00715,2026-02-07,Technical,Low,Resolved,68.68
TKT002919,CUST01768,2026-02-11,Feature Request,Medium,Resolved,60.47
TKT002920,CUST01480,2025-07-26,Billing,Medium,Resolved,45.7
TKT002921,CUST00287,2025-04-18,Account,Low,Resolved,30.71
TKT002922,CUST01352,2025-03-20,Feature Request,Medium,Resolved,9.48
TKT002923,CUST01701,2025-09-15,Account,Medium,Resolved,36.82
TKT002924,CUST00507,2025-10-16,Technical,High,Closed,40.93
TKT002925,CUST01852,2025-06-22,Storage,Critical,In Progress,29.79
TKT002926,CUST01919,2025-10-09,Billing,Low,Resolved,3.76
TKT002927,CUST00296,2025-02-17,Technical,Medium,Resolved,38.48
TKT002928,CUST00576,2026-08-02,Feature Request,Critical,Resolved,52.76
TKT002929,CUST00645,2025-05-10,Feature Request,Medium,Closed,3.43
TKT002930,CUST01508,2025-02-12,Feature Request,Low,Closed,8.09
TKT002931,CUST00586,2025-07-18,Storage,Medium,Closed,40.78
TKT002932,CUST00696,2025-03-18,Storage,Low,Resolved,42.3
TKT002933,CUST01096,2025-03-20,Feature Request,Medium,Open,51.5
TKT002934,CUST01817,2026-01-14,Account,Low,Resolved,25.39
TKT002935,CUST01041,2026-02-18,Billing,Medium,In Progress,56.74
TKT002936,CUST01365,2025-10-17,Technical,Low,Closed,53.78
TKT002937,CUST00669,2025-11-12,Billing,High,Closed,13.85
TKT002938,CUST00339,2026-01-23,Feature Request,Low,In Progress,64.38
TKT002939,CUST00276,2025-12-14,Feature Request,Medium,Resolved,53.65
TKT002940,CUST00018,2025-01-15,Account,Low,Closed,7.95
TKT002941,CUST01217,2026-08-06,Billing,High,Resolved,46.16
TKT002942,CUST00785,2025-09-19,Feature Request,High,Closed,71.43
TKT002943,CUST00766,2025-09-23,Feature Request,High,In Progress,62.23
TKT002944,CUST00013,2026-05-29,Billing,Low,Open,24.2
TKT002945,CUST01188,2025-03-30,Account,High,Open,23.54
TKT002946,CUST00552,2026-06-26,Storage,Low,Resolved,22.76
TKT002947,CUST01933,2025-08-03,Technical,High,Open,4.68
TKT002948,CUST00036,2025-04-04,Billing,High,Resolved,41.62
TKT002949,CUST01192,2025-05-22,Billing,Medium,Resolved,59.12
TKT002950,CUST00369,2026-07-21,Technical,Medium,In Progress,15.86
TKT002951,CUST01044,2026-07-17,Account,High,In Progress,3.25
TKT002952,CUST00117,2025-01-29,Technical,Medium,Resolved,19.06
TKT002953,CUST00867,2025-04-07,Storage,Medium,Resolved,61.34
TKT002954,CUST01388,2025-10-07,Technical,Medium,Resolved,19.59
TKT002955,CUST00643,2025-10-07,Account,High,In Progress,49.2
TKT002956,CUST00795,2025-09-25,Billing,Medium,Open,1.3
TKT002957,CUST01551,2026-06-11,Billing,Medium,Resolved,15.44
TKT002958,CUST00988,2025-06-01,Storage,Medium,Closed,59.66
TKT002959,CUST00341,2026-07-27,Billing,Medium,Resolved,47.92
TKT002960,CUST01248,2025-05-27,Billing,Medium,Resolved,1.99
TKT002961,CUST00175,2025-06-17,Technical,Medium,Open,18.01
TKT002962,CUST00774,2025-08-14,Storage,Medium,Closed,26.58
TKT002963,CUST01528,2025-11-09,Billing,Medium,Resolved,10.67
TKT002964,CUST01853,2025-09-28,Feature Request,High,In Progress,15.43
TKT002965,CUST01042,2026-03-08,Technical,High,In Progress,12.73
TKT002966,CUST01153,2025-07-28,Billing,Medium,Closed,14.03
TKT002967,CUST00600,2026-07-02,Feature Request,Medium,Resolved,60.21
TKT002968,CUST00757,2025-05-06,Feature Request,High,Closed,59.56
TKT002969,CUST00215,2025-06-23,Feature Request,High,Closed,49.29
TKT002970,CUST01237,2025-09-19,Account,Low,Closed,35.56
TKT002971,CUST00728,2026-06-09,Storage,High,Resolved,22.7
TKT002972,CUST00401,2025-05-10,Billing,Medium,Closed,12.54
TKT002973,CUST00589,2025-03-11,Storage,High,Open,33.6
TKT002974,CUST01536,2025-01-26,Billing,Low,Closed,14.1
TKT002975,CUST00040,2025-01-11,Storage,Medium,Resolved,41.74
TKT002976,CUST00348,2025-09-06,Feature Request,High,Closed,5.2
TKT002977,CUST00802,2025-05-18,Storage,High,Open,51.38
TKT002978,CUST00064,2026-07-06,Account,Low,Resolved,5.89
TKT002979,CUST01497,2026-03-16,Account,Low,Closed,6.93
TKT002980,CUST01571,2026-04-07,Account,Low,Closed,68.97
TKT002981,CUST00309,2025-10-11,Billing,High,Resolved,29.24
TKT002982,CUST00420,2026-06-17,Account,Medium,Resolved,53.83
TKT002983,CUST01170,2025-01-27,Technical,Medium,Resolved,3.54
TKT002984,CUST01375,2025-02-09,Storage,Low,Closed,4.31
TKT002985,CUST01679,2025-06-25,Technical,Medium,Resolved,14.82
TKT002986,CUST01621,2025-08-01,Billing,Medium,Closed,16.23
TKT002987,CUST01507,2026-02-04,Technical,Medium,In Progress,3.92
TKT002988,CUST00545,2026-01-03,Account,Low,Resolved,27.73
TKT002989,CUST00601,2026-02-26,Account,Low,In Progress,22.02
TKT002990,CUST00518,2025-02-08,Account,Medium,In Progress,53.38
TKT002991,CUST01551,2026-02-11,Account,Low,Resolved,36.88
TKT002992,CUST00948,2025-07-05,Billing,Critical,Open,44.51
TKT002993,CUST00783,2026-04-29,Account,High,Resolved,13.48
TKT002994,CUST00455,2025-09-05,Billing,Medium,Closed,8.72
TKT002995,CUST00132,2026-05-08,Feature Request,Medium,Closed,40.89
TKT002996,CUST00422,2025-12-17,Technical,Low,Open,34.87
TKT002997,CUST01286,2025-12-30,Technical,Medium,Resolved,44.66
TKT002998,CUST01691,2025-04-13,Account,Medium,Closed,37.65
TKT002999,CUST01272,2025-10-31,Billing,Low,In Progress,39.87
TKT003000,CUST01650,2026-04-06,Feature Request,Medium,Resolved,29.66
TKT003001,CUST01350,2026-08-24,Storage,Low,Resolved,61.69
TKT003002,CUST00406,2025-11-15,Account,High,In Progress,24.94
TKT003003,CUST00274,2026-03-10,Technical,Low,Resolved,1.56
TKT003004,CUST00601,2025-06-12,Feature Request,Medium,Closed,68.7
TKT003005,CUST00383,2026-05-27,Billing,High,Resolved,17.21
TKT003006,CUST00176,2026-05-16,Billing,High,Closed,61.84
TKT003007,CUST01665,2025-10-07,Storage,High,Resolved,5.08
TKT003008,CUST01532,2026-04-04,Account,Low,In Progress,39.51
TKT003009,CUST01469,2026-08-24,Feature Request,Medium,In Progress,48.75
TKT003010,CUST00845,2025-07-19,Feature Request,Medium,Resolved,12.27
TKT003011,CUST01427,2025-02-21,Technical,Medium,Closed,66.73
TKT003012,CUST01602,2025-01-20,Account,Medium,In Progress,14.76
TKT003013,CUST01632,2025-05-27,Feature Request,Medium,Resolved,46.06
TKT003014,CUST00945,2025-06-19,Account,Medium,Resolved,17.38
TKT003015,CUST01969,2026-06-02,Technical,Low,Resolved,19.05
TKT003016,CUST01249,2025-06-06,Account,Medium,In Progress,16.46
TKT003017,CUST00773,2026-06-30,Technical,Low,Closed,12.22
TKT003018,CUST00635,2025-12-07,Account,Medium,Closed,33.88
TKT003019,CUST01891,2025-04-28,Billing,Medium,Closed,19.82
TKT003020,CUST00553,2026-07-04,Account,Medium,Closed,36.22
TKT003021,CUST01775,2026-02-23,Account,Medium,Resolved,67.98
TKT003022,CUST01086,2025-11-13,Feature Request,Low,In Progress,29.81
TKT003023,CUST00148,2025-08-12,Billing,High,Closed,23.95
TKT003024,CUST01613,2025-09-12,Technical,Critical,Closed,16.01
TKT003025,CUST01610,2025-10-19,Technical,Low,Resolved,56.94
TKT003026,CUST01132,2026-05-27,Storage,Medium,Closed,30.18
TKT003027,CUST01976,2025-07-20,Storage,High,Resolved,36.54
TKT003028,CUST01041,2026-07-08,Technical,Low,Open,52.59
TKT003029,CUST01284,2025-12-12,Billing,Medium,In Progress,22.37
TKT003030,CUST01136,2025-03-18,Technical,Low,Resolved,32.57
TKT003031,CUST01456,2026-06-07,Account,High,Closed,59.42
TKT003032,CUST00919,2026-07-13,Storage,High,Resolved,29.48
TKT003033,CUST01109,2025-03-16,Storage,Low,Resolved,5.06
TKT003034,CUST00698,2025-09-10,Account,Low,Resolved,23.43
TKT003035,CUST00129,2026-01-08,Storage,Medium,Open,4.48
TKT003036,CUST00435,2025-01-24,Feature Request,High,Resolved,52.81
TKT003037,CUST00355,2026-05-30,Billing,High,Resolved,51.73
TKT003038,CUST01851,2026-04-24,Account,Medium,Resolved,37.73
TKT003039,CUST00134,2025-11-02,Account,Low,Closed,37.0
TKT003040,CUST01429,2025-10-11,Billing,Low,Resolved,35.75
TKT003041,CUST00467,2025-09-01,Technical,Medium,Resolved,38.2
TKT003042,CUST00037,2026-02-17,Technical,High,Resolved,28.74
TKT003043,CUST01108,2025-10-26,Storage,Medium,Closed,26.25
TKT003044,CUST00183,2026-05-26,Storage,Low,Closed,14.74
TKT003045,CUST00888,2025-08-25,Storage,Low,In Progress,18.03
TKT003046,CUST00395,2025-05-20,Storage,Medium,In Progress,40.47
TKT003047,CUST00690,2026-02-03,Account,Medium,Resolved,17.97
TKT003048,CUST01216,2025-09-28,Feature Request,High,Resolved,28.51
TKT003049,CUST00070,2026-06-26,Feature Request,Medium,Resolved,2.62
TKT003050,CUST01273,2026-08-15,Technical,High,Resolved,19.76
TKT003051,CUST00786,2025-06-30,Technical,Medium,Closed,18.98
TKT003052,CUST01182,2025-03-08,Feature Request,Medium,Closed,13.0
TKT003053,CUST01939,2025-01-29,Technical,Medium,Closed,36.71
TKT003054,CUST00030,2025-07-03,Feature Request,Low,Resolved,3.14
TKT003055,CUST01681,2026-01-07,Technical,Low,Closed,19.31
TKT003056,CUST00358,2026-07-19,Account,Medium,Resolved,15.72
TKT003057,CUST01981,2025-07-17,Feature Request,Medium,Closed,44.32
TKT003058,CUST00635,2025-04-07,Technical,Low,Resolved,42.62
TKT003059,CUST00509,2026-01-31,Billing,Medium,Closed,43.68
TKT003060,CUST00774,2025-02-16,Technical,Low,Closed,8.11
TKT003061,CUST01012,2026-07-20,Storage,Low,Closed,49.2
TKT003062,CUST00658,2025-05-06,Storage,Low,Closed,61.0
TKT003063,CUST00014,2025-07-16,Billing,Medium,Closed,41.78
TKT003064,CUST00998,2026-05-15,Technical,High,Resolved,69.48
TKT003065,CUST01925,2026-08-06,Storage,High,In Progress,22.97
TKT003066,CUST00772,2025-10-27,Account,Medium,Resolved,11.91
TKT003067,CUST01801,2025-07-25,Storage,Low,Closed,27.45
TKT003068,CUST00364,2025-04-24,Storage,Medium,Resolved,39.92
TKT003069,CUST01059,2026-03-02,Feature Request,High,In Progress,11.75
TKT003070,CUST00427,2026-01-15,Account,Low,Resolved,38.61
TKT003071,CUST00252,2025-12-24,Technical,High,Open,60.3
TKT003072,CUST00322,2026-03-21,Account,High,Closed,4.21
TKT003073,CUST01992,2025-12-11,Account,High,Resolved,32.46
TKT003074,CUST00170,2025-02-03,Account,Low,Resolved,45.78
TKT003075,CUST00236,2025-02-06,Billing,High,Resolved,43.14
TKT003076,CUST00668,2026-05-23,Feature Request,High,Closed,29.24
TKT003077,CUST01489,2025-12-02,Billing,Low,Resolved,14.62
TKT003078,CUST01480,2026-05-18,Account,Medium,Resolved,34.64
TKT003079,CUST01884,2026-04-22,Account,Low,Resolved,38.98
TKT003080,CUST00222,2026-02-27,Billing,Medium,Resolved,44.58
TKT003081,CUST01225,2025-05-06,Technical,Low,Resolved,28.24
TKT003082,CUST00659,2025-06-26,Billing,Low,Resolved,26.9
TKT003083,CUST00971,2025-11-08,Storage,Low,In Progress,66.31
TKT003084,CUST00273,2025-03-11,Storage,High,Resolved,16.69
TKT003085,CUST01011,2026-07-06,Technical,Low,Closed,21.66
TKT003086,CUST00316,2026-08-23,Feature Request,Low,In Progress,47.82
TKT003087,CUST01824,2026-07-28,Feature Request,Medium,Closed,24.05
TKT003088,CUST00588,2025-06-18,Feature Request,High,Resolved,42.5
TKT003089,CUST00290,2025-08-10,Feature Request,Low,Resolved,53.71
TKT003090,CUST01101,2025-04-14,Storage,Medium,Resolved,5.76
TKT003091,CUST00068,2026-04-26,Account,Medium,Closed,66.95
TKT003092,CUST01737,2026-06-06,Account,Medium,Closed,60.16
TKT003093,CUST01555,2025-06-07,Technical,Low,Resolved,53.72
TKT003094,CUST01829,2025-07-29,Billing,Low,Resolved,20.84
TKT003095,CUST01860,2025-07-31,Storage,High,Resolved,65.88
TKT003096,CUST00883,2025-09-25,Feature Request,High,Closed,47.18
TKT003097,CUST01593,2025-07-10,Feature Request,Low,Closed,12.13
TKT003098,CUST01225,2026-08-28,Storage,Low,Resolved,31.43
TKT003099,CUST00964,2025-06-10,Technical,Low,Open,19.34
TKT003100,CUST01108,2025-09-29,Billing,Medium,Closed,37.24
TKT003101,CUST01513,2025-04-27,Account,Low,Resolved,13.37
TKT003102,CUST00798,2026-07-12,Feature Request,Low,In Progress,60.26
TKT003103,CUST01139,2026-06-16,Storage,Medium,In Progress,53.94
TKT003104,CUST00694,2025-07-25,Technical,Medium,In Progress,13.99
TKT003105,CUST00274,2025-02-08,Account,High,In Progress,2.74
TKT003106,CUST01054,2025-08-13,Account,Low,In Progress,33.61
TKT003107,CUST00575,2026-03-02,Billing,Medium,Open,38.16
TKT003108,CUST00073,2026-01-13,Account,Medium,In Progress,65.59
TKT003109,CUST00799,2025-05-29,Feature Request,Medium,Closed,22.77
TKT003110,CUST00681,2026-02-06,Technical,Low,In Progress,69.66
TKT003111,CUST01816,2025-12-08,Technical,Critical,Open,45.19
TKT003112,CUST00585,2025-08-24,Feature Request,Medium,Resolved,37.3
TKT003113,CUST00140,2025-12-07,Billing,Medium,In Progress,25.73
TKT003114,CUST01346,2025-04-03,Storage,Medium,Resolved,60.76
TKT003115,CUST00968,2025-10-14,Billing,Medium,Closed,47.19
TKT003116,CUST00190,2025-05-18,Billing,Low,In Progress,59.92
TKT003117,CUST01708,2026-03-02,Account,Low,Resolved,10.55
TKT003118,CUST01750,2025-05-09,Billing,High,Closed,3.51
TKT003119,CUST01113,2026-04-10,Technical,High,In Progress,32.92
TKT003120,CUST00011,2026-03-10,Storage,Medium,Resolved,19.26
TKT003121,CUST00884,2025-06-20,Billing,Low,Closed,31.55
TKT003122,CUST00220,2025-04-21,Feature Request,Low,Resolved,30.94
TKT003123,CUST00240,2026-02-24,Storage,Medium,Closed,8.9
TKT003124,CUST00316,2025-11-04,Account,Low,Closed,60.79
TKT003125,CUST00357,2025-07-11,Technical,Medium,Resolved,41.69
TKT003126,CUST01617,2025-02-06,Storage,Low,Closed,11.33
TKT003127,CUST01907,2026-03-06,Feature Request,Low,Resolved,17.72
TKT003128,CUST01294,2026-07-27,Billing,High,Resolved,61.28
TKT003129,CUST00685,2026-01-01,Feature Request,Medium,Resolved,13.89
TKT003130,CUST00557,2025-11-14,Technical,High,Open,46.72
TKT003131,CUST00562,2025-11-17,Storage,Medium,Open,11.39
TKT003132,CUST00161,2025-06-14,Feature Request,Low,Resolved,53.82
TKT003133,CUST01196,2025-04-26,Technical,Low,Open,9.95
TKT003134,CUST01193,2025-07-01,Storage,Medium,In Progress,24.08
TKT003135,CUST00469,2026-06-03,Storage,Low,Closed,70.45
TKT003136,CUST00133,2026-02-25,Storage,Low,Open,14.57
TKT003137,CUST00955,2025-04-15,Feature Request,Medium,Resolved,44.88
TKT003138,CUST00166,2025-10-23,Technical,High,Closed,25.38
TKT003139,CUST00097,2026-07-14,Storage,Low,Resolved,62.12
TKT003140,CUST01440,2025-01-08,Account,High,Resolved,30.37
TKT003141,CUST00402,2025-10-12,Billing,Low,Resolved,6.15
TKT003142,CUST00725,2025-08-08,Feature Request,High,Resolved,3.32
TKT003143,CUST00780,2026-02-07,Account,Low,Closed,36.93
TKT003144,CUST00817,2025-07-30,Billing,Medium,Open,32.83
TKT003145,CUST00055,2025-06-21,Storage,Medium,Closed,71.32
TKT003146,CUST01699,2026-01-24,Feature Request,Low,In Progress,71.33
TKT003147,CUST00025,2025-04-02,Storage,Low,Resolved,48.49
TKT003148,CUST01559,2026-03-22,Account,Medium,Resolved,14.65
TKT003149,CUST01224,2026-04-22,Billing,High,In Progress,59.91
TKT003150,CUST01508,2026-04-07,Technical,Low,Closed,41.64
TKT003151,CUST00025,2025-07-11,Account,High,Closed,11.73
TKT003152,CUST00005,2025-04-18,Storage,Medium,In Progress,23.03
TKT003153,CUST01761,2026-07-26,Billing,Medium,Resolved,35.78
TKT003154,CUST00687,2026-07-30,Storage,High,Resolved,6.32
TKT003155,CUST00358,2026-05-01,Feature Request,High,Resolved,18.57
TKT003156,CUST01889,2025-06-05,Storage,Medium,Closed,6.11
TKT003157,CUST01182,2025-02-01,Feature Request,Low,Resolved,11.22
TKT003158,CUST01421,2026-07-24,Technical,Medium,Closed,7.97
TKT003159,CUST00717,2025-01-27,Storage,Low,In Progress,12.22
TKT003160,CUST01670,2025-07-19,Storage,Medium,Closed,11.6
TKT003161,CUST00919,2025-02-07,Storage,Low,Closed,33.04
TKT003162,CUST00574,2025-08-27,Billing,Low,Resolved,63.91
TKT003163,CUST01773,2025-03-25,Feature Request,Low,Closed,44.43
TKT003164,CUST00492,2026-02-07,Technical,Medium,Closed,8.7
TKT003165,CUST01936,2025-11-19,Technical,High,Resolved,64.65
TKT003166,CUST00403,2025-01-16,Feature Request,Medium,Resolved,10.54
TKT003167,CUST00754,2025-05-15,Billing,Medium,Resolved,69.53
TKT003168,CUST01667,2026-07-08,Technical,Low,In Progress,9.27
TKT003169,CUST01777,2025-12-05,Billing,Low,In Progress,70.53
TKT003170,CUST01508,2026-04-26,Technical,Medium,Resolved,59.18
TKT003171,CUST01133,2025-03-07,Account,Medium,Closed,68.69
TKT003172,CUST00840,2025-11-23,Account,High,Closed,36.76
TKT003173,CUST00941,2026-07-13,Billing,Low,Closed,56.91
TKT003174,CUST00927,2025-05-06,Technical,Medium,Resolved,3.36
TKT003175,CUST00770,2025-07-21,Billing,High,In Progress,20.25
TKT003176,CUST01902,2025-01-26,Storage,Medium,In Progress,45.88
TKT003177,CUST01087,2025-02-09,Technical,Low,Resolved,46.43
TKT003178,CUST00556,2025-09-03,Technical,Medium,In Progress,14.83
TKT003179,CUST01516,2025-02-08,Account,High,Resolved,44.83
TKT003180,CUST01547,2025-12-10,Storage,Low,In Progress,15.77
TKT003181,CUST01552,2025-07-10,Billing,Medium,Resolved,12.83
TKT003182,CUST01433,2025-11-15,Account,Medium,Resolved,2.18
TKT003183,CUST01062,2025-03-01,Account,Critical,Open,71.09
TKT003184,CUST00726,2025-08-12,Storage,Low,Closed,42.38
TKT003185,CUST00835,2025-08-20,Technical,High,Closed,71.88
TKT003186,CUST00326,2026-01-13,Billing,Critical,Open,55.09
TKT003187,CUST01320,2025-01-27,Storage,Low,Resolved,57.83
TKT003188,CUST01420,2025-06-05,Feature Request,Medium,Open,37.78
TKT003189,CUST00601,2026-06-30,Technical,Medium,Resolved,29.64
TKT003190,CUST01831,2025-04-04,Feature Request,High,Closed,67.02
TKT003191,CUST01551,2025-06-12,Account,High,Closed,46.33
TKT003192,CUST01385,2026-03-09,Storage,Medium,Resolved,51.49
TKT003193,CUST00428,2025-07-07,Account,Medium,Resolved,60.72
TKT003194,CUST00633,2025-02-09,Feature Request,Low,Open,16.14
TKT003195,CUST00410,2026-04-18,Account,High,Closed,66.36
TKT003196,CUST01741,2026-05-01,Feature Request,High,Resolved,48.49
TKT003197,CUST00990,2025-09-16,Account,Low,Closed,13.13
TKT003198,CUST00424,2025-02-28,Feature Request,High,Resolved,30.72
TKT003199,CUST01005,2025-02-05,Storage,Low,Closed,7.54
TKT003200,CUST01224,2025-06-29,Billing,High,Closed,36.04
TKT003201,CUST01294,2026-06-04,Billing,Low,Closed,30.96
TKT003202,CUST01791,2026-08-17,Billing,High,Resolved,7.76
TKT003203,CUST01285,2026-06-06,Billing,Low,Resolved,25.78
TKT003204,CUST01065,2025-05-16,Billing,High,Open,53.38
TKT003205,CUST01195,2025-03-09,Technical,Medium,Resolved,47.99
TKT003206,CUST01697,2025-05-10,Account,High,Closed,41.82
TKT003207,CUST01893,2025-04-25,Storage,High,In Progress,70.88
TKT003208,CUST00307,2026-06-24,Technical,Medium,In Progress,62.5
TKT003209,CUST00828,2026-06-05,Account,High,Resolved,69.18
TKT003210,CUST01103,2025-02-04,Feature Request,Medium,Closed,47.37
TKT003211,CUST01919,2026-06-16,Storage,Low,Resolved,50.22
TKT003212,CUST01633,2026-01-06,Feature Request,Low,Resolved,45.39
TKT003213,CUST00969,2026-07-27,Storage,High,Resolved,16.83
TKT003214,CUST00584,2026-05-10,Feature Request,High,In Progress,55.61
TKT003215,CUST01654,2026-07-12,Storage,Medium,Resolved,12.18
TKT003216,CUST01934,2026-06-22,Storage,High,Resolved,69.95
TKT003217,CUST01526,2026-01-08,Billing,Medium,Closed,29.24
TKT003218,CUST01724,2025-04-12,Account,Medium,Resolved,18.02
TKT003219,CUST00732,2025-08-20,Account,Medium,Resolved,17.88
TKT003220,CUST01568,2025-04-04,Technical,Medium,Resolved,51.91
TKT003221,CUST00213,2025-03-03,Billing,Low,Resolved,3.83
TKT003222,CUST01815,2025-06-24,Technical,High,Resolved,24.25
TKT003223,CUST01517,2026-07-26,Storage,Low,Resolved,30.77
TKT003224,CUST01303,2025-11-18,Technical,Medium,Resolved,11.93
TKT003225,CUST00448,2025-11-14,Billing,Medium,Resolved,35.73
TKT003226,CUST00597,2025-04-25,Billing,Medium,Closed,65.28
TKT003227,CUST01710,2025-09-05,Billing,Medium,Resolved,4.73
TKT003228,CUST01316,2025-09-18,Feature Request,High,Resolved,34.47
TKT003229,CUST01540,2026-07-20,Technical,Low,Closed,36.07
TKT003230,CUST01580,2025-04-20,Billing,Low,Resolved,27.0
TKT003231,CUST00848,2025-06-07,Account,High,In Progress,56.21
TKT003232,CUST01306,2025-08-03,Storage,Medium,Closed,5.68
TKT003233,CUST01187,2025-08-24,Billing,High,Closed,1.41
TKT003234,CUST00725,2025-04-06,Billing,Medium,Resolved,46.89
TKT003235,CUST01674,2025-12-20,Account,High,Closed,52.6
TKT003236,CUST00497,2025-09-29,Billing,Medium,Open,29.52
TKT003237,CUST01730,2026-05-20,Account,Low,Resolved,56.98
TKT003238,CUST00064,2025-05-25,Storage,Low,Resolved,68.33
TKT003239,CUST01195,2025-08-09,Feature Request,Medium,Open,27.56
TKT003240,CUST01293,2025-08-04,Technical,Medium,Resolved,13.97
TKT003241,CUST00867,2025-08-08,Feature Request,Medium,Resolved,3.4
TKT003242,CUST01240,2025-11-01,Account,Medium,Closed,30.66
TKT003243,CUST01628,2026-05-24,Billing,High,Closed,63.09
TKT003244,CUST00102,2026-01-06,Storage,High,Closed,51.84
TKT003245,CUST00316,2025-03-08,Storage,Critical,Closed,62.0
TKT003246,CUST00930,2025-08-02,Storage,High,Resolved,4.13
TKT003247,CUST01876,2025-10-19,Technical,Medium,Open,56.79
TKT003248,CUST01514,2025-06-29,Technical,High,Closed,59.63
TKT003249,CUST01823,2026-05-26,Feature Request,Low,Resolved,18.04
TKT003250,CUST00143,2025-03-19,Account,Low,Open,55.63
TKT003251,CUST01850,2026-04-27,Feature Request,Low,Resolved,66.72
TKT003252,CUST00807,2025-06-13,Account,Medium,In Progress,20.01
TKT003253,CUST00535,2026-07-07,Technical,High,Closed,15.45
TKT003254,CUST01526,2026-01-13,Technical,Medium,Closed,48.2
TKT003255,CUST01206,2025-02-23,Technical,High,Closed,63.15
TKT003256,CUST01348,2025-06-19,Technical,Medium,Closed,38.75
TKT003257,CUST00463,2026-03-04,Billing,High,In Progress,30.09
TKT003258,CUST00939,2026-05-21,Billing,High,Resolved,25.87
TKT003259,CUST00287,2025-04-04,Account,Low,Closed,37.4
TKT003260,CUST01360,2026-06-21,Feature Request,High,In Progress,67.67
TKT003261,CUST01474,2026-05-06,Billing,Medium,Closed,20.4
TKT003262,CUST00530,2026-04-24,Storage,High,Closed,24.53
TKT003263,CUST01282,2025-04-10,Feature Request,Medium,Resolved,24.15
TKT003264,CUST00050,2025-05-29,Feature Request,Low,Closed,66.93
TKT003265,CUST00370,2026-05-02,Billing,Low,Closed,50.04
TKT003266,CUST00706,2025-12-08,Account,Low,Open,6.2
TKT003267,CUST01697,2025-11-30,Billing,Low,Resolved,33.25
TKT003268,CUST00822,2026-02-17,Feature Request,Low,Closed,32.02
TKT003269,CUST01888,2025-03-14,Storage,Low,Resolved,37.75
TKT003270,CUST00968,2025-05-19,Storage,High,Resolved,21.48
TKT003271,CUST01100,2025-01-15,Storage,Critical,Closed,71.77
TKT003272,CUST00088,2026-01-12,Feature Request,High,Resolved,25.5
TKT003273,CUST01074,2025-01-17,Storage,Medium,In Progress,22.48
TKT003274,CUST00811,2025-08-05,Storage,High,In Progress,35.84
TKT003275,CUST00054,2026-03-21,Technical,Low,In Progress,49.8
TKT003276,CUST01470,2025-01-24,Technical,Critical,Resolved,17.97
TKT003277,CUST01555,2026-08-05,Storage,Low,Resolved,49.18
TKT003278,CUST00008,2026-06-02,Billing,Medium,Resolved,20.44
TKT003279,CUST01471,2026-08-26,Billing,Low,In Progress,47.9
TKT003280,CUST00698,2025-10-18,Technical,Medium,Open,27.49
TKT003281,CUST01117,2025-10-20,Account,High,Open,42.94
TKT003282,CUST01322,2025-07-26,Account,Low,Open,23.37
TKT003283,CUST01971,2026-02-17,Storage,Low,Resolved,16.08
TKT003284,CUST00534,2026-08-26,Billing,Low,Resolved,27.04
TKT003285,CUST00324,2025-10-28,Storage,Low,Resolved,53.81
TKT003286,CUST01486,2026-02-17,Storage,Medium,Closed,56.15
TKT003287,CUST01610,2025-12-22,Billing,Critical,Resolved,48.17
TKT003288,CUST01814,2025-11-05,Account,Medium,Closed,37.17
TKT003289,CUST01390,2026-02-18,Billing,Medium,Closed,64.19
TKT003290,CUST00062,2026-03-05,Feature Request,Low,Resolved,27.45
TKT003291,CUST01517,2025-03-29,Billing,Medium,Resolved,8.88
TKT003292,CUST01320,2025-12-27,Feature Request,Medium,Resolved,15.07
TKT003293,CUST00911,2026-01-12,Billing,High,Resolved,64.71
TKT003294,CUST00265,2026-07-08,Technical,Medium,In Progress,65.09
TKT003295,CUST01203,2025-02-12,Account,High,Resolved,21.5
TKT003296,CUST00710,2025-09-28,Technical,Low,Resolved,49.18
TKT003297,CUST00504,2026-06-30,Storage,High,Resolved,42.91
TKT003298,CUST01318,2026-06-13,Account,Medium,Resolved,15.68
TKT003299,CUST00427,2025-01-02,Billing,Critical,Closed,1.43
TKT003300,CUST01578,2025-11-11,Billing,Medium,Closed,53.41
TKT003301,CUST00057,2026-07-04,Technical,Critical,Closed,55.82
TKT003302,CUST01082,2025-02-25,Feature Request,High,Resolved,12.21
TKT003303,CUST01765,2025-09-27,Feature Request,Low,Closed,14.98
TKT003304,CUST01077,2025-01-09,Account,Medium,Open,2.44
TKT003305,CUST00967,2026-02-12,Storage,Medium,Resolved,20.49
TKT003306,CUST00749,2026-04-17,Feature Request,Medium,In Progress,69.03
TKT003307,CUST00980,2026-06-18,Account,Medium,Resolved,42.1
TKT003308,CUST00903,2025-12-01,Storage,Critical,Resolved,14.61
TKT003309,CUST01349,2025-08-07,Account,High,Resolved,62.64
TKT003310,CUST01983,2025-02-06,Billing,Medium,Resolved,44.72
TKT003311,CUST00721,2025-01-08,Storage,Medium,Resolved,41.57
TKT003312,CUST01825,2026-07-20,Account,Low,Closed,50.35
TKT003313,CUST01628,2025-03-08,Account,Low,Closed,1.77
TKT003314,CUST01592,2026-03-02,Billing,Low,Resolved,44.61
TKT003315,CUST00525,2025-09-21,Technical,Critical,Open,20.68
TKT003316,CUST00466,2026-01-27,Storage,High,Resolved,29.46
TKT003317,CUST01165,2025-06-01,Billing,Low,Open,28.43
TKT003318,CUST01435,2025-12-09,Feature Request,Medium,Resolved,44.53
TKT003319,CUST00661,2025-03-11,Technical,Medium,Closed,36.18
TKT003320,CUST00494,2025-11-02,Billing,Low,Closed,30.81
TKT003321,CUST00881,2026-04-13,Billing,Medium,Resolved,35.56
TKT003322,CUST00108,2025-07-12,Storage,Low,Closed,36.9
TKT003323,CUST01179,2026-08-10,Account,Medium,Closed,43.75
TKT003324,CUST00240,2026-04-29,Billing,Medium,Open,67.68
TKT003325,CUST00172,2025-01-10,Billing,Medium,Closed,33.07
TKT003326,CUST00473,2025-07-29,Feature Request,Low,Resolved,43.57
TKT003327,CUST01309,2025-11-27,Technical,Low,Resolved,28.12
TKT003328,CUST00336,2025-01-08,Storage,High,Resolved,25.45
TKT003329,CUST00629,2025-09-18,Account,Medium,Open,5.2
TKT003330,CUST00367,2025-10-28,Feature Request,Low,Closed,64.28
TKT003331,CUST01510,2025-07-12,Storage,Low,Resolved,60.21
TKT003332,CUST01155,2026-02-05,Account,High,In Progress,3.81
TKT003333,CUST01960,2025-01-20,Technical,Medium,Resolved,54.59
TKT003334,CUST00643,2026-06-14,Technical,Low,In Progress,68.11
TKT003335,CUST00540,2025-11-05,Billing,Medium,Resolved,19.22
TKT003336,CUST00515,2026-08-16,Account,Low,Closed,5.35
TKT003337,CUST00751,2026-05-16,Storage,Medium,Closed,71.74
TKT003338,CUST00716,2025-11-06,Technical,Medium,Resolved,18.14
TKT003339,CUST00401,2026-01-25,Feature Request,Medium,Closed,45.55
TKT003340,CUST01743,2026-01-06,Billing,Medium,In Progress,16.02
TKT003341,CUST00598,2025-07-16,Technical,High,Closed,31.62
TKT003342,CUST01398,2025-12-07,Storage,Medium,Resolved,70.85
TKT003343,CUST01197,2025-05-10,Billing,Medium,Resolved,12.93
TKT003344,CUST01614,2026-05-07,Storage,Critical,Resolved,39.16
TKT003345,CUST00966,2026-07-05,Feature Request,Critical,Resolved,19.13
TKT003346,CUST01005,2025-05-06,Account,Medium,Closed,57.45
TKT003347,CUST01614,2026-08-12,Storage,Medium,Resolved,49.46
TKT003348,CUST01827,2025-08-08,Billing,High,Resolved,24.0
TKT003349,CUST00460,2025-10-10,Storage,Medium,Closed,38.37
TKT003350,CUST00811,2026-01-25,Feature Request,Low,Closed,49.19
TKT003351,CUST01834,2025-11-14,Billing,Low,Closed,33.93
TKT003352,CUST00935,2025-01-08,Storage,High,Resolved,7.02
TKT003353,CUST01122,2025-07-03,Technical,Medium,In Progress,25.33
TKT003354,CUST01682,2025-10-06,Technical,Medium,In Progress,14.38
TKT003355,CUST00981,2025-06-28,Storage,Medium,Resolved,26.4
TKT003356,CUST01148,2025-07-14,Billing,Low,In Progress,24.39
TKT003357,CUST01102,2026-07-03,Storage,Medium,Resolved,68.59
TKT003358,CUST00479,2025-12-15,Billing,Medium,Closed,43.2
TKT003359,CUST00029,2026-03-01,Storage,Medium,Resolved,48.77
TKT003360,CUST01281,2025-12-21,Feature Request,High,Resolved,28.85
TKT003361,CUST00770,2025-09-30,Billing,High,Closed,26.49
TKT003362,CUST00552,2026-01-25,Storage,Medium,Closed,56.23
TKT003363,CUST01211,2025-02-19,Feature Request,Medium,Closed,44.54
TKT003364,CUST00598,2025-08-21,Account,Critical,Resolved,60.93
TKT003365,CUST01305,2026-04-06,Billing,Critical,Resolved,49.86
TKT003366,CUST01864,2026-05-30,Account,High,Resolved,47.88
TKT003367,CUST01657,2026-04-09,Billing,Medium,Resolved,36.35
TKT003368,CUST00119,2025-12-01,Storage,Low,Closed,49.44
TKT003369,CUST00999,2025-08-10,Feature Request,Medium,Open,41.92
TKT003370,CUST00380,2026-08-27,Feature Request,Low,Resolved,32.9
TKT003371,CUST01237,2025-07-31,Technical,High,Resolved,36.01
TKT003372,CUST01123,2025-01-31,Storage,High,Open,58.0
TKT003373,CUST00421,2025-11-12,Account,Medium,Resolved,63.18
TKT003374,CUST01584,2026-04-28,Storage,High,Closed,44.36
TKT003375,CUST01133,2025-11-03,Feature Request,High,In Progress,67.31
TKT003376,CUST00575,2025-06-15,Account,Low,Resolved,30.29
TKT003377,CUST01775,2025-08-27,Storage,Low,Resolved,69.37
TKT003378,CUST01260,2025-08-17,Technical,High,Resolved,68.54
TKT003379,CUST00296,2025-12-17,Billing,Medium,In Progress,55.37
TKT003380,CUST00718,2026-05-06,Technical,Medium,Resolved,20.95
TKT003381,CUST00532,2026-01-18,Billing,Low,Resolved,44.16
TKT003382,CUST01810,2025-06-16,Storage,Low,Closed,63.14
TKT003383,CUST00714,2025-06-02,Account,Low,Closed,62.82
TKT003384,CUST01029,2025-05-01,Technical,Medium,Resolved,3.01
TKT003385,CUST01797,2026-05-26,Feature Request,Medium,Resolved,17.01
TKT003386,CUST01301,2025-01-11,Billing,Critical,Closed,43.2
TKT003387,CUST00586,2026-05-01,Account,Low,Open,36.79
TKT003388,CUST00466,2025-03-26,Technical,Low,In Progress,10.67
TKT003389,CUST00553,2025-07-04,Storage,Low,Resolved,59.73
TKT003390,CUST01082,2026-06-27,Feature Request,Low,Open,45.92
TKT003391,CUST01640,2025-02-17,Storage,Low,Resolved,42.77
TKT003392,CUST00646,2026-04-19,Billing,Medium,Closed,38.56
TKT003393,CUST01106,2025-01-25,Feature Request,Low,Resolved,66.88
TKT003394,CUST01540,2025-03-17,Technical,Low,Closed,58.3
TKT003395,CUST01569,2026-05-27,Account,Medium,Closed,71.96
TKT003396,CUST01541,2025-09-07,Account,Medium,Resolved,26.58
TKT003397,CUST01820,2026-06-22,Technical,Low,Resolved,58.31
TKT003398,CUST01020,2026-01-30,Storage,Low,Closed,37.8
TKT003399,CUST01083,2026-02-11,Billing,Medium,Open,44.66
TKT003400,CUST01864,2025-03-29,Billing,Low,Resolved,49.31
TKT003401,CUST00027,2026-02-17,Storage,Critical,Resolved,35.98
TKT003402,CUST01246,2025-11-29,Feature Request,Medium,Open,7.73
TKT003403,CUST01030,2025-05-02,Billing,Medium,In Progress,23.83
TKT003404,CUST00719,2025-09-03,Billing,High,In Progress,21.45
TKT003405,CUST00696,2025-11-23,Account,High,Closed,47.56
TKT003406,CUST00501,2025-08-08,Account,Low,Closed,15.33
TKT003407,CUST00328,2025-11-05,Technical,Medium,Resolved,64.74
TKT003408,CUST00854,2025-10-14,Billing,Medium,Resolved,12.41
TKT003409,CUST00898,2025-10-24,Technical,High,Resolved,11.16
TKT003410,CUST00737,2025-06-08,Feature Request,Medium,Resolved,7.0
TKT003411,CUST01514,2025-11-10,Billing,Medium,Resolved,13.62
TKT003412,CUST01041,2025-07-19,Billing,Low,Resolved,22.86
TKT003413,CUST00879,2026-07-19,Storage,Low,Resolved,36.49
TKT003414,CUST01157,2026-04-25,Account,Medium,Closed,59.11
TKT003415,CUST01004,2025-11-08,Storage,Medium,Open,8.63
TKT003416,CUST00131,2025-06-12,Technical,Low,Resolved,39.87
TKT003417,CUST01992,2025-03-17,Storage,Medium,Resolved,22.63
TKT003418,CUST00522,2025-12-03,Billing,Medium,In Progress,6.23
TKT003419,CUST01782,2026-05-27,Technical,Low,In Progress,30.71
TKT003420,CUST01202,2025-04-21,Billing,Medium,Open,18.69
TKT003421,CUST01754,2025-04-29,Storage,Low,Closed,45.72
TKT003422,CUST00501,2026-02-25,Storage,Medium,Resolved,1.96
TKT003423,CUST00821,2025-04-08,Feature Request,Medium,Resolved,62.78
TKT003424,CUST01408,2026-03-29,Technical,Low,Resolved,19.16
TKT003425,CUST00541,2025-10-08,Account,High,Resolved,60.05
TKT003426,CUST00080,2026-08-26,Technical,High,Closed,64.01
TKT003427,CUST01367,2026-03-05,Billing,Medium,Closed,51.06
TKT003428,CUST00570,2026-01-16,Technical,Medium,Resolved,45.61
TKT003429,CUST01032,2025-10-30,Billing,Low,Resolved,15.1
TKT003430,CUST00203,2025-08-01,Billing,Medium,In Progress,71.87
TKT003431,CUST01755,2025-07-04,Technical,Critical,In Progress,61.78
TKT003432,CUST00117,2025-06-09,Storage,Low,Resolved,51.52
TKT003433,CUST01739,2025-02-21,Technical,Low,Closed,37.55
TKT003434,CUST01126,2026-04-24,Feature Request,Critical,Closed,62.2
TKT003435,CUST00564,2026-04-11,Storage,High,Resolved,50.92
TKT003436,CUST01646,2025-06-24,Account,High,Resolved,2.78
TKT003437,CUST00652,2025-10-31,Account,Low,Closed,8.68
TKT003438,CUST00304,2025-03-09,Technical,Low,Closed,23.19
TKT003439,CUST01982,2026-04-05,Feature Request,Medium,Resolved,66.82
TKT003440,CUST01823,2025-11-14,Technical,Medium,Closed,52.1
TKT003441,CUST00028,2025-10-25,Account,Low,In Progress,32.18
TKT003442,CUST00498,2025-04-14,Feature Request,High,In Progress,47.46
TKT003443,CUST01775,2025-03-11,Account,Low,In Progress,60.47
TKT003444,CUST00592,2025-05-12,Account,Low,Closed,1.88
TKT003445,CUST01875,2026-03-05,Technical,Low,Closed,1.8
TKT003446,CUST01682,2026-06-17,Account,Low,Closed,60.61
TKT003447,CUST01839,2025-03-10,Billing,Low,Closed,5.34
TKT003448,CUST01367,2026-01-15,Account,Medium,Resolved,66.12
TKT003449,CUST01998,2025-07-06,Storage,Medium,Resolved,54.76
TKT003450,CUST01359,2025-01-18,Account,Medium,Closed,25.85
TKT003451,CUST00754,2025-03-16,Feature Request,Medium,Resolved,35.63
TKT003452,CUST01857,2025-08-12,Feature Request,Medium,Resolved,63.47
TKT003453,CUST01803,2025-02-01,Storage,High,Resolved,24.09
TKT003454,CUST00625,2026-06-25,Feature Request,Medium,Resolved,25.57
TKT003455,CUST01388,2025-04-27,Storage,Low,Resolved,3.66
TKT003456,CUST01869,2026-04-16,Storage,Medium,Closed,38.0
TKT003457,CUST01760,2025-11-27,Account,Low,Closed,28.6
TKT003458,CUST01964,2026-02-09,Feature Request,Low,In Progress,54.65
TKT003459,CUST01101,2025-01-12,Feature Request,Medium,Resolved,7.66
TKT003460,CUST00167,2025-11-26,Storage,Medium,Closed,40.61
TKT003461,CUST00194,2025-04-05,Billing,High,Open,23.82
TKT003462,CUST01232,2026-05-25,Storage,Medium,Resolved,52.6
TKT003463,CUST00679,2025-02-16,Billing,High,Resolved,11.39
TKT003464,CUST00297,2025-04-05,Storage,High,Closed,62.0
TKT003465,CUST01807,2025-07-15,Billing,High,Closed,20.75
TKT003466,CUST00706,2025-04-16,Account,Medium,Resolved,49.88
TKT003467,CUST01583,2025-03-19,Billing,Low,Resolved,25.4
TKT003468,CUST01177,2026-07-22,Technical,Low,Closed,70.75
TKT003469,CUST01302,2025-01-27,Storage,Medium,Resolved,49.6
TKT003470,CUST01501,2025-02-10,Storage,High,Open,29.08
TKT003471,CUST01847,2025-03-01,Billing,Low,Resolved,13.54
TKT003472,CUST01895,2025-06-28,Billing,Low,In Progress,52.89
TKT003473,CUST01506,2025-02-26,Account,Medium,Closed,57.85
TKT003474,CUST00350,2025-02-19,Storage,Low,Closed,26.24
TKT003475,CUST01326,2025-11-17,Storage,Medium,Resolved,17.08
TKT003476,CUST00927,2026-05-10,Feature Request,Medium,Closed,51.16
TKT003477,CUST00407,2026-07-12,Billing,Medium,Closed,3.77
TKT003478,CUST01409,2026-05-14,Billing,High,Closed,61.63
TKT003479,CUST00903,2026-08-22,Feature Request,Medium,Closed,52.06
TKT003480,CUST01192,2025-09-16,Account,Medium,Resolved,28.48
TKT003481,CUST00696,2025-08-10,Feature Request,Critical,Open,61.19
TKT003482,CUST00257,2025-12-03,Billing,High,Resolved,6.65
TKT003483,CUST00538,2025-11-09,Account,Medium,Resolved,61.55
TKT003484,CUST00077,2025-10-11,Billing,Low,Resolved,9.62
TKT003485,CUST01441,2025-05-04,Storage,Medium,Resolved,31.4
TKT003486,CUST01286,2025-02-10,Technical,Medium,Resolved,1.88
TKT003487,CUST00428,2025-12-31,Storage,High,Resolved,38.16
TKT003488,CUST00261,2025-06-05,Feature Request,Medium,Resolved,32.07
TKT003489,CUST01706,2026-01-12,Account,Medium,In Progress,24.82
TKT003490,CUST01953,2025-12-16,Storage,Medium,Resolved,53.19
TKT003491,CUST00275,2025-03-29,Account,Medium,Resolved,29.23
TKT003492,CUST00526,2025-10-04,Account,Low,Closed,44.75
TKT003493,CUST01134,2025-02-14,Feature Request,Critical,Open,53.68
TKT003494,CUST00355,2026-02-24,Feature Request,Low,In Progress,71.01
TKT003495,CUST00474,2026-06-02,Technical,Medium,Closed,50.04
TKT003496,CUST00351,2026-06-28,Feature Request,Medium,Resolved,9.28
TKT003497,CUST01253,2026-08-27,Feature Request,High,Resolved,67.27
TKT003498,CUST00252,2025-07-06,Feature Request,High,Resolved,32.88
TKT003499,CUST00211,2025-08-26,Account,Medium,Resolved,28.71
TKT003500,CUST00571,2025-02-24,Technical,Medium,In Progress,16.33
TKT003501,CUST01220,2025-09-28,Feature Request,Medium,In Progress,15.88
TKT003502,CUST01698,2025-09-21,Feature Request,Medium,Resolved,26.99
TKT003503,CUST00602,2025-07-31,Technical,Low,Closed,48.41
TKT003504,CUST01286,2026-04-05,Technical,Medium,Resolved,66.49
TKT003505,CUST00200,2025-04-21,Billing,Low,Closed,30.29
TKT003506,CUST00433,2026-02-04,Technical,Medium,Resolved,21.63
TKT003507,CUST00709,2026-08-15,Storage,Low,Resolved,12.62
TKT003508,CUST01765,2025-02-04,Storage,Medium,In Progress,44.62
TKT003509,CUST01595,2026-08-11,Technical,Medium,In Progress,13.88
TKT003510,CUST00832,2025-05-07,Storage,Low,Resolved,66.86
TKT003511,CUST00472,2026-08-19,Billing,High,Closed,51.17
TKT003512,CUST00451,2025-03-23,Account,Medium,Resolved,71.34
TKT003513,CUST00902,2025-09-17,Account,Low,Resolved,30.29
TKT003514,CUST01779,2026-07-30,Feature Request,High,Resolved,10.13
TKT003515,CUST00680,2025-07-20,Account,Medium,Resolved,11.7
TKT003516,CUST00737,2025-06-28,Feature Request,Medium,Open,8.96
TKT003517,CUST01229,2025-03-24,Feature Request,Critical,In Progress,17.39
TKT003518,CUST00486,2025-05-28,Feature Request,Low,Open,68.62
TKT003519,CUST01455,2025-11-22,Billing,High,Resolved,16.82
TKT003520,CUST00880,2026-01-09,Technical,Low,Resolved,4.79
TKT003521,CUST00551,2025-02-09,Billing,Low,In Progress,32.66
TKT003522,CUST00498,2025-01-15,Storage,High,Resolved,9.06
TKT003523,CUST00036,2025-07-25,Billing,Low,Closed,58.78
TKT003524,CUST00140,2025-01-16,Technical,Medium,Open,2.57
TKT003525,CUST00799,2025-12-04,Technical,Medium,Resolved,25.58
TKT003526,CUST01023,2026-01-12,Technical,Medium,Closed,37.64
TKT003527,CUST00068,2026-06-14,Feature Request,Critical,Resolved,12.24
TKT003528,CUST00363,2026-07-30,Storage,Low,In Progress,37.07
TKT003529,CUST00922,2025-05-18,Account,Low,Closed,22.31
TKT003530,CUST00397,2026-07-22,Feature Request,Medium,Resolved,15.31
TKT003531,CUST01661,2025-03-11,Feature Request,Low,Resolved,54.6
TKT003532,CUST01193,2025-03-24,Storage,High,Closed,56.18
TKT003533,CUST01966,2026-05-22,Billing,Medium,Resolved,60.47
TKT003534,CUST01208,2025-05-31,Account,High,Closed,29.2
TKT003535,CUST00690,2026-05-14,Billing,Low,In Progress,63.25
TKT003536,CUST00713,2025-09-03,Account,Medium,Resolved,12.51
TKT003537,CUST01805,2026-03-29,Storage,High,Resolved,55.66
TKT003538,CUST01643,2025-10-10,Billing,Medium,In Progress,53.42
TKT003539,CUST00172,2026-06-04,Account,Critical,Resolved,46.69
TKT003540,CUST01926,2025-05-06,Account,Medium,Closed,47.66
TKT003541,CUST01312,2026-05-03,Billing,Medium,Resolved,15.97
TKT003542,CUST01458,2025-03-12,Technical,Medium,Resolved,58.11
TKT003543,CUST00408,2026-07-22,Technical,Medium,Resolved,32.66
TKT003544,CUST00484,2025-07-14,Feature Request,Low,Resolved,9.2
TKT003545,CUST01172,2026-07-06,Billing,High,Closed,71.5
TKT003546,CUST01543,2026-04-19,Feature Request,High,Closed,34.12
TKT003547,CUST01225,2025-10-10,Account,Low,Closed,69.1
TKT003548,CUST01302,2025-01-19,Technical,Low,In Progress,7.46
TKT003549,CUST00290,2025-11-28,Storage,Medium,Resolved,5.72
TKT003550,CUST01287,2026-07-20,Technical,High,Open,4.96
TKT003551,CUST00888,2026-02-07,Account,Critical,In Progress,66.14
TKT003552,CUST00107,2025-07-17,Storage,Low,Closed,2.18
TKT003553,CUST00974,2026-03-25,Billing,Critical,Open,62.04
TKT003554,CUST00398,2025-06-08,Technical,Low,Closed,65.01
TKT003555,CUST00530,2025-08-14,Billing,Critical,Open,37.08
TKT003556,CUST01641,2025-08-28,Account,Low,Closed,25.85
TKT003557,CUST00567,2025-11-22,Storage,Medium,In Progress,68.41
TKT003558,CUST01618,2026-08-29,Billing,Low,Closed,4.65
TKT003559,CUST00213,2025-02-13,Storage,Medium,Closed,39.74
TKT003560,CUST00344,2025-08-24,Technical,Low,Closed,39.01
TKT003561,CUST00421,2025-08-10,Billing,Medium,Resolved,39.12
TKT003562,CUST00544,2025-01-20,Storage,High,Closed,46.17
TKT003563,CUST01362,2025-04-24,Billing,High,Resolved,3.97
TKT003564,CUST00199,2025-09-06,Storage,Medium,Resolved,7.29
TKT003565,CUST01980,2025-04-21,Billing,Medium,In Progress,6.49
TKT003566,CUST00912,2025-08-27,Account,Medium,Closed,34.25
TKT003567,CUST01143,2026-05-10,Technical,Low,Resolved,60.74
TKT003568,CUST00797,2026-01-08,Feature Request,Low,Resolved,14.28
TKT003569,CUST00842,2025-05-29,Technical,Medium,Resolved,29.5
TKT003570,CUST00640,2026-05-14,Account,Medium,Resolved,4.03
TKT003571,CUST01125,2026-04-21,Billing,Critical,Closed,28.65
TKT003572,CUST00935,2025-03-16,Storage,Medium,Resolved,16.19
TKT003573,CUST00534,2025-06-11,Feature Request,High,In Progress,38.41
TKT003574,CUST01294,2026-08-25,Storage,Medium,Resolved,18.91
TKT003575,CUST00271,2026-03-12,Account,High,In Progress,45.05
TKT003576,CUST01626,2026-01-01,Storage,High,Resolved,5.98
TKT003577,CUST01595,2025-03-25,Storage,Low,Closed,52.11
TKT003578,CUST01025,2025-10-19,Storage,Low,Resolved,16.51
TKT003579,CUST01548,2025-12-21,Technical,Low,Open,60.83
TKT003580,CUST00175,2026-05-30,Storage,Low,Resolved,23.5
TKT003581,CUST00183,2025-10-03,Storage,High,In Progress,18.78
TKT003582,CUST00384,2025-11-30,Billing,High,Open,20.44
TKT003583,CUST00343,2026-03-09,Account,High,Closed,16.34
TKT003584,CUST00747,2026-06-29,Billing,Medium,Resolved,11.27
TKT003585,CUST01597,2025-06-16,Account,Medium,Resolved,3.22
TKT003586,CUST01223,2025-09-30,Feature Request,Medium,Resolved,37.98
TKT003587,CUST00338,2026-02-28,Account,High,Closed,3.47
TKT003588,CUST00424,2025-07-02,Account,Medium,Resolved,39.37
TKT003589,CUST00729,2025-06-25,Technical,Low,Resolved,49.17
TKT003590,CUST01436,2025-08-21,Feature Request,Medium,Open,42.24
TKT003591,CUST00452,2025-03-07,Account,Low,Resolved,68.71
TKT003592,CUST01006,2026-05-03,Feature Request,High,Closed,68.46
TKT003593,CUST01047,2025-08-22,Account,Medium,Resolved,35.24
TKT003594,CUST00930,2026-08-19,Technical,Medium,Closed,52.36
TKT003595,CUST01410,2025-04-01,Billing,High,Closed,13.96
TKT003596,CUST00078,2026-07-02,Account,Low,Resolved,44.97
TKT003597,CUST00652,2025-02-28,Billing,Medium,Resolved,12.6
TKT003598,CUST00002,2025-06-28,Technical,Low,Resolved,40.69
TKT003599,CUST00679,2025-10-11,Storage,Medium,Resolved,71.73
TKT003600,CUST01445,2025-11-17,Account,Low,Resolved,1.47
TKT003601,CUST00672,2025-04-04,Technical,High,Resolved,7.11
TKT003602,CUST01685,2025-08-09,Storage,Medium,Closed,46.19
TKT003603,CUST00359,2025-03-17,Storage,Low,Closed,10.46
TKT003604,CUST01390,2025-04-30,Technical,Medium,Resolved,46.16
TKT003605,CUST01051,2026-02-06,Technical,Low,Resolved,69.57
TKT003606,CUST00757,2026-04-09,Technical,Medium,Resolved,11.79
TKT003607,CUST00506,2025-05-03,Technical,Medium,Resolved,10.33
TKT003608,CUST01063,2025-06-16,Storage,High,Closed,35.83
TKT003609,CUST01323,2026-03-05,Feature Request,High,Resolved,26.6
TKT003610,CUST01109,2026-04-24,Technical,Low,In Progress,9.97
TKT003611,CUST01168,2025-01-31,Feature Request,Medium,Resolved,51.58
TKT003612,CUST01775,2025-11-26,Billing,Medium,Resolved,52.71
TKT003613,CUST00519,2025-04-19,Technical,High,Closed,23.58
TKT003614,CUST01968,2025-12-28,Account,Medium,Resolved,15.81
TKT003615,CUST01241,2025-03-13,Technical,High,In Progress,24.49
TKT003616,CUST00910,2025-03-22,Technical,High,Resolved,55.71
TKT003617,CUST00011,2025-09-04,Billing,Low,In Progress,69.08
TKT003618,CUST01099,2025-10-21,Storage,High,In Progress,18.77
TKT003619,CUST01716,2025-04-09,Feature Request,Low,Closed,66.28
TKT003620,CUST01771,2026-01-19,Billing,Low,Resolved,5.7
TKT003621,CUST00910,2025-11-15,Storage,Low,Closed,54.13
TKT003622,CUST01255,2026-04-25,Storage,Low,Resolved,58.15
TKT003623,CUST01124,2026-05-10,Technical,Low,In Progress,69.89
TKT003624,CUST01193,2025-10-13,Feature Request,Medium,Closed,19.63
TKT003625,CUST00611,2025-10-19,Technical,Medium,In Progress,28.93
TKT003626,CUST00713,2026-04-13,Storage,Medium,In Progress,62.99
TKT003627,CUST01410,2025-07-18,Feature Request,Low,Closed,10.71
TKT003628,CUST00099,2025-04-30,Storage,Low,Closed,50.98
TKT003629,CUST01042,2025-08-16,Billing,High,In Progress,45.34
TKT003630,CUST01794,2026-08-01,Billing,Medium,Closed,39.57
TKT003631,CUST00526,2025-02-24,Feature Request,Critical,Resolved,13.34
TKT003632,CUST00260,2025-07-30,Billing,Medium,Resolved,68.59
TKT003633,CUST01937,2025-01-09,Storage,High,Resolved,52.15
TKT003634,CUST01821,2025-07-06,Account,High,In Progress,19.25
TKT003635,CUST01459,2025-01-21,Billing,High,In Progress,59.6
TKT003636,CUST01651,2025-02-17,Storage,Low,Closed,57.28
TKT003637,CUST01116,2025-06-14,Account,High,Resolved,67.58
TKT003638,CUST01904,2025-05-28,Billing,High,Resolved,59.89
TKT003639,CUST00903,2025-08-18,Account,High,Open,51.6
TKT003640,CUST01745,2026-05-22,Account,Low,Closed,61.05
TKT003641,CUST00925,2025-04-26,Technical,Medium,Closed,57.07
TKT003642,CUST00608,2026-08-28,Feature Request,Medium,Resolved,37.93
TKT003643,CUST00715,2025-10-30,Storage,Low,Resolved,60.32
TKT003644,CUST01264,2026-02-27,Storage,High,In Progress,58.75
TKT003645,CUST00675,2025-01-17,Feature Request,High,In Progress,14.5
TKT003646,CUST00932,2026-05-12,Billing,High,Closed,62.26
TKT003647,CUST00561,2026-04-17,Technical,Medium,Closed,59.63
TKT003648,CUST01878,2025-01-16,Storage,High,Resolved,64.77
TKT003649,CUST01925,2025-05-28,Technical,High,Closed,22.07
TKT003650,CUST01386,2025-09-24,Billing,Low,In Progress,52.53
TKT003651,CUST00481,2025-12-19,Billing,Low,Open,51.66
TKT003652,CUST01224,2026-05-17,Billing,Low,In Progress,43.7
TKT003653,CUST00379,2025-02-01,Billing,Medium,In Progress,11.16
TKT003654,CUST01991,2025-01-02,Account,Low,Resolved,19.18
TKT003655,CUST01031,2025-08-26,Feature Request,Medium,Resolved,21.59
TKT003656,CUST00734,2025-11-16,Technical,Medium,Resolved,17.48
TKT003657,CUST00572,2025-03-11,Technical,Low,Closed,24.53
TKT003658,CUST00751,2025-02-12,Feature Request,Low,Resolved,18.44
TKT003659,CUST00774,2025-07-22,Billing,Low,In Progress,22.11
TKT003660,CUST01311,2025-02-09,Storage,High,Closed,52.02
TKT003661,CUST01070,2025-10-16,Technical,Medium,Resolved,24.59
TKT003662,CUST00757,2026-03-26,Technical,Low,Open,43.11
TKT003663,CUST00500,2025-03-30,Technical,Low,Open,34.24
TKT003664,CUST00278,2025-01-02,Storage,High,Closed,36.91
TKT003665,CUST00461,2025-11-13,Account,Low,In Progress,31.76
TKT003666,CUST00318,2025-09-20,Feature Request,Critical,Resolved,68.3
TKT003667,CUST01862,2026-04-25,Technical,High,Resolved,45.13
TKT003668,CUST01322,2025-01-01,Account,Critical,Resolved,17.33
TKT003669,CUST01974,2025-11-23,Feature Request,Low,Resolved,26.27
TKT003670,CUST00626,2026-03-31,Feature Request,High,Closed,32.35
TKT003671,CUST01166,2025-10-12,Feature Request,Medium,Open,24.25
TKT003672,CUST00707,2025-02-12,Storage,Critical,Resolved,33.56
TKT003673,CUST00540,2025-05-09,Account,Low,Resolved,14.02
TKT003674,CUST01175,2025-10-12,Account,Medium,Closed,19.25
TKT003675,CUST00231,2025-10-17,Billing,Low,Resolved,20.21
TKT003676,CUST01699,2025-01-19,Billing,Low,Open,9.08
TKT003677,CUST00639,2025-01-22,Billing,Low,In Progress,13.13
TKT003678,CUST00377,2025-07-22,Technical,Medium,Closed,46.92
TKT003679,CUST00931,2025-09-22,Feature Request,Low,Closed,66.06
TKT003680,CUST00970,2026-04-06,Storage,Critical,Closed,41.68
TKT003681,CUST00409,2025-06-08,Feature Request,Medium,Resolved,34.49
TKT003682,CUST00224,2026-07-17,Technical,Medium,Closed,11.4
TKT003683,CUST00192,2026-07-13,Billing,High,Resolved,5.26
TKT003684,CUST00785,2026-08-30,Storage,High,Resolved,71.66
TKT003685,CUST00947,2025-06-09,Feature Request,Medium,In Progress,21.83
TKT003686,CUST00028,2025-12-25,Technical,Low,Resolved,5.28
TKT003687,CUST01293,2026-01-14,Feature Request,Medium,Resolved,41.73
TKT003688,CUST01304,2026-02-15,Technical,Low,Resolved,24.2
TKT003689,CUST01461,2025-04-11,Technical,Low,Closed,15.29
TKT003690,CUST00411,2026-04-06,Billing,Critical,Closed,30.16
TKT003691,CUST00847,2025-06-27,Billing,Medium,In Progress,3.03
TKT003692,CUST00875,2026-07-11,Feature Request,High,Resolved,28.44
TKT003693,CUST01452,2025-02-21,Technical,Medium,Closed,16.84
TKT003694,CUST00603,2025-03-02,Storage,High,Closed,56.15
TKT003695,CUST00560,2026-04-19,Technical,Medium,Resolved,14.64
TKT003696,CUST01345,2026-06-21,Feature Request,Low,In Progress,28.2
TKT003697,CUST01379,2025-11-24,Account,Medium,Closed,64.11
TKT003698,CUST00180,2025-12-23,Storage,High,Closed,13.92
TKT003699,CUST01374,2025-04-09,Billing,Medium,Resolved,42.56
TKT003700,CUST01660,2026-05-29,Technical,Low,In Progress,16.68
TKT003701,CUST00532,2025-09-21,Account,High,Open,24.83
TKT003702,CUST00484,2026-04-01,Technical,Medium,Closed,68.4
TKT003703,CUST01744,2026-08-16,Account,Medium,Resolved,43.48
TKT003704,CUST01413,2025-02-19,Storage,Medium,Resolved,7.33
TKT003705,CUST01476,2025-12-05,Feature Request,Low,Resolved,2.77
TKT003706,CUST00048,2025-06-26,Feature Request,Critical,Resolved,35.63
TKT003707,CUST00590,2025-09-25,Billing,Medium,Open,27.51
TKT003708,CUST01157,2025-05-13,Billing,Medium,Resolved,50.6
TKT003709,CUST00458,2025-05-23,Account,Low,Resolved,18.41
TKT003710,CUST01268,2025-06-12,Account,Low,In Progress,29.64
TKT003711,CUST00377,2025-12-13,Technical,Medium,Closed,52.99
TKT003712,CUST01916,2025-07-01,Storage,Medium,Resolved,32.17
TKT003713,CUST00489,2025-09-09,Storage,Medium,Resolved,17.74
TKT003714,CUST01776,2025-07-09,Technical,Low,Resolved,12.57
TKT003715,CUST01966,2025-06-01,Feature Request,High,In Progress,21.16
TKT003716,CUST01547,2025-09-21,Technical,Low,In Progress,42.52
TKT003717,CUST01651,2026-04-03,Feature Request,Low,Closed,47.4
TKT003718,CUST00278,2026-06-22,Feature Request,Low,Resolved,20.71
TKT003719,CUST01037,2025-03-18,Billing,High,Resolved,23.69
TKT003720,CUST01449,2025-06-27,Feature Request,High,Resolved,40.61
TKT003721,CUST00446,2025-12-21,Feature Request,High,Closed,40.54
TKT003722,CUST00367,2026-05-17,Storage,Medium,In Progress,45.99
TKT003723,CUST00678,2025-08-11,Technical,High,Resolved,27.63
TKT003724,CUST00665,2026-03-30,Technical,Medium,Closed,2.51
TKT003725,CUST00331,2025-06-13,Billing,Low,Closed,67.47
TKT003726,CUST00251,2025-01-07,Account,Critical,Resolved,43.34
TKT003727,CUST01872,2026-01-24,Feature Request,High,Closed,43.69
TKT003728,CUST00540,2025-08-14,Technical,Medium,Closed,52.67
TKT003729,CUST00853,2025-09-25,Technical,Medium,Closed,68.97
TKT003730,CUST00393,2026-08-24,Storage,Medium,Open,24.93
TKT003731,CUST00250,2025-04-09,Account,Medium,Resolved,19.77
TKT003732,CUST01606,2025-06-30,Billing,Medium,Resolved,67.45
TKT003733,CUST00914,2025-04-21,Billing,Medium,Closed,28.12
TKT003734,CUST00861,2025-09-22,Account,High,Open,31.42
TKT003735,CUST00666,2026-01-03,Account,Low,Resolved,68.74
TKT003736,CUST01958,2025-06-13,Account,Low,In Progress,55.05
TKT003737,CUST00751,2026-02-25,Storage,Low,Resolved,30.59
TKT003738,CUST00528,2025-08-23,Feature Request,Medium,Closed,22.68
TKT003739,CUST00379,2026-04-21,Technical,Medium,Closed,10.48
TKT003740,CUST00584,2026-02-12,Account,Critical,Closed,32.88
TKT003741,CUST01454,2025-10-06,Storage,High,Closed,63.52
TKT003742,CUST00220,2026-06-04,Storage,Low,Closed,66.16
TKT003743,CUST01623,2025-08-27,Feature Request,Low,Closed,45.59
TKT003744,CUST00875,2025-10-07,Feature Request,Medium,Open,15.59
TKT003745,CUST00304,2025-09-04,Storage,High,In Progress,48.26
TKT003746,CUST00031,2026-05-25,Account,High,Resolved,62.93
TKT003747,CUST00643,2025-05-14,Technical,Critical,Open,66.6
TKT003748,CUST00272,2025-01-20,Account,Medium,Resolved,47.66
TKT003749,CUST01293,2026-03-15,Storage,High,Closed,20.53
TKT003750,CUST01403,2025-06-29,Feature Request,High,Resolved,52.17
TKT003751,CUST00197,2026-07-26,Feature Request,Low,Resolved,35.76
TKT003752,CUST00024,2025-02-02,Billing,Low,Resolved,67.43
TKT003753,CUST01141,2026-01-21,Storage,High,Resolved,45.73
TKT003754,CUST01609,2025-01-25,Account,Medium,Closed,4.97
TKT003755,CUST01103,2025-08-30,Storage,Medium,Closed,48.82
TKT003756,CUST01158,2025-02-05,Storage,Medium,Resolved,35.34
TKT003757,CUST01368,2026-08-13,Feature Request,Low,Closed,48.09
TKT003758,CUST01900,2026-05-21,Account,High,Resolved,10.73
TKT003759,CUST01893,2026-02-18,Feature Request,High,Resolved,68.44
TKT003760,CUST01791,2025-08-10,Feature Request,Medium,Closed,49.83
TKT003761,CUST00866,2026-06-08,Account,Low,Closed,27.97
TKT003762,CUST01090,2026-03-18,Feature Request,Medium,Closed,49.09
TKT003763,CUST01541,2026-03-02,Storage,Low,Resolved,38.21
TKT003764,CUST00732,2026-08-01,Feature Request,Medium,Closed,67.86
TKT003765,CUST00617,2026-07-11,Billing,Medium,Resolved,4.75
TKT003766,CUST00379,2025-08-03,Storage,High,In Progress,23.64
TKT003767,CUST00876,2025-11-25,Storage,Low,Closed,17.41
TKT003768,CUST00146,2026-01-10,Feature Request,Low,Resolved,10.3
TKT003769,CUST01067,2025-11-19,Account,Medium,Open,43.4
TKT003770,CUST01729,2026-05-10,Feature Request,Medium,Resolved,37.98
TKT003771,CUST01312,2025-05-24,Account,Medium,Resolved,45.69
TKT003772,CUST00925,2025-10-12,Billing,High,Closed,37.1
TKT003773,CUST01541,2026-05-25,Storage,Medium,Open,56.27
TKT003774,CUST01289,2026-08-22,Billing,High,Resolved,57.44
TKT003775,CUST00023,2026-07-17,Billing,Medium,Closed,20.22
TKT003776,CUST01515,2026-07-07,Account,Critical,Open,71.01
TKT003777,CUST01889,2025-06-20,Billing,High,Closed,67.69
TKT003778,CUST00655,2025-05-05,Feature Request,Medium,Resolved,21.31
TKT003779,CUST00440,2025-06-16,Billing,Medium,Resolved,45.91
TKT003780,CUST00954,2025-03-29,Billing,Low,Open,38.9
TKT003781,CUST00823,2025-08-19,Account,Critical,Closed,69.75
TKT003782,CUST01006,2025-04-27,Feature Request,Medium,In Progress,57.61
TKT003783,CUST00724,2025-01-30,Billing,Medium,Resolved,38.47
TKT003784,CUST01073,2025-08-19,Account,Medium,Closed,52.03
TKT003785,CUST00431,2025-03-30,Billing,Medium,Closed,54.57
TKT003786,CUST00579,2025-04-19,Technical,Low,In Progress,19.4
TKT003787,CUST01113,2025-10-18,Account,Medium,Resolved,38.63
TKT003788,CUST00258,2026-05-30,Account,Low,Resolved,45.54
TKT003789,CUST00263,2025-08-21,Technical,Medium,Resolved,18.26
TKT003790,CUST01513,2025-01-02,Feature Request,Medium,Resolved,32.36
TKT003791,CUST00445,2025-06-22,Billing,Low,Resolved,37.31
TKT003792,CUST01313,2026-06-05,Technical,Low,Closed,46.76
TKT003793,CUST00257,2026-08-26,Account,Medium,Resolved,19.45
TKT003794,CUST00152,2025-10-03,Billing,High,Resolved,55.74
TKT003795,CUST01596,2025-02-14,Storage,High,In Progress,10.07
TKT003796,CUST00160,2026-03-09,Account,Low,Resolved,24.79
TKT003797,CUST00247,2025-03-05,Technical,Medium,Closed,32.16
TKT003798,CUST01599,2025-08-24,Storage,Medium,Open,39.12
TKT003799,CUST01167,2025-11-28,Account,Low,Closed,24.77
TKT003800,CUST01921,2026-03-09,Technical,Low,Closed,12.87
TKT003801,CUST01701,2026-08-24,Storage,Medium,Resolved,62.75
TKT003802,CUST00609,2026-07-20,Account,Medium,Closed,50.65
TKT003803,CUST01359,2026-04-21,Storage,Medium,Closed,49.43
TKT003804,CUST00279,2026-01-30,Storage,High,Resolved,27.87
TKT003805,CUST01940,2025-02-22,Billing,Low,Closed,39.12
TKT003806,CUST01011,2025-05-05,Account,Low,In Progress,50.94
TKT003807,CUST00317,2025-10-11,Storage,Low,In Progress,18.76
TKT003808,CUST01992,2025-12-14,Storage,Medium,Open,31.18
TKT003809,CUST01644,2025-05-21,Billing,High,Open,56.71
TKT003810,CUST01743,2025-07-20,Account,Low,Resolved,31.3
TKT003811,CUST00238,2025-08-25,Billing,High,Resolved,59.15
TKT003812,CUST01799,2026-03-04,Technical,Medium,Closed,37.13
TKT003813,CUST01311,2026-03-02,Feature Request,High,In Progress,10.23
TKT003814,CUST00247,2025-10-23,Account,Medium,Resolved,8.33
TKT003815,CUST01457,2025-02-19,Billing,Low,Resolved,21.37
TKT003816,CUST01527,2025-06-12,Technical,Low,Closed,25.11
TKT003817,CUST01105,2025-11-08,Technical,Low,Closed,47.07
TKT003818,CUST00759,2026-01-08,Feature Request,Medium,Resolved,8.5
TKT003819,CUST01986,2025-09-12,Billing,Low,Resolved,23.17
TKT003820,CUST00283,2026-07-14,Feature Request,Medium,Closed,13.87
TKT003821,CUST00828,2025-01-09,Billing,Low,Resolved,22.11
TKT003822,CUST00903,2025-09-29,Account,Medium,Resolved,28.08
TKT003823,CUST00806,2026-06-24,Technical,High,In Progress,16.16
TKT003824,CUST01464,2026-03-05,Feature Request,Medium,Closed,49.46
TKT003825,CUST01644,2026-07-11,Account,Low,Resolved,40.13
TKT003826,CUST00413,2026-04-04,Technical,High,Resolved,41.82
TKT003827,CUST01678,2026-06-21,Storage,High,Closed,56.34
TKT003828,CUST01704,2025-10-16,Storage,High,Closed,56.64
TKT003829,CUST00944,2025-11-07,Billing,Medium,In Progress,11.96
TKT003830,CUST00642,2025-06-14,Technical,Low,Closed,60.39
TKT003831,CUST00177,2025-01-14,Technical,Medium,Resolved,21.16
TKT003832,CUST01657,2025-08-09,Technical,Low,Resolved,61.83
TKT003833,CUST00362,2025-10-27,Storage,Low,Resolved,9.43
TKT003834,CUST01453,2026-03-28,Billing,Low,Open,50.53
TKT003835,CUST00294,2025-06-17,Account,Low,Resolved,21.25
TKT003836,CUST01217,2025-07-14,Account,Low,Open,5.2
TKT003837,CUST00257,2026-04-22,Account,Medium,In Progress,51.26
TKT003838,CUST00219,2026-04-27,Technical,High,Closed,62.73
TKT003839,CUST01232,2025-10-26,Feature Request,Low,Closed,50.39
TKT003840,CUST01875,2025-07-16,Account,Critical,Open,70.07
TKT003841,CUST00004,2025-03-15,Storage,Medium,Resolved,50.11
TKT003842,CUST00633,2026-07-12,Storage,Medium,Open,20.18
TKT003843,CUST00514,2026-02-10,Feature Request,Medium,Closed,52.22
TKT003844,CUST00249,2025-09-09,Account,Low,Closed,23.13
TKT003845,CUST00135,2026-02-26,Billing,Low,In Progress,10.08
TKT003846,CUST00364,2025-10-21,Technical,Low,In Progress,41.06
TKT003847,CUST00303,2026-07-14,Feature Request,Medium,Open,4.1
TKT003848,CUST00658,2025-06-13,Billing,Low,Closed,43.89
TKT003849,CUST01872,2026-06-17,Feature Request,Medium,Resolved,54.9
TKT003850,CUST00999,2025-04-10,Technical,Low,In Progress,19.2
TKT003851,CUST00847,2025-01-13,Feature Request,Medium,Resolved,67.3
TKT003852,CUST01800,2025-05-13,Account,Low,Resolved,70.16
TKT003853,CUST01353,2026-04-01,Technical,Low,Closed,12.55
TKT003854,CUST01618,2026-02-22,Technical,High,Resolved,64.03
TKT003855,CUST00226,2025-03-25,Storage,High,Closed,35.92
TKT003856,CUST01626,2026-05-22,Feature Request,Medium,Open,3.04
TKT003857,CUST00105,2025-12-18,Account,Medium,Closed,43.24
TKT003858,CUST01509,2025-11-29,Feature Request,High,Closed,12.01
TKT003859,CUST00715,2026-01-27,Storage,Medium,In Progress,5.04
TKT003860,CUST00570,2025-12-11,Storage,Low,Closed,4.27
TKT003861,CUST01831,2025-12-01,Storage,Medium,Open,61.3
TKT003862,CUST00062,2026-04-04,Account,Low,Closed,56.41
TKT003863,CUST00002,2025-07-31,Account,High,Closed,17.71
TKT003864,CUST01310,2025-04-30,Storage,Medium,Resolved,26.07
TKT003865,CUST01500,2025-05-29,Storage,High,Closed,62.53
TKT003866,CUST01805,2025-12-14,Account,Critical,Open,37.39
TKT003867,CUST00399,2025-12-25,Billing,Medium,In Progress,61.98
TKT003868,CUST00575,2025-08-22,Technical,Medium,Resolved,40.22
TKT003869,CUST01563,2026-04-09,Feature Request,Medium,Resolved,12.04
TKT003870,CUST01623,2025-01-12,Technical,High,Open,27.03
TKT003871,CUST00157,2025-06-29,Feature Request,Low,Closed,71.94
TKT003872,CUST01537,2026-02-22,Feature Request,Low,In Progress,62.16
TKT003873,CUST00424,2025-04-01,Feature Request,Medium,Closed,46.47
TKT003874,CUST00780,2025-07-15,Account,High,Resolved,23.62
TKT003875,CUST00839,2026-06-07,Feature Request,Medium,In Progress,37.47
TKT003876,CUST01928,2025-03-09,Feature Request,Medium,In Progress,62.68
TKT003877,CUST00007,2026-04-13,Feature Request,High,Resolved,66.82
TKT003878,CUST00853,2025-12-02,Billing,Low,Resolved,25.08
TKT003879,CUST00186,2026-02-21,Feature Request,High,Resolved,4.04
TKT003880,CUST00365,2025-10-18,Feature Request,Critical,Resolved,63.73
TKT003881,CUST00859,2026-02-22,Feature Request,High,Open,50.84
TKT003882,CUST01449,2025-09-14,Storage,Medium,Closed,58.9
TKT003883,CUST01791,2026-01-10,Account,Medium,In Progress,63.24
TKT003884,CUST00662,2025-05-06,Account,Low,Closed,25.93
TKT003885,CUST00254,2025-12-06,Feature Request,High,Resolved,21.85
TKT003886,CUST00341,2026-05-18,Billing,Low,Closed,70.17
TKT003887,CUST00378,2025-10-15,Billing,Low,Resolved,28.49
TKT003888,CUST00531,2025-03-19,Billing,Low,Open,44.91
TKT003889,CUST01006,2026-06-09,Billing,Medium,Resolved,45.75
TKT003890,CUST00614,2026-08-23,Storage,High,In Progress,57.88
TKT003891,CUST00290,2026-07-19,Technical,Medium,Open,6.2
TKT003892,CUST01071,2025-10-20,Feature Request,Low,Resolved,36.19
TKT003893,CUST01091,2026-01-23,Storage,Low,Resolved,71.36
TKT003894,CUST00195,2025-02-22,Account,High,Open,17.54
TKT003895,CUST00068,2026-05-16,Billing,Low,Resolved,60.54
TKT003896,CUST00684,2026-03-27,Storage,Medium,Closed,13.23
TKT003897,CUST01116,2025-03-01,Storage,High,Closed,64.3
TKT003898,CUST01765,2025-09-03,Account,High,Resolved,35.69
TKT003899,CUST00104,2026-02-01,Account,High,Resolved,22.6
TKT003900,CUST00220,2025-09-10,Feature Request,High,Resolved,8.15
TKT003901,CUST01338,2026-08-15,Account,Low,Open,45.68
TKT003902,CUST01914,2026-04-21,Billing,Low,Closed,16.86
TKT003903,CUST00367,2025-11-08,Billing,Medium,Resolved,54.28
TKT003904,CUST01450,2025-10-10,Storage,Medium,Resolved,19.94
TKT003905,CUST01484,2026-05-05,Billing,Low,Resolved,23.38
TKT003906,CUST00166,2026-02-03,Account,Low,Closed,66.09
TKT003907,CUST00505,2026-03-02,Account,Low,Closed,55.92
TKT003908,CUST01714,2026-08-16,Billing,Low,Resolved,23.05
TKT003909,CUST00251,2025-08-12,Feature Request,Critical,In Progress,64.98
TKT003910,CUST01073,2025-02-28,Account,Medium,Closed,25.22
TKT003911,CUST00498,2026-05-25,Technical,Low,Resolved,48.92
TKT003912,CUST01803,2025-12-20,Billing,Low,Resolved,46.21
TKT003913,CUST01464,2025-05-07,Account,High,Resolved,69.25
TKT003914,CUST00887,2026-01-20,Technical,High,Resolved,65.91
TKT003915,CUST00641,2025-07-04,Storage,Critical,Resolved,24.05
TKT003916,CUST00252,2026-06-23,Storage,Medium,Resolved,57.04
TKT003917,CUST01860,2025-11-14,Technical,Low,Closed,7.78
TKT003918,CUST00814,2025-05-15,Account,Low,Open,8.41
TKT003919,CUST00178,2025-01-09,Account,High,Resolved,54.31
TKT003920,CUST01786,2026-03-23,Feature Request,Medium,Resolved,36.43
TKT003921,CUST00800,2026-06-19,Storage,Medium,Open,32.67
TKT003922,CUST01797,2026-01-11,Storage,Low,Resolved,65.75
TKT003923,CUST01725,2026-06-05,Account,Medium,Resolved,21.24
TKT003924,CUST00900,2026-08-19,Account,Medium,Closed,69.3
TKT003925,CUST01005,2025-05-13,Billing,Low,Resolved,13.91
TKT003926,CUST01329,2025-04-22,Feature Request,Medium,Open,17.5
TKT003927,CUST01323,2025-12-14,Account,Medium,Resolved,19.29
TKT003928,CUST00432,2026-05-19,Technical,Low,Closed,36.54
TKT003929,CUST00993,2026-02-19,Feature Request,Low,Resolved,14.08
TKT003930,CUST01789,2026-06-05,Billing,High,Closed,37.05
TKT003931,CUST00191,2025-01-09,Billing,Low,Closed,40.75
TKT003932,CUST00527,2026-08-08,Feature Request,Low,Resolved,21.02
TKT003933,CUST01928,2025-08-26,Storage,Medium,Closed,63.37
TKT003934,CUST01525,2025-11-14,Storage,Medium,Closed,1.36
TKT003935,CUST00673,2026-05-27,Storage,High,Closed,30.36
TKT003936,CUST00882,2025-06-01,Billing,Medium,Resolved,65.09
TKT003937,CUST00660,2025-08-21,Technical,Critical,Open,31.91
TKT003938,CUST01753,2025-07-28,Account,Medium,Closed,27.3
TKT003939,CUST01250,2026-03-21,Account,Low,Resolved,3.51
TKT003940,CUST01599,2025-05-12,Storage,Medium,In Progress,31.86
TKT003941,CUST01097,2026-04-10,Technical,Low,Closed,12.27
TKT003942,CUST00300,2025-04-28,Storage,Medium,Resolved,67.16
TKT003943,CUST00272,2025-12-21,Billing,Medium,Resolved,63.83
TKT003944,CUST01165,2026-01-09,Billing,Medium,Resolved,63.75
TKT003945,CUST00243,2025-05-20,Account,Low,Closed,28.17
TKT003946,CUST01926,2026-03-03,Feature Request,High,Resolved,39.22
TKT003947,CUST01784,2025-06-22,Feature Request,Low,Resolved,19.67
TKT003948,CUST00970,2026-01-10,Storage,Medium,Closed,32.79
TKT003949,CUST00372,2025-04-15,Storage,Medium,Open,28.17
TKT003950,CUST01692,2026-01-14,Billing,High,Resolved,24.43
TKT003951,CUST01702,2026-07-26,Billing,High,In Progress,60.35
TKT003952,CUST01869,2026-06-06,Feature Request,High,Resolved,42.52
TKT003953,CUST00690,2025-10-05,Billing,Medium,Open,63.59
TKT003954,CUST00843,2025-05-29,Billing,High,Resolved,69.45
TKT003955,CUST00091,2026-01-24,Storage,High,Open,6.52
TKT003956,CUST01014,2025-07-14,Storage,Medium,Resolved,13.38
TKT003957,CUST00824,2026-07-30,Technical,High,Closed,64.99
TKT003958,CUST00951,2025-03-12,Storage,Low,Closed,70.4
TKT003959,CUST00982,2025-10-09,Feature Request,Medium,Closed,51.48
TKT003960,CUST00666,2025-07-11,Billing,Medium,Closed,42.15
TKT003961,CUST00030,2025-09-30,Account,Critical,Closed,61.0
TKT003962,CUST01838,2026-07-27,Feature Request,Low,Open,49.99
TKT003963,CUST00308,2025-12-31,Account,High,Resolved,68.84
TKT003964,CUST00375,2025-05-24,Billing,High,Resolved,16.32
TKT003965,CUST01911,2025-07-18,Billing,Medium,Open,46.63
TKT003966,CUST00759,2025-08-03,Storage,Medium,In Progress,37.05
TKT003967,CUST00725,2025-11-02,Feature Request,Critical,Open,12.89
TKT003968,CUST00841,2026-02-20,Technical,Low,In Progress,17.73
TKT003969,CUST00750,2025-08-30,Technical,Medium,Closed,39.2
TKT003970,CUST00332,2025-07-08,Technical,Low,Closed,1.83
TKT003971,CUST01231,2025-02-13,Billing,Medium,Open,29.38
TKT003972,CUST01746,2025-07-20,Billing,Medium,Resolved,36.36
TKT003973,CUST00775,2026-01-14,Billing,Low,Resolved,7.68
TKT003974,CUST00349,2025-07-11,Technical,High,Resolved,67.21
TKT003975,CUST01690,2025-07-21,Billing,High,Open,22.28
TKT003976,CUST01430,2026-01-26,Billing,Critical,Resolved,22.98
TKT003977,CUST00745,2026-06-19,Feature Request,Low,Resolved,36.6
TKT003978,CUST00539,2025-05-18,Storage,Medium,Open,68.71
TKT003979,CUST01851,2025-09-16,Technical,Low,Resolved,51.39
TKT003980,CUST00226,2025-10-30,Billing,Low,Resolved,47.18
TKT003981,CUST00685,2025-02-20,Account,Low,In Progress,69.4
TKT003982,CUST01190,2025-04-22,Account,Low,Resolved,26.41
TKT003983,CUST01005,2025-12-07,Feature Request,Low,Resolved,13.33
TKT003984,CUST01035,2026-06-09,Feature Request,Medium,Closed,45.46
TKT003985,CUST01302,2025-05-03,Feature Request,Low,Resolved,35.29
TKT003986,CUST00352,2025-10-04,Feature Request,Medium,Open,1.49
TKT003987,CUST01252,2025-12-11,Account,Medium,Closed,35.5
TKT003988,CUST01277,2025-06-11,Account,Critical,Resolved,61.54
TKT003989,CUST01804,2026-06-27,Feature Request,Critical,Resolved,19.59
TKT003990,CUST01341,2025-07-19,Storage,Low,Resolved,35.54
TKT003991,CUST00700,2026-08-23,Feature Request,Medium,In Progress,8.1
TKT003992,CUST00402,2026-02-23,Storage,Medium,Open,37.04
TKT003993,CUST00905,2025-11-30,Account,Critical,Resolved,54.37
TKT003994,CUST00971,2026-01-07,Billing,Medium,Closed,11.4
TKT003995,CUST00037,2025-11-23,Feature Request,Low,Resolved,13.65
TKT003996,CUST00018,2025-02-13,Feature Request,Medium,Resolved,25.3
TKT003997,CUST01594,2025-09-19,Feature Request,Low,Resolved,48.86
TKT003998,CUST01757,2025-05-02,Technical,Low,Closed,11.84
TKT003999,CUST01011,2026-04-22,Account,Medium,Resolved,30.82
TKT004000,CUST00286,2025-11-21,Storage,Medium,Resolved,43.73
TKT004001,CUST01550,2025-05-18,Account,Medium,Open,19.51
TKT004002,CUST01234,2025-05-31,Feature Request,High,Resolved,29.02
TKT004003,CUST01313,2026-07-19,Storage,Medium,Closed,68.6
TKT004004,CUST00841,2025-07-23,Account,Medium,Closed,62.79
TKT004005,CUST01260,2025-11-02,Account,High,Closed,35.08
TKT004006,CUST01586,2025-08-20,Storage,Low,In Progress,54.57
TKT004007,CUST01936,2025-09-22,Billing,Low,Closed,20.72
TKT004008,CUST00135,2025-01-17,Feature Request,Medium,Resolved,3.43
TKT004009,CUST00127,2026-04-07,Technical,Low,Closed,57.61
TKT004010,CUST00373,2026-04-05,Technical,High,Open,43.97
TKT004011,CUST00187,2025-08-23,Billing,Medium,In Progress,49.96
TKT004012,CUST00323,2025-07-04,Billing,Low,Resolved,18.46
TKT004013,CUST01511,2025-10-23,Storage,Medium,Resolved,33.26
TKT004014,CUST01158,2025-07-25,Storage,Low,Closed,30.66
TKT004015,CUST01539,2025-10-27,Billing,Low,Closed,19.19
TKT004016,CUST01807,2025-12-28,Storage,Low,In Progress,10.04
TKT004017,CUST00309,2025-03-18,Billing,Low,Resolved,15.2
TKT004018,CUST01466,2025-12-03,Storage,Low,Closed,62.48
TKT004019,CUST00451,2025-11-04,Technical,High,Closed,23.43
TKT004020,CUST01642,2025-04-03,Storage,Medium,Closed,63.41
TKT004021,CUST01843,2025-08-09,Technical,Medium,Closed,35.92
TKT004022,CUST00438,2026-04-13,Account,High,Open,53.32
TKT004023,CUST00279,2025-06-10,Feature Request,Medium,Closed,53.91
TKT004024,CUST00193,2025-08-14,Feature Request,Medium,Resolved,47.25
TKT004025,CUST01049,2026-01-19,Storage,High,Resolved,4.49
TKT004026,CUST01899,2025-06-22,Technical,Medium,Resolved,36.15
TKT004027,CUST01377,2025-10-24,Storage,Low,Resolved,60.45
TKT004028,CUST00004,2026-06-07,Account,Medium,In Progress,45.52
TKT004029,CUST00694,2025-03-25,Technical,Low,In Progress,43.48
TKT004030,CUST01581,2025-03-22,Account,Medium,In Progress,13.29
TKT004031,CUST01185,2026-07-23,Billing,Low,Resolved,54.41
TKT004032,CUST00161,2026-06-09,Feature Request,High,Closed,8.05
TKT004033,CUST00449,2025-10-17,Storage,Low,Resolved,17.18
TKT004034,CUST00360,2025-03-01,Storage,Medium,Open,11.5
TKT004035,CUST00765,2025-05-21,Storage,Medium,Resolved,41.11
TKT004036,CUST01560,2026-08-16,Feature Request,Low,Open,45.83
TKT004037,CUST01888,2025-06-11,Storage,Critical,Closed,13.31
TKT004038,CUST00045,2026-03-16,Account,Medium,Closed,18.57
TKT004039,CUST01848,2025-05-13,Storage,Low,Resolved,7.9
TKT004040,CUST01325,2026-05-06,Storage,Low,Closed,27.88
TKT004041,CUST01435,2025-08-19,Storage,Medium,Closed,28.85
TKT004042,CUST00453,2025-11-28,Account,Low,Resolved,2.22
TKT004043,CUST01515,2025-06-02,Feature Request,High,Closed,5.76
TKT004044,CUST00944,2026-04-02,Technical,Low,Resolved,41.29
TKT004045,CUST01437,2025-06-29,Billing,Critical,Resolved,62.44
TKT004046,CUST00041,2025-01-06,Storage,Medium,Resolved,8.79
TKT004047,CUST01244,2025-05-13,Feature Request,Low,In Progress,9.33
TKT004048,CUST01227,2025-08-12,Technical,Critical,Closed,15.69
TKT004049,CUST01512,2025-08-17,Account,Medium,In Progress,14.11
TKT004050,CUST01310,2026-08-25,Feature Request,Medium,Resolved,57.49
TKT004051,CUST01112,2026-07-24,Feature Request,Low,Resolved,42.97
TKT004052,CUST00693,2025-08-27,Account,Low,Resolved,14.62
TKT004053,CUST01242,2025-09-07,Technical,Low,Closed,12.19
TKT004054,CUST00322,2026-08-23,Account,Medium,Open,49.01
TKT004055,CUST00866,2025-11-13,Technical,Medium,Resolved,19.04
TKT004056,CUST01525,2025-06-27,Technical,High,Resolved,57.57
TKT004057,CUST00208,2026-06-12,Storage,High,Resolved,21.06
TKT004058,CUST00759,2025-01-19,Account,Critical,Closed,56.61
TKT004059,CUST00130,2025-11-10,Billing,Low,Closed,42.92
TKT004060,CUST01146,2025-05-10,Storage,Critical,Open,32.53
TKT004061,CUST00908,2025-01-11,Technical,High,Closed,12.17
TKT004062,CUST01031,2025-03-08,Account,Medium,Resolved,17.88
TKT004063,CUST00051,2026-06-03,Account,Low,Resolved,11.55
TKT004064,CUST00827,2025-07-03,Feature Request,Medium,Closed,64.08
TKT004065,CUST00718,2026-08-11,Billing,Medium,Resolved,27.08
TKT004066,CUST01312,2025-08-30,Technical,High,Resolved,30.93
TKT004067,CUST00455,2026-07-29,Billing,Low,Resolved,65.49
TKT004068,CUST00693,2025-03-03,Feature Request,Medium,Closed,55.79
TKT004069,CUST01700,2025-10-03,Technical,High,In Progress,23.58
TKT004070,CUST01462,2025-06-30,Storage,Low,In Progress,21.81
TKT004071,CUST00947,2025-01-17,Account,Low,In Progress,3.69
TKT004072,CUST00995,2026-04-15,Storage,Medium,Closed,50.88
TKT004073,CUST00210,2025-08-13,Billing,Critical,In Progress,65.2
TKT004074,CUST00077,2025-03-15,Technical,Low,Resolved,18.95
TKT004075,CUST00202,2026-07-10,Billing,Medium,In Progress,7.21
TKT004076,CUST01775,2025-08-21,Storage,Medium,Resolved,51.54
TKT004077,CUST01292,2025-08-18,Billing,Low,Resolved,41.09
TKT004078,CUST00507,2025-06-19,Billing,Low,Resolved,36.87
TKT004079,CUST00259,2025-04-20,Storage,Medium,Resolved,29.98
TKT004080,CUST00214,2026-08-24,Technical,Low,Closed,70.33
TKT004081,CUST01108,2025-09-15,Billing,Medium,Closed,15.37
TKT004082,CUST01097,2025-05-31,Storage,Low,Open,3.75
TKT004083,CUST01418,2025-01-19,Account,High,Resolved,13.42
TKT004084,CUST01132,2026-04-14,Billing,Low,Resolved,34.16
TKT004085,CUST00572,2026-06-02,Storage,Medium,Resolved,1.6
TKT004086,CUST00632,2026-02-21,Storage,Medium,Resolved,17.06
TKT004087,CUST01906,2025-03-30,Technical,High,Open,18.07
TKT004088,CUST00370,2026-06-05,Feature Request,Low,Resolved,7.27
TKT004089,CUST01858,2025-05-06,Storage,Low,Open,42.14
TKT004090,CUST00857,2025-12-09,Technical,Medium,Closed,68.61
TKT004091,CUST00564,2026-03-06,Technical,Medium,In Progress,47.99
TKT004092,CUST00236,2025-12-14,Feature Request,Medium,Resolved,62.95
TKT004093,CUST01904,2025-09-08,Storage,High,Resolved,34.76
TKT004094,CUST00135,2025-08-19,Account,Low,Closed,33.05
TKT004095,CUST01849,2025-11-16,Feature Request,Low,Resolved,68.57
TKT004096,CUST00707,2026-03-14,Account,Medium,Resolved,1.12
TKT004097,CUST00453,2025-02-10,Feature Request,Medium,Resolved,20.9
TKT004098,CUST00081,2026-01-17,Feature Request,Medium,Resolved,13.36
TKT004099,CUST01908,2025-02-15,Technical,Medium,Closed,45.27
TKT004100,CUST00891,2025-01-23,Feature Request,Medium,Closed,29.55
TKT004101,CUST00856,2025-09-07,Storage,Low,Closed,2.07
TKT004102,CUST01075,2026-04-25,Feature Request,Medium,Resolved,44.86
TKT004103,CUST01671,2025-11-27,Storage,Low,Closed,26.57
TKT004104,CUST00627,2026-06-02,Billing,High,Closed,61.98
TKT004105,CUST00750,2025-09-13,Technical,High,Resolved,31.93
TKT004106,CUST00015,2025-01-29,Account,Low,Closed,6.45
TKT004107,CUST00351,2025-07-24,Feature Request,Low,In Progress,71.28
TKT004108,CUST00781,2025-05-30,Technical,Medium,Closed,5.94
TKT004109,CUST01445,2025-02-25,Billing,Medium,Resolved,54.93
TKT004110,CUST00900,2025-08-30,Account,Medium,Closed,53.35
TKT004111,CUST00779,2025-03-25,Technical,Low,Resolved,44.67
TKT004112,CUST00960,2026-07-13,Billing,Medium,Open,47.09
TKT004113,CUST00355,2026-06-22,Feature Request,Low,Resolved,15.44
TKT004114,CUST01038,2026-07-03,Technical,Medium,Closed,24.74
TKT004115,CUST00722,2026-06-28,Billing,High,In Progress,68.12
TKT004116,CUST01928,2025-03-12,Storage,High,Resolved,65.88
TKT004117,CUST00289,2025-03-19,Feature Request,High,In Progress,22.27
TKT004118,CUST00521,2025-05-21,Feature Request,Medium,Resolved,48.89
TKT004119,CUST01435,2025-02-04,Account,High,Closed,2.27
TKT004120,CUST01008,2025-05-04,Billing,Medium,Open,11.28
TKT004121,CUST01456,2025-04-21,Storage,Low,Resolved,36.12
TKT004122,CUST01572,2025-08-31,Account,Low,Resolved,63.79
TKT004123,CUST01301,2025-10-27,Account,Medium,Resolved,64.09
TKT004124,CUST00496,2025-07-01,Billing,Low,Closed,65.32
TKT004125,CUST01764,2025-06-09,Storage,Low,Closed,61.49
TKT004126,CUST00915,2026-01-31,Storage,Medium,Open,32.38
TKT004127,CUST00658,2025-11-15,Feature Request,Low,Resolved,58.06
TKT004128,CUST01294,2025-12-18,Feature Request,Low,Resolved,36.68
TKT004129,CUST01726,2025-12-01,Feature Request,Low,In Progress,32.92
TKT004130,CUST00346,2025-06-12,Billing,Low,Closed,6.25
TKT004131,CUST00771,2025-04-10,Technical,High,Closed,45.66
TKT004132,CUST01699,2025-09-09,Storage,High,Closed,43.8
TKT004133,CUST01638,2026-02-17,Account,Medium,Resolved,29.34
TKT004134,CUST00864,2025-01-22,Technical,Medium,Open,29.53
TKT004135,CUST00068,2025-06-25,Account,Medium,Resolved,26.98
TKT004136,CUST01135,2025-07-07,Feature Request,High,In Progress,30.62
TKT004137,CUST01525,2025-01-27,Feature Request,Critical,Resolved,20.07
TKT004138,CUST00068,2025-08-30,Feature Request,Medium,Resolved,34.59
TKT004139,CUST01805,2026-08-29,Account,Low,Open,39.32
TKT004140,CUST00728,2025-08-01,Feature Request,Low,Resolved,40.8
TKT004141,CUST00137,2025-01-18,Storage,Low,Open,63.93
TKT004142,CUST00279,2026-07-22,Account,Medium,Open,30.64
TKT004143,CUST01545,2026-03-24,Feature Request,Low,Resolved,13.25
TKT004144,CUST01585,2025-12-11,Account,Low,Closed,62.74
TKT004145,CUST00178,2026-01-31,Account,High,In Progress,19.59
TKT004146,CUST01138,2026-04-05,Technical,Medium,Resolved,40.88
TKT004147,CUST00155,2025-05-19,Account,Medium,Resolved,50.65
TKT004148,CUST00694,2026-01-13,Technical,Medium,Resolved,22.27
TKT004149,CUST01353,2026-02-25,Technical,Medium,Closed,48.8
TKT004150,CUST00285,2025-06-24,Account,Medium,Open,5.1
TKT004151,CUST00354,2025-05-16,Billing,High,Resolved,71.41
TKT004152,CUST00557,2026-03-02,Account,Medium,Resolved,46.58
TKT004153,CUST01366,2025-10-09,Account,High,Resolved,5.75
TKT004154,CUST00423,2025-06-27,Technical,Medium,Resolved,27.02
TKT004155,CUST00522,2026-06-29,Storage,Medium,In Progress,23.96
TKT004156,CUST00210,2025-12-28,Storage,Medium,Closed,69.87
TKT004157,CUST00303,2026-06-14,Technical,Medium,Resolved,68.92
TKT004158,CUST00689,2025-03-16,Technical,Medium,Resolved,32.81
TKT004159,CUST00657,2026-06-11,Feature Request,Medium,Resolved,16.31
TKT004160,CUST00447,2025-03-03,Account,Low,Closed,5.7
TKT004161,CUST01062,2025-10-13,Feature Request,High,Resolved,9.16
TKT004162,CUST01224,2026-03-28,Feature Request,Medium,Closed,18.7
TKT004163,CUST00250,2025-08-11,Technical,Low,Resolved,12.36
TKT004164,CUST00927,2026-05-22,Technical,Low,Closed,67.19
TKT004165,CUST00043,2025-11-15,Billing,Medium,Resolved,63.8
TKT004166,CUST01906,2026-04-11,Account,High,Resolved,30.29
TKT004167,CUST01651,2025-06-06,Billing,Medium,Closed,7.84
TKT004168,CUST01851,2025-09-27,Billing,Low,Resolved,29.14
TKT004169,CUST00192,2025-12-06,Account,Medium,Resolved,24.93
TKT004170,CUST01366,2025-08-25,Feature Request,Low,In Progress,12.06
TKT004171,CUST01059,2026-05-27,Feature Request,Medium,Open,55.9
TKT004172,CUST01237,2025-05-27,Billing,Critical,Resolved,59.61
TKT004173,CUST01933,2025-06-12,Account,Low,Closed,21.45
TKT004174,CUST01704,2025-01-07,Account,Medium,Closed,50.22
TKT004175,CUST01617,2026-06-19,Billing,Medium,Closed,66.42
TKT004176,CUST00134,2026-07-07,Account,Low,Open,59.65
TKT004177,CUST01581,2025-08-01,Account,High,Closed,39.44
TKT004178,CUST00546,2025-07-27,Billing,High,Resolved,1.92
TKT004179,CUST01768,2025-05-31,Billing,Low,In Progress,38.02
TKT004180,CUST00269,2025-04-19,Technical,Medium,Closed,49.57
TKT004181,CUST00143,2025-01-19,Storage,Critical,Resolved,34.53
TKT004182,CUST00321,2026-05-10,Technical,Low,Resolved,5.18
TKT004183,CUST01530,2025-03-05,Feature Request,High,Closed,65.95
TKT004184,CUST01931,2025-09-21,Storage,Medium,Closed,66.74
TKT004185,CUST01201,2025-06-23,Technical,Low,Resolved,40.32
TKT004186,CUST01068,2026-06-28,Account,High,Closed,28.89
TKT004187,CUST00860,2026-02-08,Storage,High,Open,47.31
TKT004188,CUST01284,2025-03-17,Storage,Medium,In Progress,59.7
TKT004189,CUST01569,2025-04-16,Storage,Low,Closed,2.17
TKT004190,CUST01121,2025-08-12,Technical,High,In Progress,39.7
TKT004191,CUST00448,2025-11-17,Billing,High,Closed,40.58
TKT004192,CUST01583,2026-07-21,Account,High,In Progress,51.71
TKT004193,CUST00271,2025-01-24,Storage,Medium,Closed,62.07
TKT004194,CUST01829,2025-11-30,Technical,High,Closed,20.87
TKT004195,CUST01528,2025-02-17,Technical,Low,Closed,7.67
TKT004196,CUST00223,2025-08-10,Feature Request,High,In Progress,68.16
TKT004197,CUST00088,2025-05-02,Technical,Low,Closed,38.6
TKT004198,CUST00200,2025-02-28,Technical,High,Closed,41.87
TKT004199,CUST01391,2026-02-27,Billing,Medium,Resolved,69.35
TKT004200,CUST01333,2026-04-03,Feature Request,Low,Resolved,39.59
TKT004201,CUST00609,2025-12-28,Account,Medium,Closed,54.23
TKT004202,CUST01071,2026-03-09,Account,Medium,Closed,31.29
TKT004203,CUST00273,2026-06-05,Storage,Medium,In Progress,35.81
TKT004204,CUST01346,2025-01-28,Storage,Medium,Resolved,35.48
TKT004205,CUST00157,2025-02-12,Feature Request,High,Closed,50.89
TKT004206,CUST01093,2025-10-25,Storage,Critical,Closed,52.95
TKT004207,CUST00744,2025-08-10,Technical,Medium,Resolved,49.74
TKT004208,CUST01269,2025-08-17,Storage,Medium,Open,66.69
TKT004209,CUST01470,2025-01-16,Account,Medium,Closed,45.59
TKT004210,CUST00682,2025-03-25,Storage,Medium,Resolved,46.04
TKT004211,CUST00352,2026-07-24,Technical,High,Resolved,7.03
TKT004212,CUST00948,2026-03-07,Billing,Medium,Closed,68.9
TKT004213,CUST01005,2026-08-07,Technical,Medium,Resolved,15.57
TKT004214,CUST00928,2025-09-30,Technical,Low,In Progress,38.59
TKT004215,CUST00884,2026-07-19,Storage,High,Open,70.57
TKT004216,CUST00059,2026-02-15,Account,High,Closed,7.33
TKT004217,CUST01382,2025-07-15,Technical,High,Resolved,70.95
TKT004218,CUST01830,2025-05-09,Storage,Medium,Open,56.79
TKT004219,CUST00760,2025-07-14,Storage,Medium,Closed,38.64
TKT004220,CUST01170,2025-03-25,Billing,High,Resolved,27.54
TKT004221,CUST00587,2025-11-28,Account,Low,In Progress,52.29
TKT004222,CUST00924,2025-02-26,Billing,High,Resolved,53.47
TKT004223,CUST01818,2025-07-02,Technical,High,Resolved,41.83
TKT004224,CUST01701,2025-12-04,Storage,Medium,Resolved,68.48
TKT004225,CUST00948,2025-08-01,Feature Request,Critical,Resolved,38.03
TKT004226,CUST01321,2025-10-23,Feature Request,Medium,Open,54.43
TKT004227,CUST00300,2025-08-28,Storage,Medium,Resolved,70.46
TKT004228,CUST00704,2025-02-07,Account,Medium,Resolved,10.77
TKT004229,CUST00380,2026-08-03,Feature Request,Low,Closed,36.83
TKT004230,CUST01174,2025-10-09,Account,High,Resolved,58.34
TKT004231,CUST01372,2026-03-01,Feature Request,Medium,Closed,15.89
TKT004232,CUST00119,2026-03-11,Account,Medium,Resolved,7.48
TKT004233,CUST00876,2025-01-06,Account,Medium,Resolved,67.54
TKT004234,CUST00197,2025-07-20,Account,Low,Closed,14.88
TKT004235,CUST01987,2025-11-09,Account,High,Resolved,10.72
TKT004236,CUST00675,2025-04-25,Account,High,Resolved,53.44
TKT004237,CUST00558,2025-06-26,Storage,Medium,Open,52.72
TKT004238,CUST01902,2026-08-10,Technical,High,Resolved,63.86
TKT004239,CUST00098,2025-04-12,Billing,Low,In Progress,54.17
TKT004240,CUST00813,2025-03-27,Account,Low,In Progress,20.2
TKT004241,CUST01231,2026-07-07,Storage,Low,Closed,26.47
TKT004242,CUST01134,2026-07-28,Storage,Low,Resolved,54.18
TKT004243,CUST00629,2025-05-17,Account,Medium,In Progress,38.8
TKT004244,CUST00151,2025-07-31,Account,Medium,Closed,3.38
TKT004245,CUST00756,2025-07-15,Storage,High,In Progress,64.15
TKT004246,CUST01595,2026-05-26,Billing,High,Closed,68.68
TKT004247,CUST00547,2026-08-10,Account,Medium,Open,16.69
TKT004248,CUST01230,2025-08-24,Feature Request,Medium,In Progress,15.71
TKT004249,CUST01085,2026-01-27,Feature Request,High,Resolved,39.18
TKT004250,CUST01623,2025-06-23,Storage,Medium,Closed,63.54
TKT004251,CUST01638,2025-10-19,Technical,Medium,Closed,39.46
TKT004252,CUST00360,2025-08-11,Feature Request,Medium,Resolved,11.34
TKT004253,CUST00905,2025-05-10,Technical,Low,Resolved,7.16
TKT004254,CUST00655,2025-12-04,Technical,Low,Closed,16.08
TKT004255,CUST00997,2025-11-28,Billing,High,In Progress,46.52
TKT004256,CUST00684,2025-11-11,Storage,Low,Resolved,48.28
TKT004257,CUST00300,2026-07-25,Feature Request,Medium,Closed,3.41
TKT004258,CUST00044,2025-05-03,Technical,Medium,Resolved,67.73
TKT004259,CUST01993,2025-11-15,Feature Request,Medium,Resolved,12.9
TKT004260,CUST01824,2026-02-21,Technical,Medium,Resolved,2.13
TKT004261,CUST00698,2026-04-21,Feature Request,Medium,Closed,43.12
TKT004262,CUST00446,2026-07-13,Billing,Low,Closed,62.65
TKT004263,CUST00785,2025-05-17,Billing,High,Closed,66.93
TKT004264,CUST00444,2025-05-07,Technical,Medium,Closed,9.2
TKT004265,CUST00195,2026-01-03,Feature Request,Critical,Resolved,69.68
TKT004266,CUST01023,2025-09-02,Account,Low,Closed,20.29
TKT004267,CUST01647,2025-11-10,Account,Medium,Resolved,6.08
TKT004268,CUST00437,2025-03-20,Storage,Critical,In Progress,22.95
TKT004269,CUST00958,2025-08-25,Account,Medium,Resolved,42.05
TKT004270,CUST01839,2026-02-08,Billing,Medium,Resolved,69.3
TKT004271,CUST01484,2025-01-07,Account,Medium,In Progress,38.6
TKT004272,CUST00166,2025-12-10,Storage,Low,Resolved,48.72
TKT004273,CUST00315,2025-01-12,Feature Request,Low,Resolved,3.72
TKT004274,CUST00161,2025-04-13,Technical,Low,Closed,26.64
TKT004275,CUST00576,2026-02-18,Feature Request,Low,Resolved,48.12
TKT004276,CUST00481,2026-06-07,Technical,Low,Closed,48.83
TKT004277,CUST01051,2026-01-23,Billing,Medium,Closed,38.73
TKT004278,CUST00271,2026-04-24,Billing,Medium,Closed,32.3
TKT004279,CUST01220,2025-09-17,Technical,High,Resolved,69.27
TKT004280,CUST01694,2026-05-04,Storage,Medium,Resolved,61.35
TKT004281,CUST00337,2025-08-21,Storage,Medium,Closed,7.3
TKT004282,CUST00297,2025-09-03,Technical,Medium,Resolved,34.79
TKT004283,CUST00323,2026-04-30,Account,Medium,Resolved,11.07
TKT004284,CUST01850,2026-07-13,Storage,Low,Resolved,33.36
TKT004285,CUST00610,2025-07-06,Storage,Medium,Resolved,48.66
TKT004286,CUST01117,2025-02-03,Technical,Medium,In Progress,20.07
TKT004287,CUST01900,2026-02-18,Technical,Medium,Open,44.97
TKT004288,CUST01790,2025-08-07,Technical,Low,Closed,28.88
TKT004289,CUST00633,2025-12-28,Account,Critical,Open,2.86
TKT004290,CUST00016,2025-12-10,Storage,Medium,Open,24.44
TKT004291,CUST00345,2026-03-31,Billing,Medium,Resolved,3.99
TKT004292,CUST01803,2025-10-09,Technical,High,Resolved,46.3
TKT004293,CUST00985,2026-07-09,Technical,Medium,In Progress,63.06
TKT004294,CUST01741,2026-04-03,Feature Request,High,Resolved,22.64
TKT004295,CUST00707,2025-10-16,Storage,Low,Resolved,71.81
TKT004296,CUST00122,2025-03-29,Account,Medium,Closed,6.89
TKT004297,CUST00660,2026-07-22,Billing,Medium,Resolved,15.52
TKT004298,CUST00405,2026-04-24,Feature Request,Medium,Resolved,18.49
TKT004299,CUST01775,2025-05-31,Feature Request,High,Closed,29.89
TKT004300,CUST00561,2025-07-30,Technical,High,Resolved,64.83
TKT004301,CUST00620,2026-03-31,Technical,Low,Resolved,34.48
TKT004302,CUST00143,2025-08-03,Storage,High,Closed,37.4
TKT004303,CUST00840,2026-06-30,Billing,Medium,Closed,28.93
TKT004304,CUST01659,2025-10-24,Storage,Low,Closed,67.82
TKT004305,CUST01191,2025-09-09,Feature Request,Medium,In Progress,14.98
TKT004306,CUST01783,2025-05-23,Technical,Low,In Progress,10.54
TKT004307,CUST01717,2025-08-30,Account,Low,Closed,66.02
TKT004308,CUST01758,2025-02-27,Feature Request,High,Closed,56.5
TKT004309,CUST01938,2025-02-20,Feature Request,High,Resolved,39.91
TKT004310,CUST00584,2026-01-04,Billing,Low,Resolved,11.09
TKT004311,CUST00906,2026-07-17,Billing,High,In Progress,35.9
TKT004312,CUST00680,2026-05-12,Account,Low,In Progress,47.89
TKT004313,CUST01654,2025-09-11,Storage,High,Closed,5.92
TKT004314,CUST00751,2026-05-22,Account,Low,Resolved,45.57
TKT004315,CUST01208,2026-02-05,Storage,Low,Open,13.09
TKT004316,CUST00699,2026-03-31,Technical,Low,Open,48.42
TKT004317,CUST01427,2025-09-13,Technical,Medium,In Progress,46.56
TKT004318,CUST01481,2025-07-06,Account,Medium,In Progress,13.41
TKT004319,CUST01225,2025-07-27,Account,Low,Closed,39.06
TKT004320,CUST01075,2025-12-22,Storage,Medium,Resolved,47.66
TKT004321,CUST00604,2026-07-15,Feature Request,High,Resolved,51.49
TKT004322,CUST01683,2025-11-29,Technical,High,Resolved,64.76
TKT004323,CUST00031,2025-12-06,Feature Request,Low,In Progress,56.73
TKT004324,CUST01328,2026-08-04,Feature Request,Low,Resolved,39.06
TKT004325,CUST01195,2025-04-07,Billing,Medium,Resolved,41.28
TKT004326,CUST00666,2025-10-23,Technical,Critical,In Progress,35.04
TKT004327,CUST00156,2025-12-21,Account,Medium,Closed,30.02
TKT004328,CUST01119,2025-03-16,Billing,Critical,Resolved,31.83
TKT004329,CUST00442,2025-04-04,Technical,Medium,Closed,27.1
TKT004330,CUST01548,2025-05-19,Technical,Low,In Progress,37.03
TKT004331,CUST00062,2025-12-31,Account,High,Open,18.91
TKT004332,CUST01382,2026-08-24,Account,Low,Resolved,23.27
TKT004333,CUST01039,2025-05-27,Feature Request,High,Open,12.69
TKT004334,CUST01923,2025-01-18,Storage,Medium,Resolved,8.2
TKT004335,CUST01245,2026-03-03,Technical,Medium,Resolved,55.38
TKT004336,CUST00438,2025-07-29,Billing,Medium,Resolved,46.38
TKT004337,CUST01160,2025-12-31,Technical,Medium,Open,65.46
TKT004338,CUST00258,2025-07-17,Billing,Medium,Resolved,12.84
TKT004339,CUST01398,2025-09-08,Billing,Medium,Resolved,10.83
TKT004340,CUST00515,2025-11-25,Account,Medium,Closed,69.7
TKT004341,CUST01566,2025-10-14,Account,Medium,Resolved,47.55
TKT004342,CUST00481,2026-04-10,Account,Medium,In Progress,21.55
TKT004343,CUST01316,2026-07-21,Feature Request,Low,Resolved,32.29
TKT004344,CUST00341,2025-01-02,Technical,High,Open,20.41
TKT004345,CUST00419,2025-02-25,Storage,Low,Resolved,1.56
TKT004346,CUST01232,2026-01-18,Billing,Low,In Progress,51.83
TKT004347,CUST01610,2025-01-31,Technical,Low,Resolved,55.31
TKT004348,CUST01452,2025-05-28,Account,Low,Closed,45.65
TKT004349,CUST01921,2025-11-03,Feature Request,Medium,Open,68.29
TKT004350,CUST00001,2025-09-08,Feature Request,High,Open,1.23
TKT004351,CUST01568,2025-04-28,Technical,Low,Resolved,61.3
TKT004352,CUST01192,2025-10-22,Account,High,Closed,23.87
TKT004353,CUST00657,2025-12-25,Account,Medium,Closed,42.51
TKT004354,CUST01670,2025-10-22,Technical,Low,Open,47.02
TKT004355,CUST00453,2026-04-25,Feature Request,High,Closed,1.17
TKT004356,CUST01001,2026-01-17,Feature Request,Low,Closed,69.99
TKT004357,CUST00475,2025-03-23,Storage,Medium,Open,35.85
TKT004358,CUST00226,2025-07-06,Technical,Medium,Resolved,58.82
TKT004359,CUST00001,2026-05-12,Billing,Low,Resolved,64.36
TKT004360,CUST01510,2025-10-24,Billing,Medium,Open,59.86
TKT004361,CUST00439,2026-01-27,Technical,High,Resolved,11.8
TKT004362,CUST00160,2025-07-10,Feature Request,High,Resolved,57.59
TKT004363,CUST01505,2026-08-02,Billing,Medium,Resolved,49.85
TKT004364,CUST00955,2025-01-18,Storage,Medium,Resolved,13.87
TKT004365,CUST00703,2025-12-30,Feature Request,Medium,In Progress,46.17
TKT004366,CUST00937,2025-07-12,Billing,High,Resolved,22.59
TKT004367,CUST01015,2025-04-09,Storage,Low,In Progress,38.97
TKT004368,CUST01145,2026-04-18,Billing,Medium,In Progress,47.91
TKT004369,CUST00723,2026-05-19,Feature Request,Medium,Closed,9.55
TKT004370,CUST01103,2026-05-29,Storage,Medium,In Progress,45.76
TKT004371,CUST01674,2025-12-22,Billing,Medium,Resolved,15.19
TKT004372,CUST00042,2025-12-28,Account,Low,Closed,58.87
TKT004373,CUST01370,2025-12-08,Account,Medium,Closed,27.13
TKT004374,CUST01218,2025-08-25,Feature Request,Medium,Resolved,6.39
TKT004375,CUST01992,2025-01-29,Feature Request,High,Closed,59.23
TKT004376,CUST01641,2026-05-10,Storage,Low,Resolved,44.44
TKT004377,CUST00459,2025-12-25,Technical,Medium,Closed,50.54
TKT004378,CUST00824,2026-07-02,Billing,Medium,Resolved,52.73
TKT004379,CUST00746,2026-03-27,Technical,Low,Closed,42.16
TKT004380,CUST00181,2025-12-19,Account,Medium,Closed,28.39
TKT004381,CUST00453,2025-07-24,Billing,Medium,Open,51.52
TKT004382,CUST01024,2026-02-17,Account,High,Resolved,70.76
TKT004383,CUST00907,2025-08-13,Billing,High,Resolved,35.97
TKT004384,CUST01936,2025-09-19,Storage,Low,In Progress,29.96
TKT004385,CUST00697,2025-04-03,Technical,Medium,Resolved,53.81
TKT004386,CUST01123,2026-07-05,Feature Request,Low,Resolved,32.57
TKT004387,CUST00923,2026-07-26,Storage,Low,Closed,62.92
TKT004388,CUST01099,2026-05-23,Billing,High,Closed,58.07
TKT004389,CUST01892,2026-04-14,Account,Medium,Resolved,62.02
TKT004390,CUST00414,2025-03-08,Technical,Low,Closed,67.5
TKT004391,CUST01778,2025-01-06,Technical,High,Closed,41.23
TKT004392,CUST00899,2026-05-30,Account,Low,Closed,57.49
TKT004393,CUST01766,2025-08-21,Storage,Low,Closed,34.51
TKT004394,CUST00756,2025-10-14,Storage,High,Resolved,44.36
TKT004395,CUST00920,2025-03-01,Feature Request,Medium,Resolved,56.86
TKT004396,CUST01285,2025-01-29,Technical,Low,Closed,2.77
TKT004397,CUST00525,2026-05-23,Feature Request,High,Resolved,40.29
TKT004398,CUST00299,2025-11-17,Billing,Low,Resolved,45.72
TKT004399,CUST00150,2025-03-18,Account,Medium,Resolved,35.18
TKT004400,CUST00802,2025-03-16,Feature Request,Low,Resolved,23.63
TKT004401,CUST00855,2025-11-26,Feature Request,Low,Resolved,54.37
TKT004402,CUST00684,2025-02-28,Feature Request,High,Closed,69.93
TKT004403,CUST01166,2025-01-07,Billing,Medium,Closed,31.65
TKT004404,CUST01296,2025-03-05,Billing,Medium,Resolved,44.04
TKT004405,CUST00167,2025-06-02,Billing,Medium,In Progress,30.89
TKT004406,CUST01450,2025-12-20,Feature Request,High,Resolved,12.73
TKT004407,CUST00656,2025-05-23,Storage,High,Closed,9.04
TKT004408,CUST00518,2025-12-21,Account,Low,Resolved,39.28
TKT004409,CUST01033,2026-06-16,Account,Medium,Open,46.14
TKT004410,CUST01459,2025-09-13,Billing,High,Closed,67.44
TKT004411,CUST01052,2025-11-13,Technical,Medium,Resolved,39.37
TKT004412,CUST01986,2026-05-10,Technical,Low,In Progress,33.21
TKT004413,CUST01661,2025-02-21,Feature Request,Low,Closed,16.32
TKT004414,CUST01643,2025-07-08,Feature Request,Low,In Progress,4.93
TKT004415,CUST01458,2025-06-22,Account,Low,Closed,33.72
TKT004416,CUST01875,2025-08-11,Account,High,Closed,27.9
TKT004417,CUST00379,2025-04-11,Account,High,Closed,3.79
TKT004418,CUST01128,2026-02-06,Technical,Critical,Closed,39.21
TKT004419,CUST01435,2025-03-30,Feature Request,Low,Resolved,45.21
TKT004420,CUST01743,2025-07-05,Account,Medium,Closed,54.17
TKT004421,CUST00332,2025-10-09,Technical,Medium,Resolved,33.15
TKT004422,CUST01961,2025-09-30,Account,High,Resolved,66.02
TKT004423,CUST01272,2025-05-30,Account,High,Resolved,49.34
TKT004424,CUST01813,2025-04-02,Account,Medium,Open,71.83
TKT004425,CUST01717,2025-10-17,Account,Low,Closed,60.47
TKT004426,CUST00502,2025-02-03,Storage,Low,Resolved,45.45
TKT004427,CUST01522,2025-05-06,Account,High,Resolved,29.97
TKT004428,CUST00833,2025-08-18,Account,Low,Resolved,71.42
TKT004429,CUST01681,2025-10-13,Account,Medium,Closed,17.12
TKT004430,CUST00173,2026-05-13,Storage,Medium,Closed,37.06
TKT004431,CUST01293,2026-08-04,Storage,Low,Closed,31.91
TKT004432,CUST01947,2025-10-25,Storage,Low,Resolved,66.72
TKT004433,CUST01825,2025-10-12,Billing,Low,Resolved,33.97
TKT004434,CUST01795,2025-12-20,Technical,Critical,Closed,53.9
TKT004435,CUST00034,2026-05-26,Feature Request,Low,Resolved,45.62
TKT004436,CUST01905,2025-05-15,Feature Request,High,Resolved,43.86
TKT004437,CUST00565,2026-01-10,Storage,Medium,Closed,3.32
TKT004438,CUST00267,2025-07-26,Account,High,Resolved,55.39
TKT004439,CUST01301,2025-06-23,Storage,Medium,Closed,42.88
TKT004440,CUST00019,2025-07-12,Account,Medium,Resolved,51.37
TKT004441,CUST01014,2025-09-21,Storage,Low,Resolved,18.86
TKT004442,CUST01431,2025-01-17,Account,Medium,In Progress,21.42
TKT004443,CUST00562,2025-09-05,Storage,Low,Resolved,63.23
TKT004444,CUST01611,2025-09-25,Feature Request,Critical,Closed,39.51
TKT004445,CUST00185,2025-02-24,Technical,Medium,Resolved,71.37
TKT004446,CUST00560,2025-03-23,Account,Medium,Closed,6.9
TKT004447,CUST00147,2025-03-31,Technical,Medium,Resolved,45.08
TKT004448,CUST00334,2025-05-06,Storage,Low,Closed,67.77
TKT004449,CUST00455,2026-05-24,Billing,High,Resolved,14.69
TKT004450,CUST00992,2026-01-22,Technical,High,Closed,39.27
TKT004451,CUST01136,2025-01-10,Feature Request,Medium,In Progress,7.81
TKT004452,CUST00074,2025-10-24,Feature Request,Medium,Resolved,58.52
TKT004453,CUST01566,2025-12-04,Account,Low,Open,14.16
TKT004454,CUST00364,2025-09-05,Billing,High,Closed,16.56
TKT004455,CUST01904,2025-08-19,Feature Request,Low,In Progress,36.84
TKT004456,CUST00577,2026-01-07,Account,Low,Closed,44.69
TKT004457,CUST00903,2025-12-05,Account,Low,Closed,64.54
TKT004458,CUST00004,2025-12-26,Technical,High,Resolved,20.12
TKT004459,CUST00565,2025-09-07,Billing,Low,Closed,2.48
TKT004460,CUST01868,2025-07-08,Billing,Low,Open,23.15
TKT004461,CUST00237,2025-04-09,Account,Medium,Open,68.62
TKT004462,CUST01388,2026-06-06,Account,Medium,In Progress,47.59
TKT004463,CUST00332,2026-04-02,Storage,Medium,Resolved,33.34
TKT004464,CUST01766,2025-12-19,Billing,Medium,Resolved,18.38
TKT004465,CUST01739,2025-01-25,Account,High,Closed,45.67
TKT004466,CUST01266,2025-01-03,Account,High,Open,33.16
TKT004467,CUST01733,2025-08-08,Account,Low,Closed,11.63
TKT004468,CUST01380,2025-07-14,Billing,Low,Resolved,21.08
TKT004469,CUST01069,2026-06-22,Storage,Critical,Resolved,32.62
TKT004470,CUST01375,2026-04-16,Storage,Low,Open,62.09
TKT004471,CUST01264,2026-08-30,Storage,Medium,Open,18.97
TKT004472,CUST00213,2025-09-04,Account,Medium,Closed,37.43
TKT004473,CUST00560,2026-01-23,Technical,High,Resolved,55.62
TKT004474,CUST00758,2026-08-31,Feature Request,Medium,Resolved,14.25
TKT004475,CUST01183,2025-01-18,Feature Request,Medium,Resolved,11.5
TKT004476,CUST00368,2025-03-13,Technical,High,In Progress,56.17
TKT004477,CUST00284,2025-10-02,Billing,Low,Closed,41.1
TKT004478,CUST00560,2025-09-02,Billing,Low,Closed,23.17
TKT004479,CUST01199,2025-01-08,Feature Request,Low,Closed,9.48
TKT004480,CUST01649,2025-10-05,Technical,Medium,In Progress,46.2
TKT004481,CUST00798,2025-03-14,Storage,High,In Progress,15.16
TKT004482,CUST00097,2026-01-01,Billing,Low,Closed,47.89
TKT004483,CUST01454,2025-05-19,Storage,High,Closed,4.63
TKT004484,CUST01993,2026-07-29,Account,Medium,Resolved,63.92
TKT004485,CUST00670,2026-07-26,Feature Request,Low,Resolved,20.72
TKT004486,CUST01777,2025-04-16,Storage,Medium,Resolved,38.17
TKT004487,CUST00865,2026-05-16,Storage,Low,In Progress,47.71
TKT004488,CUST00312,2026-06-11,Account,Low,Open,61.47
TKT004489,CUST01798,2025-08-16,Storage,Low,Resolved,9.29
TKT004490,CUST00058,2025-10-07,Storage,Medium,In Progress,62.5
TKT004491,CUST00786,2025-01-19,Billing,Medium,In Progress,42.24
TKT004492,CUST00108,2026-03-26,Technical,High,Resolved,68.21
TKT004493,CUST00798,2025-10-14,Storage,Low,Resolved,63.83
TKT004494,CUST00834,2025-12-19,Technical,Medium,Open,55.69
TKT004495,CUST00406,2025-10-09,Storage,Medium,Resolved,6.43
TKT004496,CUST01416,2025-08-25,Storage,Medium,Resolved,59.65
TKT004497,CUST00694,2026-01-23,Billing,Low,In Progress,47.76
TKT004498,CUST00442,2025-12-26,Feature Request,High,Resolved,14.86
TKT004499,CUST00470,2026-04-28,Account,Medium,Open,2.42
TKT004500,CUST00997,2026-06-24,Storage,Low,Resolved,24.27
TKT004501,CUST01572,2025-07-24,Storage,Low,Resolved,44.63
TKT004502,CUST00411,2026-04-12,Billing,High,Closed,32.25
TKT004503,CUST00894,2025-08-14,Feature Request,High,Open,59.24
TKT004504,CUST00798,2026-03-10,Account,Low,Closed,42.05
TKT004505,CUST00824,2026-06-02,Billing,Low,Closed,8.39
TKT004506,CUST00790,2025-05-03,Account,Medium,In Progress,69.93
TKT004507,CUST00607,2025-01-20,Billing,Medium,Resolved,47.62
TKT004508,CUST01990,2026-03-01,Billing,Medium,Closed,10.29
TKT004509,CUST01012,2025-10-16,Storage,High,Resolved,54.15
TKT004510,CUST00094,2025-02-25,Storage,Critical,Closed,8.06
TKT004511,CUST00138,2026-06-04,Technical,Medium,Closed,61.41
TKT004512,CUST01990,2025-08-26,Technical,Low,Resolved,61.19
TKT004513,CUST01069,2026-01-12,Feature Request,High,In Progress,40.52
TKT004514,CUST01026,2026-08-11,Technical,High,Resolved,20.44
TKT004515,CUST01195,2026-07-25,Account,High,Closed,26.74
TKT004516,CUST01664,2025-05-06,Technical,Medium,Closed,4.55
TKT004517,CUST01950,2026-04-17,Feature Request,Low,Resolved,25.29
TKT004518,CUST00918,2025-10-12,Technical,High,Closed,53.02
TKT004519,CUST00551,2026-06-05,Storage,Medium,Resolved,60.77
TKT004520,CUST01649,2025-01-09,Billing,Medium,Resolved,33.79
TKT004521,CUST00835,2026-03-03,Technical,Low,In Progress,39.69
TKT004522,CUST00362,2025-03-31,Storage,Low,Resolved,18.68
TKT004523,CUST01226,2025-01-02,Billing,Low,Resolved,49.0
TKT004524,CUST01499,2025-10-03,Technical,High,Resolved,43.8
TKT004525,CUST00388,2025-05-01,Feature Request,Low,Closed,34.47
TKT004526,CUST01395,2026-05-03,Account,Low,Resolved,4.8
TKT004527,CUST00384,2025-02-23,Account,Low,Resolved,31.78
TKT004528,CUST00749,2025-07-01,Storage,High,Resolved,45.37
TKT004529,CUST00957,2026-08-13,Billing,Low,Resolved,48.65
TKT004530,CUST01248,2025-01-29,Technical,Low,Resolved,36.24
TKT004531,CUST01060,2025-08-12,Technical,Medium,Open,8.17
TKT004532,CUST01184,2025-10-01,Storage,Low,In Progress,32.91
TKT004533,CUST01136,2025-05-09,Technical,Medium,Resolved,65.92
TKT004534,CUST01596,2025-11-29,Account,Critical,Resolved,35.98
TKT004535,CUST00672,2025-09-09,Storage,Medium,Closed,28.37
TKT004536,CUST00575,2025-06-08,Technical,Low,In Progress,16.02
TKT004537,CUST01632,2025-06-06,Billing,Low,In Progress,48.04
TKT004538,CUST01452,2025-05-05,Technical,Medium,Resolved,47.46
TKT004539,CUST00039,2025-12-15,Feature Request,Medium,Resolved,30.4
TKT004540,CUST00339,2025-06-09,Storage,Medium,Resolved,39.34
TKT004541,CUST01008,2025-06-25,Technical,Medium,Closed,38.02
TKT004542,CUST00923,2025-04-01,Storage,Medium,Resolved,18.35
TKT004543,CUST00301,2025-04-29,Storage,Medium,Closed,42.7
TKT004544,CUST01542,2025-04-17,Billing,Low,Closed,41.94
TKT004545,CUST00475,2026-05-24,Billing,Low,Closed,25.71
TKT004546,CUST01346,2025-06-26,Account,Low,Closed,33.67
TKT004547,CUST00079,2025-10-30,Account,Low,In Progress,63.44
TKT004548,CUST01548,2025-09-13,Storage,High,Resolved,42.18
TKT004549,CUST00473,2025-12-28,Feature Request,Low,In Progress,54.12
TKT004550,CUST01264,2025-10-26,Billing,Medium,Closed,71.9
TKT004551,CUST01265,2025-06-04,Feature Request,Medium,Resolved,30.35
TKT004552,CUST00604,2025-02-01,Feature Request,Low,In Progress,66.0
TKT004553,CUST01207,2025-08-04,Storage,High,Closed,49.89
TKT004554,CUST01211,2025-10-09,Account,Medium,Closed,47.09
TKT004555,CUST00720,2025-03-09,Billing,Low,In Progress,63.09
TKT004556,CUST01535,2025-06-12,Billing,Medium,Resolved,38.67
TKT004557,CUST01872,2026-06-16,Storage,Low,Resolved,29.1
TKT004558,CUST01818,2026-01-13,Feature Request,High,Open,37.21
TKT004559,CUST00997,2025-02-10,Feature Request,High,In Progress,23.06
TKT004560,CUST01056,2025-01-21,Billing,Medium,Resolved,17.81
TKT004561,CUST01453,2025-07-05,Billing,High,Closed,65.96
TKT004562,CUST01782,2025-11-13,Billing,Medium,Closed,3.43
TKT004563,CUST01256,2026-07-26,Technical,High,Resolved,47.83
TKT004564,CUST01242,2026-07-23,Billing,Medium,Resolved,4.21
TKT004565,CUST00119,2026-06-06,Feature Request,Low,Resolved,12.27
TKT004566,CUST01446,2025-12-21,Storage,Low,Open,48.84
TKT004567,CUST01707,2025-06-12,Billing,Medium,Resolved,3.45
TKT004568,CUST00456,2025-04-28,Billing,Low,In Progress,9.41
TKT004569,CUST00959,2025-05-05,Billing,Medium,Closed,50.72
TKT004570,CUST01057,2026-03-06,Feature Request,High,Resolved,4.97
TKT004571,CUST01356,2026-08-14,Technical,Medium,Resolved,3.41
TKT004572,CUST01382,2026-05-04,Feature Request,High,Closed,11.15
TKT004573,CUST01559,2025-06-30,Billing,Low,Resolved,66.96
TKT004574,CUST00897,2025-07-13,Technical,Low,Resolved,67.09
TKT004575,CUST01195,2025-07-27,Account,High,In Progress,11.84
TKT004576,CUST00651,2026-07-09,Feature Request,Critical,Resolved,17.41
TKT004577,CUST00740,2025-07-22,Feature Request,Medium,Closed,48.6
TKT004578,CUST00895,2026-05-07,Storage,Medium,Closed,43.47
TKT004579,CUST00183,2026-06-24,Technical,Medium,In Progress,18.9
TKT004580,CUST00259,2025-08-06,Billing,High,Resolved,44.94
TKT004581,CUST00026,2025-11-14,Technical,Low,Resolved,27.28
TKT004582,CUST01851,2026-06-24,Billing,Low,Resolved,33.56
TKT004583,CUST01773,2025-01-12,Billing,Medium,Closed,55.78
TKT004584,CUST00648,2025-11-23,Billing,Medium,Resolved,18.0
TKT004585,CUST00324,2025-11-05,Storage,Medium,Closed,36.42
TKT004586,CUST00538,2025-11-01,Feature Request,High,Resolved,65.63
TKT004587,CUST00874,2025-03-29,Account,Low,In Progress,41.94
TKT004588,CUST00749,2026-07-07,Storage,High,In Progress,23.65
TKT004589,CUST00549,2026-03-02,Billing,Low,In Progress,4.09
TKT004590,CUST01178,2025-11-02,Feature Request,Medium,Resolved,4.99
TKT004591,CUST01839,2026-08-29,Account,High,Resolved,71.68
TKT004592,CUST00337,2026-02-13,Account,High,Resolved,20.45
TKT004593,CUST01901,2025-04-03,Storage,Medium,Closed,17.05
TKT004594,CUST00112,2025-12-03,Billing,High,Resolved,44.78
TKT004595,CUST00434,2026-03-05,Technical,Low,In Progress,29.12
TKT004596,CUST01787,2026-06-28,Account,Medium,Open,66.72
TKT004597,CUST00793,2026-06-24,Billing,High,Closed,28.03
TKT004598,CUST01055,2026-08-26,Billing,Low,Closed,15.79
TKT004599,CUST01198,2025-10-24,Account,High,Resolved,57.51
TKT004600,CUST00845,2026-06-08,Storage,Critical,In Progress,8.45
TKT004601,CUST00355,2025-09-13,Storage,Low,Resolved,30.04
TKT004602,CUST01482,2025-06-13,Technical,Critical,Resolved,11.65
TKT004603,CUST01293,2025-01-29,Account,Low,Resolved,53.2
TKT004604,CUST00129,2026-03-03,Storage,Low,Resolved,9.0
TKT004605,CUST01564,2025-10-22,Storage,Low,Closed,37.88
TKT004606,CUST00782,2026-07-26,Feature Request,Medium,Closed,62.44
TKT004607,CUST01004,2025-05-16,Billing,High,Open,46.82
TKT004608,CUST00704,2025-12-05,Feature Request,Medium,Resolved,29.45
TKT004609,CUST00691,2025-09-11,Feature Request,Medium,Closed,59.69
TKT004610,CUST00148,2025-04-04,Feature Request,Low,Open,50.85
TKT004611,CUST00005,2025-11-02,Billing,Low,Open,22.6
TKT004612,CUST01991,2026-06-27,Account,Medium,Closed,43.51
TKT004613,CUST00004,2025-05-30,Billing,Low,In Progress,8.4
TKT004614,CUST01945,2025-03-16,Storage,High,Open,33.7
TKT004615,CUST00524,2025-05-09,Feature Request,Low,Resolved,53.73
TKT004616,CUST00762,2026-03-17,Billing,High,Resolved,8.54
TKT004617,CUST01452,2026-05-29,Technical,Medium,Open,30.43
TKT004618,CUST00626,2025-05-16,Billing,Medium,Resolved,57.87
TKT004619,CUST01197,2025-03-18,Billing,Medium,Closed,7.05
TKT004620,CUST01499,2025-03-29,Billing,Medium,In Progress,42.25
TKT004621,CUST00152,2025-03-12,Technical,Medium,Open,47.84
TKT004622,CUST01305,2026-08-02,Feature Request,High,In Progress,61.73
TKT004623,CUST00848,2025-12-04,Technical,Medium,Closed,45.84
TKT004624,CUST01244,2025-12-18,Feature Request,Medium,Resolved,24.0
TKT004625,CUST01700,2026-03-20,Billing,Medium,Closed,15.12
TKT004626,CUST00321,2026-07-02,Account,Medium,Closed,5.04
TKT004627,CUST00430,2025-10-09,Account,Medium,Resolved,49.58
TKT004628,CUST00796,2025-04-20,Storage,Low,Resolved,44.22
TKT004629,CUST01615,2025-11-20,Account,Low,Closed,6.6
TKT004630,CUST01375,2025-01-21,Technical,Medium,Open,59.96
TKT004631,CUST01554,2025-07-27,Feature Request,Low,Resolved,58.32
TKT004632,CUST00462,2026-01-24,Billing,High,Closed,45.54
TKT004633,CUST01379,2026-02-18,Account,Medium,Resolved,34.23
TKT004634,CUST00628,2025-03-26,Technical,High,Resolved,53.14
TKT004635,CUST00213,2025-01-06,Storage,Critical,Resolved,19.9
TKT004636,CUST01382,2025-04-06,Storage,High,Closed,52.01
TKT004637,CUST00631,2026-04-21,Billing,Medium,Closed,70.71
TKT004638,CUST01135,2025-09-28,Account,High,Resolved,48.25
TKT004639,CUST01402,2025-01-11,Feature Request,Medium,Open,15.07
TKT004640,CUST01293,2026-03-29,Account,Medium,Closed,24.52
TKT004641,CUST00201,2026-06-19,Billing,High,Open,36.13
TKT004642,CUST00933,2026-05-31,Billing,High,Closed,41.58
TKT004643,CUST01098,2026-07-16,Storage,Medium,Closed,18.16
TKT004644,CUST01948,2025-08-08,Storage,Low,Resolved,53.21
TKT004645,CUST01821,2025-06-08,Technical,High,Open,49.36
TKT004646,CUST00545,2026-01-30,Account,Medium,Closed,34.34
TKT004647,CUST01388,2025-07-02,Storage,Medium,Open,22.39
TKT004648,CUST01949,2025-08-19,Billing,Medium,Closed,44.08
TKT004649,CUST00231,2025-02-24,Technical,Low,Open,15.98
TKT004650,CUST00258,2025-02-25,Account,Low,Closed,57.63
TKT004651,CUST01218,2025-08-16,Feature Request,Low,Resolved,37.68
TKT004652,CUST00779,2025-04-11,Feature Request,Medium,Closed,19.94
TKT004653,CUST00621,2026-01-27,Account,Low,Closed,37.99
TKT004654,CUST00300,2026-05-04,Technical,Low,In Progress,44.53
TKT004655,CUST01428,2025-11-19,Account,High,Resolved,24.52
TKT004656,CUST01270,2025-02-24,Technical,Medium,Resolved,61.1
TKT004657,CUST01938,2026-04-25,Technical,Medium,Resolved,63.0
TKT004658,CUST01111,2025-02-20,Account,Low,Closed,28.6
TKT004659,CUST00176,2025-12-04,Technical,Medium,Resolved,15.97
TKT004660,CUST01176,2026-04-24,Billing,Medium,In Progress,9.91
TKT004661,CUST01475,2025-03-14,Account,Critical,Resolved,12.28
TKT004662,CUST01098,2025-06-30,Technical,High,Resolved,4.25
TKT004663,CUST00371,2025-10-06,Technical,High,Closed,23.37
TKT004664,CUST00736,2025-11-28,Feature Request,Low,In Progress,20.02
TKT004665,CUST00866,2025-07-09,Billing,Low,Resolved,16.0
TKT004666,CUST01882,2025-12-26,Technical,Low,In Progress,12.95
TKT004667,CUST01124,2026-05-23,Account,Low,Resolved,66.7
TKT004668,CUST00378,2025-08-02,Billing,Medium,Resolved,37.23
TKT004669,CUST00176,2026-07-22,Billing,Low,Resolved,3.05
TKT004670,CUST01616,2025-06-24,Storage,Low,Resolved,28.43
TKT004671,CUST01165,2026-02-09,Billing,Medium,Closed,66.85
TKT004672,CUST00501,2025-04-16,Account,Low,Resolved,51.96
TKT004673,CUST01982,2025-03-26,Storage,Low,In Progress,7.21
TKT004674,CUST01322,2025-02-15,Feature Request,Low,Resolved,35.1
TKT004675,CUST00886,2026-04-05,Storage,Medium,Resolved,8.15
TKT004676,CUST01681,2025-12-13,Feature Request,Low,Closed,40.24
TKT004677,CUST00032,2025-06-03,Storage,High,Resolved,3.52
TKT004678,CUST00061,2025-10-30,Billing,Medium,In Progress,55.9
TKT004679,CUST00543,2026-03-24,Technical,Low,Open,28.9
TKT004680,CUST01739,2025-07-16,Feature Request,Critical,Closed,71.5
TKT004681,CUST01907,2026-02-04,Feature Request,Low,Resolved,4.28
TKT004682,CUST00806,2025-10-24,Technical,Medium,Closed,29.32
TKT004683,CUST00943,2025-06-24,Billing,Low,Resolved,40.54
TKT004684,CUST00105,2025-06-02,Account,Medium,Resolved,18.39
TKT004685,CUST01363,2025-01-17,Billing,Medium,In Progress,19.81
TKT004686,CUST01731,2025-06-23,Storage,Medium,Closed,24.63
TKT004687,CUST01625,2025-10-25,Billing,High,Closed,2.89
TKT004688,CUST01784,2026-06-30,Billing,Medium,Resolved,71.79
TKT004689,CUST00998,2026-07-10,Billing,Medium,Open,13.13
TKT004690,CUST01065,2026-05-23,Technical,High,Closed,10.16
TKT004691,CUST01379,2025-04-23,Technical,High,In Progress,55.21
TKT004692,CUST01645,2025-12-21,Account,Medium,Open,24.03
TKT004693,CUST00254,2026-06-05,Technical,Medium,Resolved,54.8
TKT004694,CUST00678,2025-10-11,Feature Request,Low,Resolved,44.41
TKT004695,CUST00849,2025-02-03,Storage,Low,Closed,41.82
TKT004696,CUST00779,2026-02-26,Billing,High,Resolved,54.73
TKT004697,CUST01892,2025-04-23,Feature Request,High,Closed,66.18
TKT004698,CUST00528,2026-02-28,Technical,Medium,Resolved,34.83
TKT004699,CUST00298,2025-08-30,Technical,Medium,Resolved,63.66
TKT004700,CUST00938,2025-05-07,Billing,High,Resolved,45.74
TKT004701,CUST01430,2025-11-30,Feature Request,High,Resolved,63.57
TKT004702,CUST00803,2026-01-11,Technical,Critical,Open,39.89
TKT004703,CUST00086,2025-10-20,Storage,Low,In Progress,39.74
TKT004704,CUST00882,2026-01-27,Billing,Critical,Resolved,50.76
TKT004705,CUST01424,2025-08-05,Account,Medium,Resolved,50.47
TKT004706,CUST01892,2025-09-21,Storage,Medium,Resolved,24.6
TKT004707,CUST00776,2025-11-21,Storage,Low,Closed,27.41
TKT004708,CUST00246,2025-10-16,Account,Medium,Open,64.44
TKT004709,CUST00284,2025-10-24,Feature Request,Low,In Progress,70.26
TKT004710,CUST00085,2025-10-11,Technical,High,Resolved,47.59
TKT004711,CUST00129,2025-08-13,Account,Low,Closed,18.62
TKT004712,CUST00753,2025-12-27,Technical,Low,Open,2.84
TKT004713,CUST00581,2026-01-09,Technical,Medium,Open,21.94
TKT004714,CUST00519,2026-07-02,Account,Medium,Resolved,30.15
TKT004715,CUST00727,2025-11-02,Billing,Medium,Resolved,66.67
TKT004716,CUST01742,2026-01-31,Feature Request,Low,Closed,51.55
TKT004717,CUST01057,2025-08-20,Storage,Low,Resolved,52.43
TKT004718,CUST00602,2026-02-26,Storage,Medium,Closed,42.79
TKT004719,CUST01870,2025-10-07,Account,Medium,In Progress,20.17
TKT004720,CUST00286,2025-09-25,Technical,Low,Resolved,36.64
TKT004721,CUST01994,2025-06-05,Feature Request,Low,Resolved,62.12
TKT004722,CUST00528,2025-09-17,Technical,High,Resolved,69.99
TKT004723,CUST00240,2025-09-30,Technical,Low,In Progress,48.08
TKT004724,CUST00026,2026-06-10,Storage,Low,Resolved,11.96
TKT004725,CUST01682,2025-05-07,Technical,Low,In Progress,30.4
TKT004726,CUST01202,2025-01-19,Account,Low,Closed,1.86
TKT004727,CUST00570,2025-08-27,Technical,Low,Resolved,71.58
TKT004728,CUST00617,2025-01-28,Account,Medium,Open,63.59
TKT004729,CUST01171,2025-08-16,Account,Medium,In Progress,60.1
TKT004730,CUST00894,2025-06-16,Technical,Low,In Progress,30.91
TKT004731,CUST00301,2025-08-18,Storage,Low,Resolved,37.96
TKT004732,CUST00089,2025-08-19,Storage,Critical,Closed,55.42
TKT004733,CUST01485,2026-05-05,Storage,Low,Open,1.42
TKT004734,CUST01466,2025-08-06,Storage,Medium,Resolved,49.39
TKT004735,CUST00618,2025-01-04,Feature Request,High,Open,37.52
TKT004736,CUST00492,2025-05-17,Technical,Low,Closed,64.83
TKT004737,CUST00361,2025-01-06,Technical,High,Resolved,52.26
TKT004738,CUST01878,2025-07-22,Storage,Medium,Resolved,1.55
TKT004739,CUST00905,2025-03-16,Feature Request,Low,Closed,2.67
TKT004740,CUST01044,2026-01-26,Storage,Medium,Resolved,46.97
TKT004741,CUST01822,2025-07-08,Feature Request,Low,Closed,31.46
TKT004742,CUST01738,2025-08-06,Feature Request,Low,Resolved,30.0
TKT004743,CUST01725,2026-06-23,Technical,Low,Open,67.89
TKT004744,CUST01298,2026-07-15,Billing,Critical,Resolved,33.42
TKT004745,CUST00042,2026-06-08,Technical,Low,Resolved,4.15
TKT004746,CUST00999,2025-12-14,Technical,High,In Progress,52.55
TKT004747,CUST00068,2025-11-05,Account,Low,In Progress,6.62
TKT004748,CUST00709,2026-05-28,Feature Request,Low,Closed,44.44
TKT004749,CUST00682,2025-04-29,Billing,High,In Progress,25.12
TKT004750,CUST01330,2026-05-04,Feature Request,Critical,Closed,64.7
TKT004751,CUST01136,2025-05-15,Technical,Low,Resolved,54.29
TKT004752,CUST01428,2025-01-10,Billing,Low,Open,67.03
TKT004753,CUST00579,2025-05-07,Storage,Medium,Open,21.18
TKT004754,CUST01431,2025-09-08,Storage,Medium,Resolved,69.86
TKT004755,CUST00031,2026-08-04,Storage,High,Closed,35.66
TKT004756,CUST01794,2025-07-31,Billing,Low,Closed,39.11
TKT004757,CUST00272,2026-03-10,Feature Request,High,Resolved,13.67
TKT004758,CUST01604,2025-07-27,Feature Request,Medium,Closed,8.72
TKT004759,CUST01113,2026-01-11,Billing,Critical,Resolved,27.3
TKT004760,CUST00975,2025-10-31,Account,High,In Progress,44.33
TKT004761,CUST00255,2026-03-19,Account,High,Resolved,52.25
TKT004762,CUST00389,2025-08-25,Feature Request,High,Resolved,47.99
TKT004763,CUST01836,2026-08-04,Account,Critical,In Progress,11.0
TKT004764,CUST00870,2025-08-23,Account,High,Open,3.07
TKT004765,CUST00617,2026-07-20,Technical,High,In Progress,50.36
TKT004766,CUST01128,2025-07-31,Technical,High,Resolved,17.63
TKT004767,CUST01968,2025-03-14,Billing,Low,Resolved,12.19
TKT004768,CUST01312,2025-09-02,Account,High,Resolved,71.38
TKT004769,CUST01268,2026-03-21,Billing,Medium,In Progress,57.43
TKT004770,CUST00326,2025-05-03,Account,Medium,Resolved,7.68
TKT004771,CUST00242,2025-01-15,Technical,High,Resolved,17.45
TKT004772,CUST01959,2026-06-01,Account,Low,Open,57.59
TKT004773,CUST01519,2026-04-02,Technical,Low,In Progress,10.09
TKT004774,CUST01949,2025-04-14,Storage,High,Open,58.72
TKT004775,CUST01342,2025-02-13,Storage,Medium,Closed,7.93
TKT004776,CUST01859,2025-11-03,Billing,Medium,Resolved,7.66
TKT004777,CUST00983,2026-08-01,Feature Request,Low,Resolved,32.75
TKT004778,CUST00112,2025-11-10,Account,High,Closed,33.64
TKT004779,CUST00064,2025-01-06,Storage,Low,Closed,61.99
TKT004780,CUST00117,2026-01-20,Technical,Low,In Progress,18.61
TKT004781,CUST00058,2025-01-20,Storage,High,Closed,39.89
TKT004782,CUST01890,2025-01-04,Billing,Low,Closed,2.5
TKT004783,CUST01313,2025-06-01,Feature Request,Medium,Resolved,1.93
TKT004784,CUST01770,2025-11-10,Storage,High,Closed,54.3
TKT004785,CUST00223,2026-04-12,Storage,Low,Resolved,45.07
TKT004786,CUST01188,2026-01-17,Billing,Critical,Resolved,31.64
TKT004787,CUST00505,2025-05-06,Account,High,Closed,37.47
TKT004788,CUST00865,2026-01-10,Feature Request,High,In Progress,35.23
TKT004789,CUST00145,2025-03-01,Account,Critical,Closed,53.61
TKT004790,CUST00874,2025-01-05,Feature Request,Medium,Closed,19.48
TKT004791,CUST00287,2026-06-23,Billing,Medium,In Progress,51.68
TKT004792,CUST01330,2025-03-17,Account,High,Resolved,49.75
TKT004793,CUST00901,2025-05-05,Account,Low,Closed,26.7
TKT004794,CUST01268,2026-03-20,Technical,Low,Resolved,61.94
TKT004795,CUST01368,2026-07-30,Storage,Medium,Closed,57.35
TKT004796,CUST01899,2025-02-05,Storage,High,Resolved,18.02
TKT004797,CUST00687,2025-03-27,Billing,Low,Closed,31.69
TKT004798,CUST01651,2026-07-05,Account,Medium,Open,38.46
TKT004799,CUST00126,2026-02-28,Billing,Medium,Closed,41.52
TKT004800,CUST00866,2025-01-05,Billing,High,Resolved,48.24
TKT004801,CUST01015,2025-12-13,Billing,Medium,Closed,49.59
TKT004802,CUST00024,2025-12-16,Feature Request,Medium,Open,52.18
TKT004803,CUST00663,2026-01-02,Feature Request,Low,In Progress,10.71
TKT004804,CUST00706,2025-09-07,Feature Request,Low,Closed,19.6
TKT004805,CUST01423,2025-10-15,Account,Medium,Resolved,2.68
TKT004806,CUST00679,2025-12-12,Account,Medium,Resolved,11.81
TKT004807,CUST01561,2025-03-21,Technical,Medium,Closed,64.8
TKT004808,CUST01069,2026-05-09,Billing,High,Resolved,10.86
TKT004809,CUST00821,2025-05-18,Account,Medium,Closed,57.54
TKT004810,CUST01655,2025-05-10,Storage,Low,Closed,54.53
TKT004811,CUST01295,2026-04-04,Account,Medium,Resolved,66.29
TKT004812,CUST01196,2026-08-22,Billing,Low,Closed,13.13
TKT004813,CUST01894,2026-05-09,Storage,High,Resolved,67.15
TKT004814,CUST00248,2025-08-27,Technical,High,Open,22.31
TKT004815,CUST01065,2026-02-24,Billing,Low,Open,39.64
TKT004816,CUST01774,2025-10-17,Account,Low,Closed,3.54
TKT004817,CUST01263,2025-04-29,Technical,Medium,Open,19.89
TKT004818,CUST01431,2025-07-11,Account,High,Closed,13.23
TKT004819,CUST01756,2026-07-30,Technical,Medium,Resolved,71.61
TKT004820,CUST01607,2026-05-16,Account,High,Resolved,1.74
TKT004821,CUST00356,2026-07-27,Feature Request,Medium,In Progress,26.05
TKT004822,CUST01911,2025-03-31,Billing,Low,Closed,23.25
TKT004823,CUST01121,2026-06-15,Feature Request,Low,Closed,58.53
TKT004824,CUST01659,2025-08-23,Storage,Low,Resolved,56.44
TKT004825,CUST01747,2026-02-09,Feature Request,Low,Closed,59.65
TKT004826,CUST00245,2026-01-09,Feature Request,High,Closed,70.38
TKT004827,CUST00014,2026-08-17,Technical,Low,Resolved,25.09
TKT004828,CUST01884,2025-11-11,Account,High,In Progress,12.1
TKT004829,CUST01101,2025-04-12,Technical,Low,Closed,68.48
TKT004830,CUST01695,2025-06-21,Feature Request,Low,In Progress,67.29
TKT004831,CUST00259,2025-10-18,Technical,Critical,Resolved,45.82
TKT004832,CUST01746,2025-04-11,Storage,Medium,Resolved,71.69
TKT004833,CUST01483,2025-06-23,Feature Request,High,Resolved,71.47
TKT004834,CUST00880,2025-08-22,Billing,Low,Resolved,41.06
TKT004835,CUST00015,2026-03-25,Billing,High,Resolved,7.11
TKT004836,CUST01781,2025-12-06,Feature Request,Low,Resolved,2.18
TKT004837,CUST01264,2025-12-03,Feature Request,Low,Resolved,19.08
TKT004838,CUST01868,2025-02-09,Account,Low,In Progress,37.58
TKT004839,CUST01759,2026-01-21,Account,High,In Progress,52.6
TKT004840,CUST00314,2025-12-31,Feature Request,Low,Closed,25.05
TKT004841,CUST01383,2025-03-07,Storage,High,Closed,24.13
TKT004842,CUST01084,2025-07-21,Feature Request,Medium,Closed,27.93
TKT004843,CUST01642,2025-12-02,Account,Medium,Open,26.63
TKT004844,CUST00858,2025-09-16,Account,High,Resolved,48.44
TKT004845,CUST00986,2025-12-08,Feature Request,Medium,Closed,12.26
TKT004846,CUST00532,2025-06-21,Feature Request,High,Closed,24.92
TKT004847,CUST00266,2025-02-03,Feature Request,High,Resolved,44.39
TKT004848,CUST01384,2026-03-13,Billing,Medium,Closed,51.85
TKT004849,CUST00880,2026-08-25,Feature Request,Medium,Resolved,4.6
TKT004850,CUST00352,2025-06-05,Account,Medium,Resolved,58.31
TKT004851,CUST01861,2026-01-01,Account,Low,Resolved,37.44
TKT004852,CUST00054,2025-12-13,Feature Request,Critical,In Progress,71.93
TKT004853,CUST00299,2026-02-24,Storage,High,Closed,56.26
TKT004854,CUST01871,2025-08-08,Technical,Low,Closed,6.11
TKT004855,CUST00974,2025-03-23,Billing,Low,Closed,48.8
TKT004856,CUST01463,2026-08-04,Account,Medium,Open,49.81
TKT004857,CUST01873,2025-07-29,Feature Request,High,Resolved,10.38
TKT004858,CUST01332,2026-04-04,Technical,High,Resolved,34.73
TKT004859,CUST00263,2025-04-13,Storage,Medium,Resolved,65.54
TKT004860,CUST01281,2026-03-10,Technical,Medium,Closed,36.72
TKT004861,CUST01237,2026-02-07,Feature Request,Low,Resolved,18.29
TKT004862,CUST01671,2025-07-22,Account,Medium,Resolved,64.47
TKT004863,CUST01100,2026-02-10,Technical,Low,Closed,43.71
TKT004864,CUST01544,2025-03-19,Technical,Medium,Open,30.97
TKT004865,CUST00960,2026-02-19,Storage,Low,Resolved,38.97
TKT004866,CUST01317,2026-08-17,Account,Low,Closed,66.63
TKT004867,CUST00618,2026-06-17,Billing,High,Resolved,15.95
TKT004868,CUST00173,2025-10-03,Technical,Low,Resolved,51.45
TKT004869,CUST01203,2025-11-19,Technical,High,Resolved,37.79
TKT004870,CUST00315,2026-06-07,Technical,Low,Open,58.31
TKT004871,CUST00131,2025-06-14,Billing,Low,Closed,69.86
TKT004872,CUST01857,2025-02-06,Storage,Low,Resolved,13.23
TKT004873,CUST00936,2026-04-29,Feature Request,Critical,Closed,48.85
TKT004874,CUST01028,2025-07-31,Feature Request,Medium,Closed,60.66
TKT004875,CUST01274,2026-05-12,Billing,Medium,Closed,3.33
TKT004876,CUST00088,2025-08-20,Feature Request,High,In Progress,4.33
TKT004877,CUST00300,2025-12-12,Storage,High,Resolved,12.5
TKT004878,CUST00255,2025-09-18,Account,Medium,Open,67.51
TKT004879,CUST01318,2026-04-04,Technical,Critical,Closed,39.6
TKT004880,CUST01902,2025-08-22,Billing,High,Resolved,66.26
TKT004881,CUST00601,2025-08-08,Technical,Medium,Resolved,3.17
TKT004882,CUST01312,2025-09-17,Feature Request,Medium,Resolved,41.78
TKT004883,CUST00300,2025-09-23,Account,High,Closed,39.85
TKT004884,CUST00005,2026-03-05,Technical,Low,Resolved,13.69
TKT004885,CUST01260,2026-06-13,Account,High,Resolved,34.19
TKT004886,CUST01773,2025-06-17,Account,Low,Resolved,54.27
TKT004887,CUST01424,2025-02-23,Account,Medium,Resolved,17.57
TKT004888,CUST01775,2025-03-18,Account,Medium,Closed,44.81
TKT004889,CUST00892,2025-12-06,Technical,Medium,In Progress,6.63
TKT004890,CUST00089,2026-07-23,Feature Request,Low,Closed,46.21
TKT004891,CUST01129,2026-05-18,Storage,Medium,In Progress,21.35
TKT004892,CUST00284,2025-12-12,Billing,Low,Open,54.01
TKT004893,CUST01396,2026-03-16,Storage,High,Closed,25.3
TKT004894,CUST01792,2025-01-14,Account,Medium,Resolved,66.94
TKT004895,CUST01298,2025-12-22,Storage,Medium,Closed,36.8
TKT004896,CUST01602,2025-09-04,Billing,High,Resolved,28.57
TKT004897,CUST01088,2026-01-06,Feature Request,Low,Resolved,50.69
TKT004898,CUST00273,2025-02-24,Billing,Low,Closed,6.1
TKT004899,CUST01426,2025-09-12,Billing,Medium,Closed,55.5
TKT004900,CUST01763,2025-02-04,Account,High,In Progress,71.62
TKT004901,CUST00566,2026-07-02,Account,Low,In Progress,34.64
TKT004902,CUST01444,2026-06-03,Storage,Medium,Resolved,7.56
TKT004903,CUST00278,2025-06-12,Feature Request,Low,Closed,59.11
TKT004904,CUST00898,2025-10-24,Billing,Medium,Closed,23.43
TKT004905,CUST01899,2025-11-16,Account,High,Resolved,26.44
TKT004906,CUST00951,2025-10-08,Feature Request,Medium,Closed,41.84
TKT004907,CUST00315,2026-08-03,Billing,Medium,Closed,70.76
TKT004908,CUST00301,2026-03-11,Billing,Low,Resolved,31.86
TKT004909,CUST01088,2025-09-01,Feature Request,Low,Resolved,34.39
TKT004910,CUST01190,2025-04-06,Storage,High,In Progress,9.15
TKT004911,CUST00032,2025-10-07,Storage,Medium,Resolved,40.32
TKT004912,CUST00783,2026-01-07,Storage,Low,Closed,52.28
TKT004913,CUST00786,2025-05-14,Feature Request,Low,Closed,43.7
TKT004914,CUST00639,2026-03-25,Technical,Critical,Open,14.96
TKT004915,CUST00208,2026-03-24,Storage,Medium,Resolved,43.62
TKT004916,CUST01188,2025-12-04,Technical,Medium,Resolved,7.82
TKT004917,CUST00008,2026-07-03,Storage,Low,Closed,4.22
TKT004918,CUST00124,2025-04-03,Storage,High,Resolved,12.37
TKT004919,CUST01939,2025-06-24,Account,Medium,Resolved,56.06
TKT004920,CUST01294,2025-05-23,Technical,Low,Closed,67.06
TKT004921,CUST01586,2025-06-11,Storage,Medium,Resolved,11.72
TKT004922,CUST01881,2025-01-19,Storage,Medium,Resolved,50.63
TKT004923,CUST01320,2026-07-19,Storage,Low,Closed,53.73
TKT004924,CUST01026,2025-02-22,Technical,Medium,Resolved,54.91
TKT004925,CUST01239,2025-03-25,Billing,Low,Closed,39.13
TKT004926,CUST00049,2025-01-06,Billing,Low,Closed,58.88
TKT004927,CUST01552,2026-08-21,Feature Request,Low,Resolved,49.51
TKT004928,CUST01300,2026-03-21,Technical,Medium,Resolved,44.3
TKT004929,CUST00672,2025-01-01,Storage,Medium,Resolved,34.77
TKT004930,CUST01172,2025-12-20,Technical,Low,Resolved,6.24
TKT004931,CUST01059,2025-12-20,Storage,Critical,In Progress,40.0
TKT004932,CUST01676,2025-02-14,Storage,Low,In Progress,41.04
TKT004933,CUST00865,2025-11-06,Feature Request,High,Resolved,20.31
TKT004934,CUST00779,2026-02-05,Feature Request,Medium,Closed,68.46
TKT004935,CUST01944,2025-08-21,Storage,Low,Resolved,55.16
TKT004936,CUST01137,2025-03-14,Feature Request,Low,Resolved,13.27
TKT004937,CUST00438,2026-07-23,Storage,High,Resolved,68.79
TKT004938,CUST01975,2025-01-21,Billing,Low,Closed,67.61
TKT004939,CUST00085,2025-05-21,Account,High,Closed,24.44
TKT004940,CUST00548,2025-08-24,Account,Low,Closed,60.08
TKT004941,CUST01334,2026-04-12,Account,Medium,Resolved,6.72
TKT004942,CUST00649,2025-07-07,Feature Request,Medium,Resolved,39.01
TKT004943,CUST00520,2025-06-22,Storage,Low,Closed,21.44
TKT004944,CUST01332,2025-10-01,Feature Request,Low,Closed,6.94
TKT004945,CUST01140,2026-02-28,Billing,High,Resolved,29.0
TKT004946,CUST00608,2025-09-18,Billing,Low,Closed,54.34
TKT004947,CUST00156,2025-11-30,Billing,Medium,In Progress,70.47
TKT004948,CUST00760,2025-03-29,Feature Request,Medium,Open,10.1
TKT004949,CUST01938,2026-08-17,Feature Request,Low,Closed,65.0
TKT004950,CUST01149,2026-06-30,Billing,High,In Progress,30.1
TKT004951,CUST00840,2025-06-21,Technical,Medium,Closed,43.52
TKT004952,CUST00207,2025-11-09,Storage,Low,Resolved,13.8
TKT004953,CUST00368,2025-11-15,Account,Medium,Closed,10.18
TKT004954,CUST01188,2026-01-25,Billing,Medium,Resolved,54.95
TKT004955,CUST01721,2026-07-07,Account,Medium,Open,62.16
TKT004956,CUST01284,2026-06-14,Account,Medium,Resolved,40.52
TKT004957,CUST00965,2026-01-08,Account,Low,Closed,32.42
TKT004958,CUST01279,2025-12-17,Account,High,Resolved,34.76
TKT004959,CUST00936,2026-04-12,Feature Request,Low,Resolved,12.91
TKT004960,CUST00073,2026-05-10,Technical,Medium,Resolved,61.12
TKT004961,CUST01598,2025-06-28,Feature Request,High,Resolved,65.09
TKT004962,CUST01681,2025-03-07,Account,Medium,Resolved,28.49
TKT004963,CUST00986,2026-01-19,Account,High,Resolved,10.17
TKT004964,CUST00230,2026-04-28,Account,Medium,Closed,40.75
TKT004965,CUST01535,2025-04-16,Account,High,Open,53.67
TKT004966,CUST00912,2026-07-22,Storage,Medium,In Progress,41.48
TKT004967,CUST00833,2026-01-05,Storage,Low,Closed,47.49
TKT004968,CUST00772,2025-04-30,Storage,Low,Closed,40.72
TKT004969,CUST00767,2025-01-16,Feature Request,Medium,In Progress,59.94
TKT004970,CUST00642,2025-05-26,Account,Low,Closed,56.22
TKT004971,CUST00579,2026-07-25,Billing,Medium,Closed,62.26
TKT004972,CUST01130,2025-07-26,Account,High,Closed,4.02
TKT004973,CUST00938,2025-04-13,Technical,Low,Resolved,21.43
TKT004974,CUST00883,2025-09-20,Storage,Medium,Closed,11.38
TKT004975,CUST00153,2025-11-28,Feature Request,Medium,Open,50.97
TKT004976,CUST00496,2026-06-03,Technical,Medium,Resolved,9.39
TKT004977,CUST00369,2026-04-13,Technical,Medium,Resolved,31.6
TKT004978,CUST01833,2025-08-22,Billing,Medium,Resolved,64.87
TKT004979,CUST01938,2025-11-10,Technical,Low,Resolved,24.71
TKT004980,CUST01907,2025-07-17,Technical,Low,In Progress,8.89
TKT004981,CUST01730,2026-08-18,Feature Request,High,Open,30.26
TKT004982,CUST01659,2025-06-08,Technical,Low,Resolved,47.25
TKT004983,CUST00820,2026-08-02,Technical,Low,Resolved,51.09
TKT004984,CUST01174,2026-04-30,Account,Low,Resolved,67.91
TKT004985,CUST01300,2025-06-20,Account,Low,Resolved,39.54
TKT004986,CUST01965,2026-03-04,Account,Low,In Progress,71.9
TKT004987,CUST01161,2026-06-01,Billing,Medium,Resolved,43.51
TKT004988,CUST00114,2026-01-16,Billing,Critical,In Progress,44.53
TKT004989,CUST01244,2026-05-21,Storage,Low,Closed,71.01
TKT004990,CUST01199,2026-05-09,Account,Medium,Resolved,10.4
TKT004991,CUST00467,2026-04-23,Account,Medium,Open,30.49
TKT004992,CUST01098,2026-01-13,Account,High,Closed,2.03
TKT004993,CUST01025,2026-03-30,Technical,Medium,Resolved,43.41
TKT004994,CUST00859,2025-07-24,Billing,Critical,Closed,48.67
TKT004995,CUST01948,2026-08-21,Account,Low,Closed,65.38
TKT004996,CUST00558,2025-05-06,Account,High,Resolved,27.45
TKT004997,CUST00855,2025-02-09,Feature Request,Low,Resolved,36.61
TKT004998,CUST01965,2025-12-21,Storage,Medium,In Progress,47.52
TKT004999,CUST00282,2026-08-06,Technical,High,In Progress,36.47
TKT005000,CUST01796,2026-07-30,Technical,Medium,Closed,53.47
